address	m	x	db	dp	architecture	length	boundary_consistent
0080F8	1	1	06	0000	0	2	1
0080FA	1	0	06	0000	0	3	1
0080FD	1	0	06	0000	0	1	1
0080FE	1	0	06	0000	0	2	1
008100	1	1	06	0000	0	3	1
008103	1	1	06	0000	0	2	1
008105	1	1	06	0000	0	3	1
008108	1	1	06	0000	0	2	1
00810A	1	1	06	0000	0	2	1
00810C	1	1	06	0000	0	2	1
00810E	1	1	06	0000	0	2	1
008110	1	1	06	0000	0	2	1
008112	1	1	06	0000	0	2	1
008114	1	1	06	0000	0	2	1
008116	1	1	06	0000	0	2	1
008118	1	1	06	0000	0	1	1
008119	1	1	06	0000	0	1	1
00811A	1	1	06	0000	0	2	1
00811C	1	1	06	0000	0	1	1
00811D	1	1	06	0000	0	2	1
00811F	1	1	06	0000	0	2	1
008121	1	1	06	0000	0	2	1
008123	1	1	06	0000	0	2	1
008125	1	1	06	0000	0	3	1
008128	1	1	06	0000	0	3	1
00812B	1	1	06	0000	0	3	1
00812E	1	1	06	0000	0	2	1
008130	1	1	06	0000	0	2	1
008132	1	1	06	0000	0	2	1
008134	1	1	06	0000	0	2	1
008136	1	1	06	0000	0	3	1
008139	1	1	06	0000	0	2	1
00813B	1	1	06	0000	0	2	1
00813D	1	1	06	0000	0	2	1
00813F	1	1	06	0000	0	2	1
008141	1	1	06	0000	0	1	1
008142	1	1	06	0000	0	2	1
008144	1	1	06	0000	0	1	1
008145	1	1	06	0000	0	3	1
008148	1	1	06	0000	0	2	1
00814A	1	1	06	0000	0	2	1
00814C	1	1	06	0000	0	2	1
00814E	1	1	06	0000	0	2	1
008150	0	0	06	0000	0	2	1
008152	0	0	06	0000	0	1	1
008153	0	0	06	0000	0	1	1
008154	1	1	06	0000	0	1	1
008155	1	1	06	0000	0	1	1
008156	1	1	06	0000	0	1	1
008157	1	1	06	0000	0	2	1
008159	1	1	06	0000	0	2	1
00815B	1	1	06	0000	0	2	1
00815D	1	1	06	0000	0	2	1
00815F	1	1	06	0000	0	1	1
008160	1	1	06	0000	0	1	1
008161	1	1	06	0000	0	1	1
008162	1	1	06	0000	0	2	1
008164	0	1	06	0000	0	2	1
008166	0	1	06	0000	0	3	1
008169	0	1	06	0000	0	2	1
00816B	1	1	06	0000	0	1	1
00816C	1	1	06	0000	0	1	1
00816D	1	1	06	0000	0	1	1
00816E	1	1	06	0000	0	2	1
008170	1	1	06	0000	0	1	1
008171	1	1	06	0000	0	2	1
008173	1	1	06	0000	0	2	1
008175	0	1	06	0000	0	2	1
008177	0	1	06	0000	0	2	1
008179	0	1	06	0000	0	1	1
00817A	0	1	06	0000	0	2	1
00817C	0	1	06	0000	0	2	1
00817E	1	1	06	0000	0	2	1
008184	1	0	06	0000	0	2	1
008186	1	0	06	0000	0	3	1
008189	1	0	06	0000	0	2	1
00818B	1	0	06	0000	0	1	1
00818C	1	0	06	0000	0	1	1
00818D	1	0	06	0000	0	1	1
00818E	1	0	06	0000	0	1	1
00818F	1	0	06	0000	0	2	1
008191	0	0	06	0000	0	2	1
008193	0	1	06	0000	0	2	1
008195	0	1	06	0000	0	3	1
008198	0	1	06	0000	0	2	1
00819A	0	1	06	0000	0	1	1
00819B	0	1	06	0000	0	2	1
00819D	0	1	06	0000	0	3	1
0081A0	0	1	06	0000	0	1	1
0081A1	0	1	06	0000	0	2	1
0081A3	0	1	06	0000	0	2	1
0081A5	0	1	06	0000	0	3	1
0081A8	0	1	06	0000	0	2	1
0081AA	0	1	06	0000	0	1	1
0081AB	0	1	06	0000	0	1	1
0081AC	1	1	06	0D18	0	1	1
0081AD	1	1	06	0D18	0	3	1
0081B0	1	1	06	0D18	0	1	1
0081B1	1	1	06	0000	0	3	1
0081B4	1	1	06	0000	0	1	1
0081B5	1	1	06	0D18	0	1	1
0081BD	1	1	06	0000	0	1	1
0081BE	1	1	06	0000	0	2	1
0081C0	0	0	06	0000	0	3	1
0081C3	0	0	06	0000	0	1	1
0081C4	0	0	06	0000	0	2	1
0081C6	0	0	06	0000	0	2	1
0081C8	0	0	06	0000	0	1	1
0081C9	0	0	06	0000	0	1	1
0081CA	0	0	06	0000	0	1	1
0081CB	0	0	06	0000	0	3	1
0081CE	0	0	06	0000	0	1	1
0081CF	0	0	06	0000	0	1	1
0081D0	0	0	06	0000	0	3	1
0081D3	0	0	06	0000	0	2	1
0081D5	0	0	06	0000	0	1	1
0081D6	1	1	06	0000	0	1	1
008246	1	1	06	0000	0	4	1
00824A	1	1	06	0000	0	2	1
00824C	1	1	06	0000	0	3	1
00824F	1	1	06	0000	0	2	1
008251	1	1	06	0000	0	4	1
008255	1	1	06	0000	0	2	1
008257	1	1	06	0000	0	4	1
00825B	1	1	06	0000	0	2	1
00825D	1	1	06	0000	0	3	1
008260	1	1	06	0000	0	2	1
008262	1	1	06	0000	0	2	1
008264	1	1	06	0000	0	3	1
008267	1	1	06	0000	0	2	1
008269	1	1	06	0000	0	4	1
00826D	1	1	06	0000	0	4	1
008271	1	1	06	0000	0	3	1
008274	1	1	06	0000	0	3	1
008277	1	1	06	0000	0	2	1
008279	1	1	06	0000	0	3	1
00827C	1	1	06	0000	0	2	1
00827E	1	1	06	0000	0	3	1
008281	1	1	06	0000	0	2	1
008283	1	1	06	0000	0	3	1
008286	1	1	06	0000	0	3	1
008289	1	1	06	0000	0	2	1
00828B	1	1	06	0000	0	3	1
00828E	1	1	06	0000	0	2	1
008290	1	1	06	0000	0	2	1
008292	1	1	06	0000	0	4	1
008296	1	1	06	0000	0	4	1
00829A	1	1	06	0000	0	4	1
00829E	1	1	06	0000	0	2	1
0082A0	1	1	06	0000	0	1	1
0082A1	1	1	06	0000	0	1	1
0082A2	1	1	06	0000	0	2	1
0082A4	1	1	06	0000	0	1	1
0082A5	1	1	06	0000	0	2	1
0082A7	1	1	06	0000	0	2	1
0082A9	1	1	06	0000	0	4	1
0082AD	1	1	06	0000	0	4	1
0082B1	1	1	06	0000	0	1	1
0082B2	1	1	06	0000	0	2	1
0082B4	1	1	06	0000	0	2	1
0082B6	1	1	06	0000	0	3	1
0082B9	1	1	06	0000	0	4	1
0082BD	1	1	06	0000	0	3	1
0082C0	1	1	06	0000	0	3	1
0082C3	1	1	06	0000	0	2	1
0082C5	1	1	06	0000	0	3	1
0082C8	1	1	06	0000	0	2	1
0082CA	1	1	06	0000	0	3	1
0082CD	1	1	06	0000	0	2	1
0082CF	1	1	06	0000	0	3	1
0082D2	1	1	06	0000	0	2	1
0082D4	1	1	06	0000	0	2	1
0082D6	1	1	06	0000	0	2	1
0082D8	1	1	06	0000	0	2	1
0082DA	1	1	06	0000	0	2	1
0082DC	1	1	06	0000	0	1	1
0082DD	1	1	06	0000	0	2	1
0082DF	1	1	06	0000	0	1	1
0082E0	1	1	06	0000	0	2	1
0082E2	1	1	06	0000	0	2	1
0082E4	1	1	06	0000	0	2	1
0082E6	1	1	06	0000	0	2	1
0082E8	1	1	06	0000	0	2	1
0082EA	1	1	06	0000	0	3	1
0082ED	1	1	06	0000	0	3	1
0082F0	1	1	06	0000	0	2	1
0082F2	1	1	06	0000	0	2	1
00832B	1	1	06	0000	0	2	1
00832D	1	1	06	0000	0	2	1
00832F	1	1	06	0000	0	2	1
008331	1	1	06	0000	0	2	1
008333	1	1	06	0000	0	1	1
008334	1	1	06	0000	0	1	1
008335	1	1	06	0000	0	1	1
008336	1	1	06	0000	0	2	1
008338	1	1	06	0000	0	2	1
00833A	1	1	06	0000	0	1	1
00833B	1	1	06	0000	0	2	1
00833D	1	1	06	0000	0	2	1
00833F	1	1	06	0000	0	2	1
008341	1	1	06	0000	0	2	1
008343	1	1	06	0000	0	3	1
008346	1	1	06	0000	0	2	1
008348	1	1	06	0000	0	2	1
00834A	1	1	06	0000	0	2	1
00834C	1	1	06	0000	0	3	1
00834F	1	1	06	0000	0	2	1
008351	1	1	06	0000	0	2	1
008353	1	1	06	0000	0	2	1
008355	1	1	06	0000	0	2	1
008357	1	1	06	0000	0	2	1
008359	1	1	06	0000	0	3	1
00835C	1	1	06	0000	0	3	1
008363	1	1	06	0000	0	3	1
008366	1	1	06	0000	0	2	1
008368	1	1	06	0000	0	3	1
00836B	1	1	06	0000	0	3	1
00836E	1	1	06	0000	0	2	1
008370	1	1	06	0000	0	2	1
008372	1	1	06	0000	0	3	1
008375	1	1	06	0000	0	3	1
008378	1	1	06	0000	0	2	1
00837A	1	1	06	0000	0	1	1
00837B	1	1	06	0000	0	2	1
00837D	1	1	06	0000	0	2	1
00837F	0	0	06	0000	0	3	1
008382	0	0	06	0000	0	2	1
008384	0	0	06	0000	0	1	1
008385	0	0	06	0000	0	2	1
008387	0	0	06	0000	0	1	1
008388	0	0	06	0000	0	4	1
00838C	0	0	06	0000	0	3	1
00838F	0	0	06	0000	0	1	1
008390	0	0	06	0000	0	3	1
008393	0	0	06	0000	0	2	1
008395	0	0	06	0000	0	2	1
008397	1	0	06	0000	0	4	1
00839B	1	0	06	0000	0	1	1
00839C	1	0	06	0000	0	2	1
00839E	1	0	06	0000	0	2	1
0083A0	1	0	06	0000	0	1	1
0083A1	1	0	06	0000	0	2	1
0083A3	1	0	06	0000	0	3	1
0083A6	1	0	06	0000	0	3	1
0083A9	1	0	06	0000	0	1	1
0083AA	1	0	06	0000	0	2	1
0083AC	1	0	06	0000	0	3	1
0083AF	1	0	06	0000	0	3	1
0083B2	1	0	06	0000	0	4	1
0083B6	1	0	06	0000	0	3	1
0083B9	1	0	06	0000	0	2	1
0083BB	1	0	06	0000	0	2	1
0083BD	1	0	06	0000	0	3	1
0083C0	1	0	06	0000	0	2	1
0083C2	0	0	06	0000	0	3	1
0083C5	0	0	06	0000	0	3	1
0083C8	0	0	06	0000	0	2	1
0083CA	1	0	06	0000	0	2	1
0083CC	1	0	06	0000	0	2	1
0083CE	1	0	06	0000	0	2	1
0083D0	1	0	06	0000	0	2	1
0083D2	1	0	06	0000	0	1	1
0083D3	1	0	06	0000	0	2	1
0083DA	1	0	06	0000	0	1	1
0083DB	1	0	06	0000	0	2	1
0083DD	1	0	06	0000	0	2	1
0083DF	1	0	06	0000	0	1	1
0083E0	1	0	06	0000	0	2	1
0083E2	1	0	06	0000	0	1	1
0083E3	1	0	06	0000	0	2	1
0083E5	1	0	06	0000	0	3	1
0083E8	1	0	06	0000	0	2	1
0083EA	1	0	06	0000	0	1	1
0083EB	1	0	06	0000	0	3	1
0083EE	1	0	06	0000	0	2	1
0083F0	1	0	06	0000	0	1	1
0083F1	1	0	06	0000	0	2	1
0083F3	0	0	06	0000	0	3	1
0083F6	0	0	06	0000	0	2	1
0083F8	1	0	06	0000	0	1	1
0083F9	1	0	06	0000	0	2	1
0083FB	1	0	06	0000	0	3	1
0083FE	1	0	06	0000	0	2	1
008400	1	0	06	0000	0	2	1
008402	1	0	06	0000	0	2	1
008404	1	0	06	0000	0	1	1
008405	1	0	06	0000	0	2	1
008407	1	0	06	0000	0	1	1
008408	1	0	06	0000	0	1	1
008409	1	0	06	0000	0	2	1
008410	1	0	06	0000	0	2	1
008412	1	0	06	0000	0	1	1
008413	1	0	06	0000	0	1	1
008414	1	0	06	0000	0	1	1
008415	1	0	06	0000	0	2	1
00841C	1	0	06	0000	0	2	1
00841E	1	0	06	0000	0	1	1
00841F	1	0	06	0000	0	1	1
008420	1	0	06	0000	0	2	1
008427	1	0	06	0000	0	2	1
008429	1	0	06	0000	0	3	1
00842C	1	0	06	0000	0	1	1
00842D	1	0	06	0000	0	2	1
008434	1	0	06	0000	0	1	1
008435	1	0	06	0000	0	3	1
008438	1	0	06	0000	0	3	1
00843B	1	0	06	0000	0	2	1
00843D	1	0	06	0000	0	1	1
00843E	1	0	06	0000	0	3	1
008441	1	0	06	0000	0	2	1
008443	1	0	06	0000	0	1	1
008444	1	0	06	0000	0	3	1
008447	1	0	06	0000	0	3	1
00844A	1	0	06	0000	0	2	1
00844C	1	0	06	0000	0	2	1
00844E	1	0	06	0000	0	2	1
008450	1	1	06	0000	0	2	1
008452	1	1	06	0000	0	4	1
008456	1	1	06	0000	0	1	1
008457	1	1	06	1E58	0	1	1
008458	1	1	06	1E58	0	2	1
00845A	0	1	06	1E58	0	1	1
00845B	0	1	06	1E58	0	3	1
00845E	0	1	06	1E58	0	1	1
00845F	0	1	06	0000	0	3	1
008462	1	1	06	0000	0	1	1
008463	1	1	06	1E58	0	1	1
008464	1	1	06	1E58	0	1	1
008465	0	1	06	0000	0	2	1
008467	1	1	06	0000	0	1	1
008468	1	1	06	0000	0	3	1
00846B	1	1	06	0000	0	1	1
00846C	1	1	06	0000	0	3	1
00846F	1	1	06	0000	0	2	1
008471	1	1	06	0000	0	1	1
008472	1	1	06	0000	0	3	1
008475	1	1	06	0000	0	1	1
008476	1	1	06	0000	0	4	1
00847A	1	1	06	0000	0	2	1
00847C	1	1	06	0000	0	3	1
00848B	1	1	06	0000	0	3	1
00848E	1	1	06	0000	0	2	1
008490	1	1	06	0000	0	2	1
008492	1	1	06	0000	0	1	1
008493	1	1	06	0000	0	2	1
008495	1	1	06	0000	0	3	1
008498	1	1	06	0000	0	1	1
008499	1	1	06	0000	0	1	1
00849A	1	1	06	0000	0	2	1
00849C	1	1	06	0000	0	1	1
00849D	1	1	06	0D18	0	1	1
00849E	1	1	06	0D18	0	3	1
0084A1	1	1	06	0D18	0	1	1
0084A2	1	1	06	0000	0	2	1
0084A4	1	1	06	0000	0	3	1
0084A7	1	1	06	0000	0	1	1
0084A8	1	1	06	0D18	0	1	1
0084E9	1	1	06	0000	0	2	1
0084EB	1	1	06	0000	0	2	1
0084ED	1	1	06	0000	0	2	1
0084EF	1	1	06	1E58	0	2	1
0084F1	1	1	06	1E58	0	2	1
0084F3	1	1	06	1E58	0	2	1
0084F5	1	1	06	0000	0	2	1
0084F7	1	1	06	0000	0	2	1
0084F9	1	1	06	0000	0	2	1
0084FB	1	1	06	0D18	0	1	1
0084FC	1	1	06	0D18	0	1	1
0084FD	1	1	06	0D18	0	1	1
0084FE	1	1	06	0D18	0	2	1
008500	1	1	06	0D18	0	3	1
008503	1	1	06	0D18	0	1	1
008504	1	1	06	0D18	0	1	1
008505	1	1	06	0D18	0	1	1
008506	1	1	06	0D18	0	1	1
008507	1	1	06	0000	0	2	1
008509	1	1	06	0000	0	2	1
00850B	1	1	06	0000	0	3	1
00850E	1	1	06	0000	0	3	1
008511	1	1	06	0000	0	1	1
008512	1	1	06	0000	0	3	1
008515	1	1	06	0000	0	1	1
008516	1	1	06	0000	0	1	1
008517	1	1	06	0000	0	1	1
008518	1	1	06	0000	0	2	1
00851A	1	1	06	0000	0	3	1
00851D	1	1	06	0000	0	1	1
00851E	1	1	06	0D18	0	1	1
00851F	1	1	06	0D18	0	1	1
008520	1	1	06	0D18	0	1	1
008521	1	1	06	0D18	0	2	1
008523	0	1	06	0D18	0	2	1
008525	0	1	06	0D18	0	1	1
008526	0	1	06	0D18	0	2	1
008528	0	1	06	0D18	0	1	1
008529	0	1	06	0D18	0	3	1
00852C	0	1	06	0D18	0	2	1
00852E	0	1	06	0D18	0	1	1
00852F	0	1	06	0D18	0	3	1
008532	0	1	06	0D18	0	3	1
008535	0	1	06	0D18	0	2	1
008537	0	1	06	1668	0	3	1
00853A	0	1	06	1668	0	2	1
00853C	0	1	06	0D18	0	1	1
00853D	0	1	06	0D18	0	3	1
008540	0	1	06	0D18	0	2	1
008542	0	1	06	1698	0	3	1
008545	0	1	06	0D18	0	1	1
008546	0	1	06	0D18	0	1	1
008547	0	1	06	0D18	0	2	1
008549	1	1	06	09D8	0	1	1
00854A	1	1	06	09D8	0	1	1
00854B	1	1	06	09D8	0	1	1
00854C	1	1	06	09D8	0	2	1
00854E	1	1	06	09D8	0	2	1
008550	1	1	06	09D8	0	2	1
008552	1	1	06	09D8	0	3	1
008555	1	1	06	09D8	0	3	1
008558	1	1	06	09D8	0	1	1
008559	1	1	06	09D8	0	3	1
00855C	1	1	06	09D8	0	1	1
00855D	1	1	06	09D8	0	1	1
00855E	1	1	06	09D8	0	1	1
00855F	1	1	06	09D8	0	2	1
008561	1	1	06	09D8	0	3	1
008564	1	1	06	09D8	0	1	1
008565	1	1	06	09D8	0	1	1
008566	1	1	06	09D8	0	1	1
008567	1	1	06	09D8	0	1	1
008568	1	1	06	0000	0	2	1
00856A	0	1	06	0000	0	2	1
00856C	0	1	06	0000	0	2	1
00856E	0	1	06	0000	0	2	1
008570	0	1	06	0000	0	2	1
008572	0	1	06	0000	0	2	1
008574	0	1	06	0000	0	2	1
008576	0	1	06	0000	0	2	1
008578	1	1	06	0000	0	2	1
00857A	1	1	06	0000	0	3	1
00857D	1	1	06	0000	0	2	1
00857F	1	1	06	0000	0	3	1
008582	1	1	06	0000	0	2	1
008584	1	1	06	0000	0	3	1
008587	1	1	06	0000	0	2	1
008589	1	1	06	0000	0	3	1
00858C	1	1	06	0000	0	3	1
00858F	1	1	06	0000	0	2	1
008591	1	1	06	0000	0	3	1
008594	1	1	06	0000	0	2	1
008596	1	1	06	0000	0	3	1
008599	1	1	06	0000	0	3	1
00859C	1	1	06	0000	0	1	1
00859D	1	1	06	0000	0	2	1
00859F	1	1	06	0000	0	3	1
0085A2	1	1	06	0000	0	3	1
0085A5	1	1	06	0000	0	2	1
0085A7	0	1	06	0000	0	2	1
0085A9	0	1	06	0000	0	2	1
0085AB	0	1	06	0000	0	2	1
0085AD	0	1	06	0000	0	2	1
0085AF	0	1	06	0000	0	2	1
0085B1	0	1	06	0000	0	2	1
0085B3	0	1	06	0000	0	2	1
0085B5	1	1	06	0000	0	3	1
0085B8	1	1	06	0000	0	3	1
0085BB	1	1	06	0000	0	3	1
0085BE	1	1	06	0000	0	3	1
0085C1	1	1	06	0000	0	2	1
0085C3	1	1	06	0000	0	3	1
0085C6	1	1	06	0000	0	3	1
0085C9	1	1	06	0000	0	3	1
0085CC	1	1	06	0000	0	3	1
0085CF	1	1	06	0000	0	3	1
0085D2	1	1	06	0000	0	3	1
0085D5	1	1	06	0000	0	2	1
0085D7	1	1	06	0000	0	3	1
0085DA	1	1	06	0000	0	3	1
0085DD	1	1	06	0000	0	3	1
0085E0	1	1	06	0000	0	3	1
0085E3	1	1	06	0000	0	2	1
0085E5	1	1	06	0000	0	3	1
0085E8	1	1	06	0000	0	3	1
0085EB	1	1	06	0000	0	3	1
0085EE	1	1	06	0000	0	3	1
0085F1	1	1	06	0000	0	2	1
0085F3	1	1	06	0000	0	3	1
0085F6	1	1	06	0000	0	1	1
0085F7	1	1	06	0000	0	2	1
0085F9	1	1	06	0000	0	2	1
0085FB	1	1	06	0000	0	2	1
0085FD	1	1	06	0000	0	2	1
0085FF	1	1	06	0000	0	2	1
008601	1	1	06	0000	0	2	1
008603	1	1	06	0000	0	2	1
008605	1	1	06	0000	0	1	1
008606	1	1	06	0000	0	2	1
008608	1	1	06	0000	0	2	1
00860A	1	1	06	0000	0	2	1
00860C	1	1	06	0000	0	2	1
00860E	1	1	06	0000	0	2	1
008610	1	1	06	0000	0	2	1
008612	1	1	06	0000	0	1	1
008613	1	1	06	0000	0	3	1
008616	1	1	06	0000	0	2	1
008618	1	1	06	0000	0	1	1
008619	1	1	06	0000	0	2	1
00861B	1	1	06	0000	0	2	1
00861D	1	1	06	0000	0	2	1
00861F	1	1	06	0000	0	2	1
008621	1	1	06	0000	0	2	1
008623	1	1	06	0000	0	2	1
008625	1	1	06	0000	0	2	1
008627	1	1	06	0000	0	2	1
008629	1	1	06	0000	0	2	1
00862B	1	1	06	0000	0	1	1
00862C	1	1	06	0000	0	2	1
00862E	1	1	06	0000	0	2	1
008632	1	1	06	0000	0	2	1
008634	1	1	06	0000	0	1	1
008635	1	1	06	0000	0	3	1
008638	1	1	06	0000	0	2	1
00863A	1	1	06	0000	0	2	1
00863C	1	1	06	0000	0	2	1
00863E	1	1	06	0000	0	3	1
008641	1	1	06	0000	0	2	1
008643	1	1	06	0000	0	2	1
008645	1	1	06	0000	0	2	1
008647	1	1	06	0000	0	1	1
008648	1	1	06	0000	0	2	1
00864A	1	1	06	0000	0	3	1
00864D	1	1	06	0000	0	3	1
008650	1	1	06	0000	0	3	1
008653	1	1	06	0000	0	2	1
008655	1	1	06	0000	0	2	1
008657	1	1	06	0000	0	2	1
008659	1	1	06	0000	0	1	1
00865A	1	1	06	0000	0	2	1
00865C	1	1	06	0000	0	3	1
00865F	1	1	06	0000	0	3	1
008662	1	1	06	0000	0	3	1
008665	1	1	06	0000	0	3	1
008668	1	1	06	0000	0	1	1
008669	1	1	06	0000	0	2	1
00866B	1	1	06	0000	0	2	1
00866D	1	1	06	0000	0	2	1
00866F	1	1	06	0000	0	1	1
008670	1	1	06	0000	0	1	1
008671	1	1	06	0000	0	3	1
008674	1	1	06	0000	0	2	1
008676	1	1	06	0000	0	3	1
008679	1	1	06	0000	0	2	1
00867B	1	1	06	0000	0	2	1
00867D	1	1	06	0000	0	2	1
00867F	1	1	06	0000	0	2	1
008681	1	1	06	0000	0	2	1
008683	1	1	06	0000	0	2	1
008685	1	1	06	0000	0	1	1
008686	1	1	06	0000	0	3	1
008689	1	1	06	0000	0	1	1
00868A	1	1	06	0000	0	2	1
00868C	1	1	06	0000	0	2	1
00868E	1	1	06	0000	0	1	1
00868F	1	1	06	0000	0	2	1
008691	1	1	06	0000	0	3	1
008694	1	1	06	0000	0	1	1
008695	1	1	06	0000	0	2	1
008697	1	1	06	0000	0	3	1
00869A	1	1	06	0000	0	1	1
00869B	1	1	06	0000	0	1	1
00869C	1	1	06	0000	0	2	1
00869E	1	1	06	0000	0	3	1
0086A1	1	1	06	0000	0	1	1
0086A2	1	1	06	0000	0	1	1
0086A3	1	1	06	0000	0	1	1
0086A4	1	1	06	0000	0	2	1
0086A6	1	1	06	0000	0	2	1
0086A8	1	1	06	0000	0	2	1
0086AA	1	1	06	0000	0	3	1
0086AD	1	1	06	0000	0	1	1
0086AE	1	1	06	0000	0	1	1
0086AF	1	1	06	0000	0	2	1
0086B1	1	1	06	0000	0	3	1
0086B4	1	1	06	0000	0	1	1
0086B5	1	1	06	0000	0	2	1
0086B7	1	1	06	0000	0	2	1
0086B9	1	1	06	0000	0	2	1
0086CA	1	1	06	0000	0	2	1
0086CC	1	1	06	0000	0	1	1
0086CD	1	1	06	0000	0	3	1
0086D0	1	1	06	0000	0	2	1
0086D2	1	1	06	0000	0	2	1
0086D4	1	1	06	0000	0	3	1
0086DB	1	1	06	0000	0	2	1
0086DD	1	1	06	0000	0	2	1
0086DF	1	1	06	0000	0	3	1
0086E2	1	1	06	0000	0	3	1
0086E5	1	1	06	0000	0	1	1
0086E6	1	1	06	0000	0	1	1
0086E7	1	1	06	0000	0	1	1
0086E8	1	1	06	0000	0	1	1
0086E9	1	1	06	0000	0	2	1
0086EB	1	1	06	0000	0	2	1
0086ED	1	1	06	0000	0	3	1
0086F0	1	1	06	0000	0	1	1
0086F1	1	1	06	0000	0	2	1
0086F3	1	1	06	0000	0	2	1
0086F5	1	1	06	0000	0	2	1
0086F7	1	1	06	0000	0	1	1
008707	1	1	06	09D8	0	2	1
008709	0	1	06	09D8	0	1	1
00870A	0	1	06	09D8	0	3	1
00870D	0	1	06	09D8	0	1	1
00870E	0	1	06	0000	0	3	1
008711	1	1	06	0000	0	1	1
008712	1	1	06	09D8	0	1	1
008713	0	1	06	0000	0	2	1
008715	0	1	06	0000	0	3	1
008718	0	1	06	0000	0	2	1
00871A	0	1	06	0000	0	2	1
00871C	0	1	06	0000	0	2	1
00871E	1	1	06	0000	0	2	1
008720	0	1	06	0000	0	2	1
008722	0	1	06	0000	0	3	1
008725	0	1	06	0000	0	2	1
008727	0	1	06	0000	0	3	1
00872A	0	1	06	0000	0	2	1
00872C	0	1	06	0000	0	3	1
00872F	0	1	06	0000	0	2	1
008731	0	1	06	0000	0	3	1
008734	0	1	06	0000	0	2	1
008736	0	1	06	0000	0	3	1
008739	0	1	06	0000	0	2	1
00873B	1	1	06	0000	0	2	1
00873D	1	1	06	0000	0	3	1
008740	1	1	06	0000	0	2	1
008742	1	1	06	0000	0	3	1
008745	1	1	06	0000	0	2	1
00876B	1	1	06	0000	0	1	1
00876C	1	1	06	0000	0	2	1
00876E	1	1	06	0000	0	1	1
00876F	1	1	06	0000	0	2	1
008771	0	1	06	0000	0	2	1
008773	1	1	06	0000	0	2	1
008775	1	1	06	0000	0	1	1
008776	0	1	06	0000	0	2	1
008778	0	1	06	0000	0	1	1
008779	0	1	06	0000	0	1	1
00877A	0	1	06	0000	0	2	1
00877C	0	1	06	0000	0	2	1
00877E	0	1	06	0000	0	1	1
00877F	0	1	06	0000	0	1	1
008780	0	1	06	0000	0	2	1
008782	0	1	06	0000	0	2	1
008784	0	1	06	0000	0	1	1
008785	0	1	06	0000	0	1	1
008786	0	1	06	0000	0	2	1
008788	0	1	06	0000	0	2	1
00878A	0	1	06	0000	0	1	1
00878B	0	1	06	0000	0	2	1
00878D	0	1	06	0000	0	2	1
00878F	0	1	06	0000	0	2	1
0087A3	0	1	06	0000	0	1	1
0087A4	0	1	06	0000	0	1	1
0087AF	1	1	06	0000	0	4	1
0087B3	1	1	06	0000	0	3	1
0087B6	1	1	06	0000	0	4	1
0087BA	1	1	06	0000	0	2	1
0087BC	1	1	06	0000	0	3	1
0087BF	1	1	06	0000	0	3	1
0087C2	1	1	06	0000	0	3	1
0087C5	1	1	06	0000	0	3	1
0087C8	1	1	06	0000	0	2	1
0087CA	1	1	06	0000	0	1	1
0087CB	1	1	06	0000	0	2	1
0087CD	1	1	06	0000	0	2	1
0087CF	1	1	06	0000	0	2	1
0087D1	1	1	06	0000	0	2	1
0087D3	1	1	06	0000	0	2	1
0087D5	1	1	06	0000	0	1	1
0087D6	1	1	06	0000	0	1	1
0087D7	1	1	06	0000	0	2	1
0087D9	1	1	06	0000	0	2	1
0087DB	1	1	06	0000	0	2	1
0087DD	1	1	06	0000	0	1	1
0087DE	1	1	06	0000	0	1	1
0087DF	1	1	06	0000	0	2	1
0087E1	1	1	06	0000	0	2	1
0087E3	0	1	06	0000	0	3	1
0087E6	0	1	06	0000	0	1	1
0087E7	0	1	06	0000	0	2	1
0087E9	0	1	06	0000	0	2	1
0087EB	1	1	06	0000	0	1	1
0087EC	1	1	06	0000	0	2	1
0087EE	1	1	06	0000	0	1	1
0087EF	1	1	06	0000	0	1	1
0087F0	1	1	06	0000	0	2	1
0087F2	1	1	06	0000	0	2	1
0087F4	1	1	06	0000	0	3	1
0087F7	1	1	06	0000	0	4	1
0087FB	1	1	06	0000	0	1	1
0087FC	1	1	06	0000	0	3	1
0087FF	1	1	06	0000	0	3	1
008802	1	1	06	0000	0	3	1
008805	1	1	06	0000	0	3	1
008808	1	1	06	0000	0	3	1
00880B	1	1	06	0000	0	3	1
00880E	1	1	06	0000	0	3	1
008811	1	1	06	0000	0	3	1
008814	1	1	06	0000	0	1	1
008815	1	1	06	0000	0	2	1
008817	1	1	06	0000	0	2	1
008819	1	1	06	0000	0	2	1
00881B	1	1	06	0000	0	2	1
00881D	1	1	06	0000	0	2	1
00881F	1	1	06	0000	0	3	1
008822	1	1	06	0000	0	3	1
008825	1	1	06	0000	0	2	1
00882D	1	1	06	0000	0	4	1
008832	1	1	06	0000	0	2	1
008834	1	1	06	0000	0	3	1
008837	1	1	06	0000	0	2	1
008839	1	1	06	0000	0	2	1
00883B	1	1	06	0000	0	2	1
00883D	1	1	06	0000	0	3	1
008840	1	1	06	0000	0	3	1
008843	1	1	06	0000	0	2	1
008845	1	0	06	0000	0	3	1
008848	1	0	06	0000	0	1	1
008849	1	0	06	0000	0	2	1
00884B	1	1	06	0000	0	2	1
00884D	1	1	06	0000	0	2	1
00884F	1	1	06	0000	0	2	1
008851	1	1	06	0000	0	2	1
008853	1	1	06	0000	0	2	1
008855	1	1	06	0000	0	2	1
008857	1	1	06	0000	0	3	1
00885A	1	1	06	0000	0	1	1
00885B	1	1	06	0000	0	3	1
00885E	1	1	06	0000	0	1	1
00885F	1	1	06	0000	0	2	1
008861	0	1	06	0000	0	3	1
008864	0	1	06	0000	0	3	1
008867	0	1	06	0000	0	2	1
008869	1	1	06	0000	0	2	1
00886B	1	1	06	0000	0	3	1
00886E	1	1	06	0000	0	4	1
008872	1	1	06	0000	0	1	1
008873	1	1	06	0000	0	1	1
008874	1	1	06	0000	0	2	1
008876	1	1	06	0000	0	3	1
008879	1	1	06	0000	0	2	1
00887B	1	1	06	0000	0	2	1
00887D	1	1	06	0000	0	2	1
00887F	1	1	06	0000	0	2	1
008881	1	1	06	0000	0	2	1
008883	1	1	06	0000	0	2	1
008885	1	1	06	0000	0	3	1
008888	1	1	06	0000	0	2	1
00888A	1	1	06	0000	0	2	1
00888C	1	1	06	0000	0	2	1
00888E	1	1	06	0000	0	2	1
008890	1	1	06	0000	0	2	1
008892	1	1	06	0000	0	2	1
008894	1	1	06	0000	0	1	1
00889D	1	1	06	0000	0	2	1
00889F	1	1	06	0000	0	2	1
0088A1	1	1	06	0000	0	2	1
0088A3	1	1	06	0000	0	2	1
0088A5	1	1	06	0000	0	2	1
0088A7	1	1	06	0000	0	3	1
0088AA	1	1	06	0000	0	2	1
0088AC	1	1	06	0000	0	2	1
0088AE	1	1	06	0000	0	2	1
0088B0	1	1	06	0000	0	3	1
0088B3	1	1	06	0000	0	2	1
0088B5	1	1	06	0000	0	3	1
0088B8	1	1	06	0000	0	3	1
0088BB	1	1	06	0000	0	3	1
0088BE	1	1	06	0000	0	3	1
0088C1	1	1	06	0000	0	3	1
0088C4	1	1	06	0000	0	2	1
0088C6	1	1	06	0000	0	3	1
0088EB	1	1	06	0000	0	3	1
0088EE	1	1	06	0000	0	2	1
0088F0	1	1	06	0000	0	2	1
0088F2	1	1	06	0000	0	3	1
0088F5	1	1	06	0000	0	3	1
0088F8	1	1	06	0000	0	3	1
0088FB	1	1	06	0000	0	2	1
0088FD	1	1	06	0000	0	3	1
008900	1	1	06	0000	0	2	1
008902	1	1	06	0000	0	3	1
008905	1	1	06	0000	0	3	1
008908	1	1	06	0000	0	2	1
00890A	1	1	06	0000	0	4	1
00890E	1	1	06	0000	0	2	1
008910	1	1	06	0000	0	3	1
008913	1	1	06	0000	0	3	1
008916	1	1	06	0000	0	2	1
008918	0	1	06	0000	0	3	1
00891B	0	1	06	0000	0	3	1
00891E	0	1	06	0000	0	3	1
008921	0	1	06	0000	0	2	1
008923	0	1	06	0000	0	2	1
008925	0	1	06	0000	0	2	1
008927	0	1	06	0000	0	2	1
008929	1	1	06	0000	0	3	1
00892C	0	1	06	0000	0	2	1
00892E	0	1	06	0000	0	3	1
008931	0	1	06	0000	0	3	1
008934	0	1	06	0000	0	2	1
008936	1	1	06	0000	0	1	1
008937	1	1	06	0000	0	1	1
008938	1	1	06	0000	0	3	1
00893B	1	1	06	0000	0	3	1
00893E	1	1	06	1CF8	0	3	1
008941	1	1	06	1CF8	0	3	1
008944	1	1	06	1CF8	0	1	1
008945	1	1	06	0000	0	1	1
008946	1	1	06	0000	0	2	1
008948	0	1	06	0000	0	3	1
00894B	0	1	06	0000	0	3	1
00894E	0	1	06	0000	0	3	1
008951	0	1	06	0000	0	3	1
008954	0	1	06	0000	0	3	1
008957	0	1	06	0000	0	3	1
00895A	0	1	06	0000	0	2	1
00895C	1	1	06	0000	0	2	1
00895E	1	1	06	0000	0	2	1
008960	1	1	06	0000	0	2	1
008962	1	1	06	0000	0	2	1
008964	1	1	06	0000	0	3	1
008967	1	1	06	0000	0	2	1
008969	1	1	06	0000	0	3	1
00896C	1	1	06	0000	0	3	1
00896F	1	1	06	0000	0	2	1
008971	1	1	06	0000	0	2	1
008973	1	1	06	0000	0	2	1
008975	1	1	06	0000	0	3	1
008978	1	1	06	0000	0	3	1
00897B	1	1	06	0000	0	3	1
00897E	1	1	06	0000	0	3	1
008981	1	1	06	0000	0	3	1
008984	1	1	06	0000	0	3	1
008987	1	1	06	0000	0	3	1
00898A	1	1	06	0000	0	2	1
00898C	1	1	06	0000	0	3	1
00898F	1	1	06	0000	0	2	1
008991	1	1	06	0000	0	2	1
008993	1	1	06	0000	0	1	1
008994	1	1	06	0000	0	2	1
008996	1	1	06	0000	0	2	1
008998	1	1	06	0000	0	2	1
00899A	1	1	06	0000	0	2	1
00899C	1	1	06	0000	0	3	1
00899F	1	1	06	0000	0	3	1
0089A2	1	1	06	0000	0	2	1
0089A4	1	1	06	0000	0	2	1
0089A6	1	1	06	0000	0	3	1
0089A9	1	1	06	0000	0	3	1
0089AC	1	1	06	0000	0	2	1
0089AE	1	1	06	0000	0	3	1
0089B1	1	1	06	0000	0	2	1
0089B3	1	1	06	0000	0	3	1
0089B6	1	1	06	0000	0	3	1
0089B9	1	1	06	0000	0	2	1
0089BB	1	1	06	0000	0	4	1
0089BF	1	1	06	0000	0	3	1
0089C2	1	1	06	0000	0	2	1
0089C4	1	1	06	0000	0	2	1
0089C6	1	1	06	0000	0	2	1
0089C8	1	1	06	0000	0	3	1
0089CB	1	1	06	0000	0	1	1
0089CC	1	1	06	0000	0	2	1
0089CE	1	1	06	0000	0	2	1
0089D0	1	1	06	0000	0	3	1
0089D3	1	1	06	0000	0	2	1
0089D5	1	1	06	0000	0	3	1
0089D8	1	1	06	0000	0	2	1
0089DA	1	1	06	0000	0	3	1
0089DD	1	1	06	0000	0	2	1
0089DF	1	1	06	0000	0	3	1
0089E2	1	1	06	0000	0	3	1
0089E5	1	1	06	0000	0	2	1
0089E7	1	1	06	0000	0	4	1
0089EB	1	1	06	0000	0	3	1
0089EE	1	1	06	0000	0	2	1
0089F0	1	1	06	0000	0	2	1
0089F2	1	1	06	0000	0	2	1
0089F4	1	1	06	0000	0	3	1
0089F7	1	1	06	0000	0	1	1
0089F8	1	1	06	0000	0	2	1
0089FA	1	1	06	0000	0	2	1
0089FC	1	1	06	0000	0	2	1
0089FE	1	1	06	0000	0	3	1
008A01	1	1	06	0000	0	2	1
008A03	1	1	06	0000	0	3	1
008A06	1	1	06	0000	0	3	1
008A09	1	1	06	0000	0	3	1
008A0C	1	1	06	0000	0	3	1
008A0F	1	1	06	0000	0	3	1
008A12	1	1	06	0000	0	2	1
008A14	1	1	06	0000	0	4	1
008A18	1	1	06	0000	0	2	1
008A1A	1	1	06	0000	0	3	1
008A1D	1	1	06	0000	0	3	1
008A20	1	1	06	0000	0	3	1
008A23	1	1	06	0000	0	2	1
008A25	1	1	06	0000	0	3	1
008A28	1	1	06	0000	0	2	1
008A2A	1	1	06	0000	0	3	1
008A2D	1	1	06	0000	0	3	1
008A30	1	1	06	0000	0	3	1
008A33	1	1	06	0000	0	4	1
008A37	1	1	06	0000	0	3	1
008A3A	1	1	06	0000	0	3	1
008A3D	1	1	06	0000	0	2	1
008A3F	1	1	06	0000	0	3	1
008A42	1	1	06	0000	0	2	1
008A44	1	1	06	0000	0	3	1
008A47	1	1	06	0000	0	3	1
008A4A	1	1	06	0000	0	2	1
008A4C	1	1	06	0000	0	4	1
008A50	1	1	06	0000	0	3	1
008A53	1	1	06	0000	0	3	1
008A56	1	1	06	0000	0	3	1
008A59	1	1	06	0000	0	3	1
008A5C	1	1	06	0000	0	1	1
008A5D	1	1	06	0000	0	4	1
008A61	1	1	06	0000	0	4	1
008A65	1	1	06	0000	0	3	1
008A68	1	1	06	0000	0	2	1
008A6A	1	1	06	0000	0	3	1
008A6D	1	1	06	0000	0	3	1
008A70	1	1	06	0000	0	2	1
008A72	1	1	06	0000	0	3	1
008A75	1	1	06	0000	0	2	1
008A77	1	1	06	0000	0	3	1
008A7A	1	1	06	0000	0	3	1
008A7D	1	1	06	0000	0	1	1
008A7E	1	1	06	0000	0	2	1
008A80	1	1	06	0000	0	3	1
008A83	1	1	06	0000	0	2	1
008A85	1	1	06	0000	0	3	1
008A88	1	1	06	0000	0	4	1
008A8C	1	1	06	0000	0	1	1
008A8D	1	1	06	0000	0	3	1
008A90	1	1	06	0000	0	2	1
008A92	1	1	06	0000	0	3	1
008A95	1	1	06	0000	0	2	1
008A97	1	1	06	0000	0	3	1
008A9A	1	1	06	0000	0	2	1
008A9C	1	1	06	0000	0	3	1
008A9F	1	1	06	0000	0	2	1
008AA1	1	1	06	0000	0	3	1
008AA4	1	1	06	0000	0	3	1
008AA7	1	1	06	0000	0	2	1
008AA9	1	1	06	0000	0	3	1
008AAC	1	1	06	0000	0	2	1
008AAE	1	1	06	0000	0	3	1
008AB1	1	1	06	0000	0	2	1
008AB3	1	1	06	0000	0	3	1
008AB6	1	1	06	0000	0	2	1
008AB8	1	1	06	0000	0	3	1
008ABB	1	1	06	0000	0	2	1
008ABD	1	1	06	0000	0	3	1
008AC0	1	1	06	0000	0	2	1
008AC2	1	1	06	0000	0	3	1
008AC5	1	1	06	0000	0	2	1
008AC7	1	1	06	0000	0	3	1
008ACA	1	1	06	0000	0	2	1
008ACC	1	1	06	0000	0	3	1
008ACF	1	1	06	0000	0	2	1
008AD1	1	1	06	0000	0	3	1
008AD4	1	1	06	0000	0	2	1
008AD6	1	1	06	0000	0	3	1
008AD9	1	1	06	0000	0	3	1
008ADC	1	1	06	0000	0	2	1
008ADE	1	1	06	0000	0	3	1
008AE1	1	1	06	0000	0	3	1
008AE4	1	1	06	0000	0	2	1
008AE6	1	1	06	0000	0	3	1
008AE9	1	1	06	0000	0	3	1
008AEC	1	1	06	0000	0	2	1
008AEE	1	1	06	0000	0	3	1
008AF1	1	1	06	0000	0	2	1
008AF3	1	1	06	0000	0	3	1
008AF6	1	1	06	0000	0	3	1
008AF9	1	1	06	0000	0	2	1
008AFB	1	1	06	0000	0	3	1
008AFE	1	1	06	0000	0	3	1
008B01	1	1	06	0000	0	2	1
008B03	1	1	06	0000	0	3	1
008B06	1	1	06	0000	0	3	1
008B09	1	1	06	0000	0	2	1
008B0B	1	1	06	0000	0	3	1
008B0E	1	1	06	0000	0	2	1
008B10	1	1	06	0000	0	3	1
008B13	1	1	06	0000	0	3	1
008B16	1	1	06	0000	0	2	1
008B18	1	1	06	0000	0	3	1
008B1B	1	1	06	0000	0	3	1
008B1E	1	1	06	0000	0	3	1
008B21	1	1	06	0000	0	3	1
008B24	1	1	06	0000	0	3	1
008B27	1	1	06	0000	0	3	1
008B2A	1	1	06	0000	0	2	1
008B2C	1	1	06	0000	0	3	1
008B2F	1	1	06	0000	0	3	1
008B32	1	1	06	0000	0	3	1
008B35	1	1	06	0000	0	1	1
008B36	1	1	06	0000	0	2	1
008B38	1	1	06	0000	0	2	1
008B3A	1	1	06	0000	0	2	1
008B3C	1	1	06	0000	0	2	1
008B3E	1	1	06	0000	0	3	1
008B41	1	1	06	0000	0	3	1
008B44	1	1	06	0000	0	3	1
008B47	1	1	06	0000	0	3	1
008B4A	1	1	06	0000	0	3	1
008B4D	1	1	06	0000	0	2	1
008B4F	1	1	06	0000	0	3	1
008B58	1	1	06	0000	0	4	1
008B5C	1	1	06	0000	0	2	1
008B5E	1	1	06	0000	0	2	1
008B60	1	1	06	0000	0	2	1
008B62	1	1	06	0000	0	3	1
008B65	1	1	06	0000	0	2	1
008B67	1	1	06	0000	0	2	1
008B69	1	1	06	0000	0	2	1
008B6B	1	1	06	0000	0	3	1
008B6E	1	1	06	0000	0	2	1
008B70	1	1	06	0000	0	4	1
008B74	1	1	06	0000	0	2	1
008B76	1	1	06	0000	0	3	1
008B79	1	1	06	0000	0	2	1
008B7B	1	1	06	0000	0	3	1
008B7E	1	1	06	0000	0	2	1
008B80	1	1	06	0000	0	3	1
008B83	1	1	06	0000	0	2	1
008B85	1	1	06	0000	0	3	1
008B88	1	1	06	0000	0	2	1
008B8A	1	1	06	0000	0	3	1
008B8D	1	1	06	0000	0	2	1
008B8F	1	1	06	0000	0	3	1
008B92	1	1	06	0000	0	2	1
008B94	0	1	06	0000	0	3	1
008B97	0	1	06	0000	0	3	1
008B9A	0	1	06	0000	0	3	1
008B9D	0	1	06	0000	0	3	1
008BA0	0	1	06	0000	0	3	1
008BA3	0	1	06	0000	0	2	1
008BA5	1	1	06	0000	0	3	1
008BA8	1	1	06	0000	0	2	1
008BAA	1	1	06	0000	0	3	1
008BAD	1	1	06	0000	0	3	1
008BB0	1	1	06	0000	0	4	1
008BB4	1	1	06	0000	0	3	1
008BB7	1	1	06	0000	0	4	1
008BBB	1	1	06	0000	0	4	1
008BBF	1	1	06	0000	0	4	1
008BC3	1	1	06	0000	0	4	1
008BC7	1	1	06	0000	0	4	1
008BCB	1	1	06	0000	0	1	1
008BCC	1	1	06	0000	0	3	1
008BCF	1	1	06	0000	0	2	1
008BD1	1	1	06	0000	0	3	1
008BD4	1	1	06	0000	0	2	1
008BD6	1	1	06	0000	0	3	1
008BD9	1	1	06	0000	0	3	1
008BDC	1	1	06	0000	0	3	1
008BDF	1	1	06	0000	0	3	1
008BE2	1	1	06	0000	0	3	1
008BE5	1	1	06	0000	0	3	1
008BE8	1	1	06	0000	0	4	1
008BEC	1	1	06	0000	0	3	1
008BEF	1	1	06	0000	0	3	1
008BF2	1	1	06	0000	0	2	1
008BF4	1	1	06	0000	0	4	1
008BF8	1	1	06	0000	0	2	1
008BFA	1	1	06	0000	0	3	1
008BFD	1	1	06	0000	0	2	1
008BFF	1	1	06	0000	0	3	1
008C02	1	1	06	0000	0	2	1
008C04	1	1	06	0000	0	4	1
008C08	1	1	06	0000	0	2	1
008C0A	1	1	06	0000	0	2	1
008C0C	1	1	06	0000	0	2	1
008C0E	1	1	06	0000	0	2	1
008C10	1	1	06	0000	0	2	1
008C12	1	1	06	0000	0	2	1
008C14	1	1	06	0000	0	1	1
008C80	1	1	06	0000	0	1	1
008C81	1	1	06	0000	0	2	1
008C83	1	1	06	0000	0	1	1
008C84	1	1	06	0000	0	2	1
008C86	1	1	06	0000	0	1	1
008C87	1	1	06	0A38	0	2	1
008C89	1	1	06	0A38	0	2	1
008C8B	1	1	06	0A38	0	3	1
008C8E	1	1	06	0A38	0	2	1
008C90	1	1	06	0A38	0	1	1
008C91	1	1	06	0A38	0	1	1
008C92	1	1	06	0A38	0	1	1
008C93	1	1	06	0A38	0	1	1
008C94	1	1	06	0A38	0	2	1
008C96	1	1	06	0A38	0	3	1
008C99	1	1	06	0A38	0	2	1
008C9B	1	1	06	0A38	0	3	1
008C9E	1	1	06	0A38	0	2	1
008CA0	1	1	06	0A38	0	3	1
008CA3	1	1	06	0A38	0	2	1
008CA5	1	1	06	0A38	0	3	1
008CA8	1	1	06	0A18	0	2	1
008CAA	0	1	06	0A18	0	1	1
008CAB	0	1	06	0A18	0	1	1
008CAC	0	1	06	0A18	0	3	1
008CAF	0	1	06	0A18	0	1	1
008CB0	0	1	06	0A38	0	3	1
008CB3	0	1	06	0A38	0	2	1
008CB5	1	1	06	0A38	0	2	1
008CB7	1	1	06	0A58	0	1	1
008CB8	1	1	06	0000	0	1	1
008CB9	1	1	06	0A38	0	2	1
008CBB	1	1	06	0A38	0	1	1
008CBC	1	1	06	0A38	0	1	1
008CBD	1	1	06	0A38	0	3	1
008CC4	1	1	06	0A38	0	2	1
008CC6	1	1	06	0A38	0	1	1
008CC7	1	1	06	0A38	0	1	1
008CC8	1	1	06	0A38	0	3	1
008CDB	1	1	06	0A18	0	3	1
008CDE	1	1	06	0A18	0	2	1
008CE0	1	1	06	0A18	0	2	1
008CE2	1	1	06	0A18	0	2	1
008CE4	1	1	06	0A18	0	3	1
008CE7	1	1	06	0A18	0	2	1
008CE9	1	1	06	0A18	0	3	1
008CEC	1	1	06	0A18	0	2	1
008CEE	1	1	06	0A18	0	2	1
008CF0	1	1	06	0A18	0	2	1
008CF2	1	1	06	0A18	0	2	1
008CF4	1	1	06	0A18	0	2	1
008CF6	1	1	06	0A18	0	4	1
008CFA	1	1	06	0A18	0	2	1
008CFC	1	1	06	0A18	0	3	1
008CFF	1	1	06	0A18	0	2	1
008D01	1	1	06	0A18	0	2	1
008D03	1	1	06	0A18	0	4	1
008D07	1	1	06	0A38	0	2	1
008D09	1	1	06	0A38	0	1	1
008D0A	1	1	06	0A38	0	2	1
008D0C	1	1	06	0A38	0	2	1
008D0E	1	1	06	0A38	0	2	1
008D10	1	1	06	0A38	0	1	1
008D11	1	1	06	0A38	0	2	1
008D13	1	1	06	0A38	0	2	1
008D15	1	1	06	0A38	0	3	1
008D18	1	1	06	0A38	0	2	1
008D1A	1	1	06	0A38	0	2	1
008D1C	1	1	06	0A38	0	2	1
008D1E	1	1	06	0A38	0	2	1
008D20	1	1	06	0A38	0	2	1
008D22	1	1	06	0A38	0	2	1
008D24	1	1	06	0A38	0	2	1
008D26	1	1	06	0A38	0	2	1
008D28	1	1	06	0A38	0	2	1
008D2A	1	1	06	0A38	0	2	1
008D2C	1	1	06	0A38	0	2	1
008D2E	1	1	06	0A38	0	2	1
008D30	1	1	06	0A38	0	2	1
008D32	1	1	06	0A38	0	2	1
008D34	1	1	06	0A38	0	2	1
008D36	1	1	06	0A38	0	1	1
008D37	1	1	06	0A38	0	2	1
008D39	1	1	06	0A38	0	3	1
008D3C	1	1	06	0A38	0	2	1
008D3E	1	1	06	0A38	0	2	1
008D40	1	1	06	0A38	0	4	1
008D44	1	1	06	0A38	0	2	1
008D46	1	1	06	0A38	0	2	1
008D48	1	1	06	0A38	0	2	1
008D4A	1	1	06	0A38	0	2	1
008D4C	1	1	06	0A38	0	2	1
008D4E	1	1	06	0A38	0	2	1
008D50	1	1	06	0A38	0	2	1
008D52	1	1	06	0A38	0	1	1
008D53	1	1	06	0A38	0	2	1
008D55	1	1	06	0A38	0	2	1
008D57	1	1	06	0A38	0	2	1
008D59	1	1	06	0A38	0	2	1
008D5B	1	1	06	0A38	0	2	1
008D5D	1	1	06	0A38	0	2	1
008D5F	1	1	06	0A38	0	2	1
008D61	1	1	06	0A38	0	2	1
008D63	1	1	06	0A38	0	2	1
008D65	1	1	06	0A38	0	1	1
008D66	1	1	06	0A38	0	2	1
008D68	1	1	06	0A38	0	2	1
008D6A	1	1	06	0A38	0	2	1
008D6C	1	1	06	0A38	0	2	1
008D6E	1	1	06	0A38	0	2	1
008D70	1	1	06	0A38	0	2	1
008D72	1	1	06	0A38	0	2	1
008D74	1	1	06	0A38	0	2	1
008D76	1	1	06	0A38	0	2	1
008D78	1	1	06	0A38	0	1	1
008D79	1	1	06	0A38	0	2	1
008D7B	1	1	06	0A38	0	2	1
008D7D	1	1	06	0A38	0	2	1
008D7F	1	1	06	0A38	0	2	1
008D81	1	1	06	0A38	0	2	1
008D83	1	1	06	0A38	0	2	1
008D85	1	1	06	0A38	0	2	1
008D87	1	1	06	0A38	0	2	1
008D89	1	1	06	0A38	0	2	1
008D8B	1	1	06	0A38	0	1	1
008D8C	1	1	06	0A38	0	2	1
008D8E	1	1	06	0A38	0	2	1
008D90	1	1	06	0A38	0	2	1
008D92	1	1	06	0A38	0	1	1
008D93	1	1	06	0A38	0	2	1
008D95	1	1	06	0A38	0	1	1
008D96	1	1	06	0A38	0	2	1
008D98	1	1	06	0A38	0	3	1
008D9B	1	1	06	0A38	0	2	1
008D9D	1	1	06	0A38	0	2	1
008D9F	1	1	06	0A38	0	4	1
008DA3	1	1	06	0A38	0	1	1
008DA4	1	1	06	0A38	0	2	1
008DA6	1	1	06	0A38	0	2	1
008DA8	1	1	06	0A38	0	2	1
008DAA	1	1	06	0A38	0	2	1
008DAC	1	1	06	0A38	0	2	1
008DAE	1	1	06	0A38	0	2	1
008DB0	1	1	06	0A38	0	2	1
008DB2	1	1	06	0A38	0	1	1
008DB8	1	1	06	0000	0	3	1
008DBB	1	1	06	0000	0	1	1
008DBC	1	1	06	0000	0	2	1
008DBE	0	1	06	0000	0	3	1
008DC1	0	1	06	0000	0	3	1
008DC4	0	1	06	0000	0	3	1
008DC7	0	1	06	0000	0	3	1
008DCA	0	1	06	0000	0	3	1
008DCD	0	1	06	0000	0	3	1
008DD0	0	1	06	0000	0	3	1
008DD3	0	1	06	0000	0	3	1
008DD6	0	1	06	0000	0	3	1
008DD9	0	1	06	0000	0	3	1
008DDC	0	1	06	0000	0	3	1
008DDF	0	1	06	0000	0	3	1
008DE2	0	1	06	0000	0	2	1
008DE4	1	1	06	0000	0	1	1
008DE5	1	1	06	0A38	0	2	1
008DE7	0	1	06	0A38	0	3	1
008DEA	0	1	06	0A38	0	2	1
008DEC	0	1	06	0A38	0	3	1
008DEF	0	1	06	0A38	0	2	1
008DF1	0	1	06	0A38	0	2	1
008DF3	1	1	06	0A38	0	1	1
008DF4	1	1	06	0000	0	3	1
008DF7	1	1	06	0000	0	1	1
008DF8	1	1	06	0000	0	2	1
008DFA	0	1	06	0000	0	3	1
008DFD	0	1	06	0000	0	3	1
008E00	0	1	06	0000	0	3	1
008E03	0	1	06	0000	0	3	1
008E06	0	1	06	0000	0	3	1
008E09	0	1	06	0000	0	3	1
008E0C	0	1	06	0000	0	3	1
008E0F	0	1	06	0000	0	3	1
008E12	0	1	06	0000	0	3	1
008E15	0	1	06	0000	0	3	1
008E18	0	1	06	0000	0	3	1
008E1B	0	1	06	0000	0	3	1
008E1E	0	1	06	0000	0	2	1
008E20	1	1	06	0000	0	1	1
009043	1	1	06	0000	0	2	1
009045	1	1	06	0000	0	3	1
00904E	1	1	06	0000	0	2	1
009050	1	1	06	0000	0	2	1
009052	1	1	06	0000	0	2	1
009054	1	1	06	0000	0	2	1
009056	1	1	06	0000	0	3	1
009059	1	1	06	0000	0	3	1
00905C	1	1	06	0000	0	2	1
00905E	1	1	06	0000	0	3	1
009061	1	1	06	0000	0	3	1
009064	1	1	06	0000	0	2	1
009066	1	1	06	0000	0	3	1
009069	1	1	06	0000	0	2	1
00906B	1	1	06	0000	0	3	1
00906E	1	1	06	0000	0	3	1
009071	1	1	06	0000	0	3	1
009074	1	1	06	0000	0	3	1
009077	1	1	06	0000	0	3	1
00907A	1	1	06	0000	0	3	1
00907D	1	1	06	0000	0	3	1
009080	1	1	06	0000	0	3	1
009083	1	1	06	0000	0	3	1
009086	1	1	06	0000	0	3	1
009089	1	1	06	0000	0	2	1
00908B	1	1	06	0000	0	2	1
00908D	1	1	06	0000	0	4	1
009091	1	1	06	0000	0	2	1
009093	1	1	06	0000	0	4	1
009097	1	1	06	0000	0	2	1
009099	1	1	06	0000	0	2	1
00909B	1	1	06	0000	0	4	1
00909F	1	1	06	0000	0	2	1
0090A1	1	1	06	0000	0	3	1
0090A4	1	1	06	0000	0	3	1
0090A7	1	1	06	0000	0	3	1
0090AA	1	1	06	0000	0	2	1
0090AC	1	1	06	0000	0	3	1
0090AF	1	1	06	0000	0	3	1
0090B2	1	1	06	0000	0	3	1
0090B5	1	1	06	0000	0	4	1
0090B9	1	1	06	0000	0	3	1
0090BC	1	1	06	0000	0	3	1
0090BF	1	1	06	0000	0	2	1
0090C1	1	1	06	0000	0	3	1
0090C4	1	1	06	0000	0	2	1
0090C6	1	1	06	0000	0	3	1
0090C9	1	1	06	0000	0	4	1
0090CD	1	1	06	0000	0	2	1
0090CF	1	1	06	0000	0	3	1
0090D2	1	1	06	0000	0	2	1
0090D4	1	1	06	0000	0	3	1
0090D7	1	1	06	0000	0	3	1
0090DA	1	1	06	0000	0	2	1
0090DC	0	1	06	0000	0	3	1
0090DF	0	1	06	0000	0	3	1
0090E2	0	1	06	0000	0	3	1
0090E5	0	1	06	0000	0	3	1
0090E8	0	1	06	0000	0	3	1
0090EB	0	1	06	0000	0	3	1
0090EE	0	1	06	0000	0	3	1
0090F1	0	1	06	0000	0	3	1
0090F4	0	1	06	0000	0	2	1
0090F6	1	1	06	0000	0	2	1
0090F8	1	1	06	0000	0	3	1
0090FB	1	1	06	0000	0	2	1
0090FD	1	1	06	0000	0	3	1
009100	1	1	06	0000	0	3	1
009103	1	1	06	0000	0	3	1
009106	1	1	06	0000	0	3	1
009109	1	1	06	0000	0	2	1
00910B	1	1	06	0000	0	3	1
00910E	1	1	06	0000	0	2	1
009110	1	1	06	0000	0	3	1
009113	1	1	06	0000	0	2	1
009115	1	1	06	0000	0	3	1
009118	1	1	06	0000	0	4	1
00911C	1	1	06	0000	0	3	1
00911F	1	1	06	0000	0	3	1
009122	1	1	06	0000	0	2	1
009124	1	1	06	0000	0	3	1
009127	1	1	06	0000	0	2	1
009129	1	1	06	0000	0	3	1
00912C	1	1	06	0000	0	2	1
00912E	1	1	06	0000	0	3	1
009131	1	1	06	0000	0	2	1
009133	1	1	06	0000	0	4	1
009137	1	1	06	0000	0	2	1
009139	1	1	06	0000	0	1	1
00913A	1	1	06	0000	0	1	1
00913B	1	1	06	0000	0	3	1
00913E	1	1	06	1098	0	3	1
009141	1	1	06	1098	0	3	1
009144	1	1	06	1098	0	1	1
009145	1	1	06	0000	0	1	1
009146	1	1	06	0000	0	1	1
009147	1	1	06	0000	0	2	1
009149	1	1	06	0000	0	3	1
00914C	1	1	06	0000	0	3	1
00914F	1	1	06	0000	0	2	1
009151	1	1	06	0000	0	2	1
009153	1	1	06	0000	0	1	1
009154	1	1	06	0000	0	2	1
009156	1	1	06	0000	0	2	1
009158	1	1	06	0000	0	2	1
009163	1	1	06	0000	0	2	1
009165	1	1	06	0000	0	2	1
009167	1	1	06	0000	0	2	1
009169	1	1	06	0000	0	1	1
00916A	1	1	06	0000	0	2	1
00916C	1	1	06	0000	0	2	1
009170	1	1	06	0000	0	2	1
009172	1	1	06	0000	0	1	1
009173	1	1	06	0000	0	3	1
009176	1	1	06	0000	0	3	1
009179	1	1	06	0000	0	2	1
00917B	1	1	06	0000	0	1	1
00917C	1	1	06	0000	0	2	1
00917E	1	1	06	0000	0	3	1
009181	1	1	06	0000	0	2	1
009183	1	1	06	0000	0	2	1
009185	1	1	06	0000	0	2	1
009187	1	1	06	0000	0	2	1
009189	1	1	06	0000	0	2	1
00918B	1	1	06	0000	0	2	1
00918D	1	1	06	0000	0	2	1
00918F	1	1	06	0000	0	2	1
009191	1	1	06	0000	0	2	1
009193	1	1	06	0000	0	2	1
009195	1	1	06	0000	0	3	1
009198	1	1	06	0000	0	1	1
009199	1	1	06	0000	0	1	1
00919A	1	1	06	0000	0	3	1
00919D	1	1	06	1098	0	1	1
00919E	1	1	06	0000	0	3	1
0091A1	1	1	06	0000	0	4	1
0091A5	1	1	06	0000	0	2	1
0091A7	1	1	06	0000	0	2	1
0091A9	1	1	06	0000	0	1	1
0091BC	1	1	06	0000	0	2	1
0091BE	1	1	06	0000	0	3	1
0091C1	1	1	06	0000	0	4	1
0091C5	1	1	06	0000	0	1	1
0091C6	1	1	06	0000	0	1	1
0091C7	1	1	06	0000	0	3	1
0091CA	1	1	06	12D8	0	3	1
0091CD	1	1	06	0CA8	0	3	1
0091D0	1	1	06	1098	0	1	1
0091D1	1	1	06	0000	0	1	1
0091D2	1	1	06	0000	0	3	1
0091D5	1	1	06	0000	0	2	1
0091D7	1	1	06	0000	0	2	1
0091D9	1	1	06	0000	0	2	1
0091DB	1	1	06	0000	0	3	1
0091DE	1	1	06	0000	0	2	1
0091E0	1	1	06	0000	0	2	1
0091E4	1	1	06	0000	0	1	1
0091E5	1	1	06	0000	0	2	1
0091E7	1	1	06	0000	0	2	1
0091E9	1	1	06	0000	0	2	1
0091EB	1	1	06	0000	0	2	1
0091ED	1	1	06	0000	0	3	1
0091F0	1	1	06	0000	0	2	1
0091F2	1	1	06	0000	0	2	1
0091F4	1	1	06	0000	0	1	1
0091F5	1	1	06	0000	0	3	1
0091F8	1	1	06	0000	0	2	1
0091FA	1	1	06	0000	0	3	1
0091FD	1	1	06	0000	0	2	1
0091FF	1	1	06	0000	0	1	1
009200	1	1	06	0000	0	1	1
009201	1	1	06	0000	0	3	1
00920A	1	1	06	0000	0	3	1
00920D	1	1	06	0000	0	3	1
009210	1	1	06	0000	0	3	1
009213	1	1	06	0000	0	3	1
00923A	1	1	06	0000	0	3	1
00923D	1	1	06	0000	0	2	1
00923F	1	1	06	0000	0	2	1
009241	1	1	06	0000	0	2	1
009243	1	1	06	0000	0	2	1
009245	1	1	06	0000	0	2	1
009247	1	1	06	0000	0	1	1
009248	1	1	06	0000	0	3	1
00924B	1	1	06	0000	0	3	1
00924E	1	1	06	0000	0	3	1
009251	1	1	06	0000	0	3	1
009254	1	1	06	0000	0	1	1
009255	1	1	06	0000	0	2	1
009257	1	1	06	0000	0	4	1
00925B	1	1	06	0000	0	3	1
00925E	1	1	06	0000	0	2	1
009260	1	1	06	0000	0	3	1
009263	1	1	06	0000	0	3	1
009266	1	1	06	0000	0	2	1
009268	1	1	06	0000	0	4	1
00926C	1	1	06	0000	0	2	1
00926E	1	1	06	0000	0	3	1
009271	1	1	06	0000	0	3	1
009274	1	1	06	0000	0	1	1
009275	1	1	06	0000	0	2	1
009277	1	1	06	0000	0	3	1
00927A	1	1	06	0000	0	1	1
00927B	1	1	06	0000	0	3	1
00927E	1	1	06	0000	0	2	1
009280	1	1	06	0000	0	3	1
009283	1	1	06	0000	0	4	1
009287	1	1	06	0000	0	2	1
009289	1	0	06	0000	0	2	1
00928B	1	0	06	0000	0	3	1
00928E	1	0	06	0000	0	3	1
009291	1	0	06	0000	0	2	1
009293	1	0	06	0000	0	3	1
009296	1	0	06	0000	0	3	1
009299	1	0	06	0000	0	3	1
00929C	1	0	06	0000	0	2	1
00929E	1	0	06	0000	0	3	1
0092A1	1	0	06	0000	0	3	1
0092A4	1	0	06	0000	0	2	1
0092A6	1	0	06	0000	0	3	1
0092A9	1	0	06	0000	0	3	1
0092AC	1	0	06	0000	0	1	1
0092AD	1	0	06	0000	0	2	1
0092AF	1	0	06	0000	0	2	1
0092B1	1	1	06	0000	0	4	1
0092B5	1	1	06	0000	0	2	1
0092B7	1	1	06	0000	0	3	1
0092BA	1	1	06	0000	0	1	1
0092BB	1	0	06	0000	0	2	1
0092BD	1	0	06	0000	0	2	1
0092BF	1	0	06	0000	0	3	1
0092C2	1	0	06	0000	0	3	1
0092C5	1	0	06	0000	0	3	1
0092C8	1	0	06	0000	0	3	1
0092CB	1	0	06	0000	0	4	1
0092CF	1	0	06	0000	0	3	1
0092D2	1	0	06	0000	0	4	1
0092D6	1	0	06	0000	0	2	1
0092D8	1	0	06	0000	0	2	1
0092DA	1	0	06	0000	0	3	1
0092DD	1	0	06	0000	0	1	1
0092DE	1	0	06	0000	0	1	1
0092DF	1	0	06	0000	0	1	1
0092E0	1	0	06	0000	0	2	1
0092E2	1	0	06	0000	0	1	1
0092E3	1	1	06	0000	0	2	1
0092E5	0	0	06	0000	0	3	1
0092E8	0	0	06	0000	0	3	1
0092EB	0	0	06	0000	0	1	1
0092EC	0	0	06	0000	0	1	1
0092ED	0	0	06	0000	0	2	1
0092EF	0	0	06	0000	0	2	1
0092F1	1	1	06	0000	0	1	1
0092F2	1	1	06	0000	0	2	1
0092F4	0	0	06	0000	0	3	1
0092F7	0	0	06	0000	0	1	1
0092F8	0	0	7E	0000	0	3	1
0092FB	0	0	7E	0000	0	3	1
0092FE	0	0	7E	0000	0	1	1
0092FF	0	0	7E	0000	0	1	1
009300	0	0	7E	0000	0	2	1
009302	0	0	7E	0000	0	1	1
009303	0	0	06	0000	0	2	1
009305	1	1	06	0000	0	1	1
009306	1	1	06	0000	0	2	1
009308	0	0	06	0000	0	3	1
00930B	0	0	06	0000	0	1	1
00930C	0	0	7E	0000	0	3	1
00930F	0	0	7E	0000	0	3	1
009312	0	0	7E	0000	0	1	1
009313	0	0	7E	0000	0	1	1
009314	0	0	7E	0000	0	2	1
009316	0	0	7E	0000	0	1	1
009317	0	0	06	0000	0	2	1
009319	1	1	06	0000	0	1	1
00931A	1	1	06	0000	0	2	1
00931C	1	1	06	0000	0	4	1
009320	1	1	06	0000	0	3	1
009323	1	1	06	0000	0	2	1
009325	1	1	06	0000	0	3	1
009328	1	1	06	0000	0	3	1
00932B	1	1	06	0000	0	3	1
00932E	1	1	06	0000	0	2	1
009330	1	1	06	0000	0	3	1
009333	1	1	06	0000	0	3	1
009336	1	1	06	0000	0	3	1
009339	1	1	06	0000	0	3	1
00933C	1	1	06	0000	0	3	1
00933F	1	1	06	0000	0	3	1
009342	1	1	06	0000	0	3	1
009345	1	1	06	0000	0	2	1
009347	1	1	06	0000	0	2	1
009349	1	1	06	0000	0	2	1
00934B	1	1	06	0000	0	4	1
00934F	1	1	06	0000	0	4	1
009353	1	1	06	0000	0	2	1
009355	1	1	06	0000	0	3	1
009358	1	1	06	0000	0	2	1
00935A	1	1	06	0000	0	3	1
00935D	1	1	06	0000	0	3	1
009360	1	1	06	0000	0	3	1
009363	1	1	06	0000	0	3	1
009366	1	1	06	0000	0	3	1
009369	1	1	06	0000	0	3	1
00936C	1	1	06	0000	0	2	1
00936E	1	1	06	0000	0	3	1
0093A8	1	1	06	0000	0	3	1
0093AB	1	1	06	0000	0	2	1
0093AD	0	0	06	0000	0	1	1
0093AE	0	0	06	0000	0	3	1
0093B1	0	0	06	0000	0	3	1
0093B4	0	0	06	0000	0	3	1
0093B7	0	0	7F	0000	0	3	1
0093BA	0	0	7F	0000	0	3	1
0093BD	0	0	7F	0000	0	3	1
0093C0	0	0	7F	0000	0	3	1
0093C3	0	0	7F	0000	0	3	1
0093C6	0	0	7F	0000	0	1	1
0093C7	0	0	06	0000	0	2	1
0093C9	1	1	06	0000	0	2	1
0093CB	1	1	06	0000	0	3	1
0093CE	1	1	06	0000	0	2	1
0093D0	1	1	06	0000	0	3	1
0093D3	1	1	06	0000	0	2	1
0093D5	1	0	06	0000	0	3	1
0093D8	1	0	06	0000	0	3	1
0093DB	1	0	06	0000	0	3	1
0093DE	1	0	06	0000	0	3	1
0093E1	1	0	06	0000	0	3	1
0093E4	1	0	06	0000	0	3	1
0093E7	1	0	06	0000	0	2	1
0093E9	1	0	06	0000	0	3	1
0093EC	1	0	06	0000	0	3	1
0093EF	1	0	06	0000	0	3	1
0093F2	1	0	06	0000	0	2	1
0093F4	1	1	06	0000	0	3	1
0093F7	1	1	06	0000	0	2	1
0093F9	1	1	06	0000	0	3	1
0093FC	1	1	06	0000	0	3	1
0093FF	1	1	06	0000	0	2	1
009401	1	1	06	0000	0	3	1
009404	1	1	06	0000	0	2	1
009406	1	1	06	0000	0	3	1
009409	1	1	06	0000	0	2	1
00940B	1	0	06	0000	0	3	1
00940E	1	0	06	0000	0	3	1
009411	1	0	06	0000	0	3	1
009414	1	0	06	0000	0	3	1
009417	1	0	06	0000	0	3	1
00941A	1	0	06	0000	0	2	1
00941C	1	1	06	0000	0	3	1
00941F	1	1	06	0000	0	2	1
009421	1	1	06	0000	0	3	1
009424	1	1	06	0000	0	3	1
009427	1	1	06	0000	0	2	1
009429	1	1	06	0000	0	3	1
00942C	1	1	06	0000	0	2	1
00942E	1	1	06	0000	0	3	1
009431	1	1	06	0000	0	2	1
009433	1	0	06	0000	0	3	1
009436	1	0	06	0000	0	3	1
009439	1	0	06	0000	0	3	1
00943C	1	0	06	0000	0	3	1
00943F	1	0	06	0000	0	3	1
009442	1	0	06	0000	0	3	1
009445	1	0	06	0000	0	2	1
009447	1	0	06	0000	0	3	1
00944A	1	0	06	0000	0	3	1
00944D	1	0	06	0000	0	3	1
009450	1	0	06	0000	0	3	1
009453	1	0	06	0000	0	3	1
009456	1	0	06	0000	0	2	1
009458	1	1	06	0000	0	3	1
00945B	1	1	06	0000	0	2	1
00945D	1	1	06	0000	0	3	1
009460	1	1	06	0000	0	3	1
009463	1	1	06	0000	0	2	1
009465	1	1	06	0000	0	2	1
009467	1	1	06	0000	0	3	1
00946A	1	1	06	0000	0	2	1
00946C	1	1	06	0000	0	3	1
00946F	1	1	06	0000	0	2	1
009471	1	1	06	0000	0	3	1
009474	1	1	06	0000	0	2	1
009476	1	0	06	0000	0	3	1
009479	1	0	06	0000	0	3	1
00947C	1	0	06	0000	0	3	1
00947F	1	0	06	0000	0	3	1
009482	1	0	06	0000	0	3	1
009485	1	0	06	0000	0	2	1
009487	1	1	06	0000	0	3	1
00948A	1	1	06	0000	0	2	1
00948C	1	1	06	0000	0	3	1
00948F	1	1	06	0000	0	3	1
009492	1	1	06	0000	0	2	1
009497	1	1	06	0000	0	2	1
009499	1	1	06	0000	0	3	1
00949C	1	1	06	0000	0	3	1
00949F	1	1	06	0000	0	2	1
0094A1	0	1	06	0000	0	3	1
0094A4	0	1	06	0000	0	3	1
0094A7	0	1	06	0000	0	2	1
0094A9	1	1	06	0000	0	3	1
0094AC	1	1	06	0000	0	3	1
0094AF	1	1	06	0000	0	2	1
0094B1	1	0	06	0000	0	3	1
0094B4	1	0	06	0000	0	3	1
0094B7	1	0	06	0000	0	3	1
0094BA	1	0	06	0000	0	3	1
0094BD	1	0	06	0000	0	3	1
0094C0	1	0	06	0000	0	3	1
0094C3	1	0	06	0000	0	3	1
0094C6	1	0	06	0000	0	3	1
0094C9	1	0	06	0000	0	2	1
0094CB	0	0	06	0000	0	3	1
0094CE	0	0	06	0000	0	1	1
0094CF	0	0	06	0000	0	3	1
0094D2	0	0	06	0000	0	3	1
0094D5	0	0	06	0000	0	2	1
0094D7	1	1	06	0000	0	2	1
0094D9	1	1	06	0000	0	2	1
0094DB	1	1	06	0000	0	3	1
0094DE	1	1	06	0000	0	3	1
0094E1	1	1	06	0000	0	2	1
0094E3	0	0	06	0000	0	1	1
0094E4	0	0	06	0000	0	3	1
0094E7	0	0	06	0000	0	3	1
0094EA	0	0	06	0000	0	3	1
0094ED	0	0	7F	0000	0	3	1
0094F0	0	0	7F	0000	0	3	1
0094F3	0	0	7F	0000	0	3	1
0094F6	0	0	7F	0000	0	3	1
0094F9	0	0	7F	0000	0	3	1
0094FC	0	0	7F	0000	0	1	1
0094FD	0	0	06	0000	0	2	1
0094FF	1	1	06	0000	0	1	1
009500	1	1	06	0000	0	2	1
009502	0	0	06	0000	0	1	1
009503	0	0	06	0000	0	3	1
009506	0	0	06	0000	0	3	1
009509	0	0	06	0000	0	3	1
00950C	0	0	00	0000	0	3	1
00950F	0	0	00	0000	0	3	1
009512	0	0	00	0000	0	3	1
009515	0	0	00	0000	0	3	1
009518	0	0	00	0000	0	3	1
00951B	0	0	00	0000	0	2	1
00951D	1	1	06	0000	0	2	1
00951F	0	0	06	0000	0	1	1
009520	0	0	06	0000	0	3	1
009523	0	0	06	0000	0	3	1
009526	0	0	06	0000	0	3	1
009529	0	0	00	0000	0	3	1
00952C	0	0	00	0000	0	3	1
00952F	0	0	00	0000	0	3	1
009532	0	0	00	0000	0	3	1
009535	0	0	00	0000	0	3	1
009538	0	0	00	0000	0	1	1
009539	0	0	06	0000	0	2	1
00953B	1	1	06	0000	0	2	1
00953D	1	1	06	0000	0	3	1
009540	1	1	06	0000	0	1	1
009545	1	0	06	0000	0	3	1
009548	1	0	06	0000	0	1	1
009549	1	0	06	0000	0	2	1
00954B	0	0	06	0000	0	3	1
00954E	0	0	06	0000	0	1	1
00954F	0	0	06	0000	0	3	1
009552	0	0	06	0000	0	3	1
009555	0	0	06	0000	0	3	1
009558	0	0	06	0000	0	3	1
00955B	0	0	06	0000	0	3	1
00955E	0	0	06	0000	0	3	1
009561	0	0	06	0000	0	3	1
009564	0	0	06	0000	0	3	1
009567	0	0	06	0000	0	3	1
00956A	0	0	06	0000	0	1	1
00956B	0	0	06	0000	0	1	1
00956C	0	0	06	0000	0	3	1
00956F	0	0	06	0000	0	2	1
009571	0	0	06	0000	0	2	1
009573	1	0	06	0000	0	1	1
009574	1	0	06	0000	0	2	1
009576	1	0	06	0000	0	3	1
009579	1	0	06	0000	0	1	1
00957A	0	0	06	0000	0	3	1
00957D	0	0	06	0000	0	3	1
009580	0	0	06	0000	0	3	1
009583	0	0	06	0000	0	3	1
009586	0	0	06	0000	0	3	1
009589	0	0	06	0000	0	3	1
00958C	0	0	06	0000	0	1	1
00958D	0	0	06	0000	0	3	1
009590	0	0	06	0000	0	3	1
009593	0	0	06	0000	0	2	1
009595	0	0	06	0000	0	3	1
009598	0	0	06	0000	0	3	1
00959B	0	0	06	0000	0	3	1
00959E	0	0	06	0000	0	1	1
0095A3	1	0	06	0000	0	3	1
0095A6	1	0	06	0000	0	1	1
0095A7	1	0	06	0000	0	2	1
0095A9	0	0	06	0000	0	3	1
0095AC	0	0	06	0000	0	1	1
0095AD	0	0	06	0000	0	3	1
0095B0	0	0	06	0000	0	3	1
0095B3	0	0	06	0000	0	3	1
0095B6	0	0	06	0000	0	3	1
0095B9	0	0	06	0000	0	3	1
0095BC	0	0	06	0000	0	3	1
0095BF	0	0	06	0000	0	3	1
0095C2	0	0	06	0000	0	3	1
0095C5	0	0	06	0000	0	3	1
0095C8	0	0	06	0000	0	1	1
0095C9	0	0	06	0000	0	1	1
0095CA	0	0	06	0000	0	3	1
0095CD	0	0	06	0000	0	2	1
0095CF	0	0	06	0000	0	2	1
0095D1	1	0	06	0000	0	1	1
0095D2	1	0	06	0000	0	2	1
0095D4	1	0	06	0000	0	3	1
0095D7	1	0	06	0000	0	1	1
0095D8	0	0	06	0000	0	3	1
0095DB	0	0	06	0000	0	3	1
0095DE	0	0	06	0000	0	3	1
0095E1	0	0	06	0000	0	3	1
0095E4	0	0	06	0000	0	3	1
0095E7	0	0	06	0000	0	3	1
0095EA	0	0	06	0000	0	1	1
0095EB	0	0	06	0000	0	3	1
0095EE	0	0	06	0000	0	2	1
0095F0	0	0	06	0000	0	3	1
0095F3	0	0	06	0000	0	3	1
0095F6	0	0	06	0000	0	3	1
0095F9	0	0	06	0000	0	1	1
0095FA	1	1	06	0000	0	2	1
0095FC	1	1	06	0000	0	3	1
0095FF	1	1	06	0000	0	3	1
009602	1	1	06	0000	0	2	1
009604	1	1	06	0000	0	3	1
009607	1	1	06	0000	0	2	1
009609	1	0	06	0000	0	3	1
00960C	1	0	06	0000	0	3	1
00960F	1	0	06	0000	0	3	1
009612	1	0	06	0000	0	3	1
009615	1	0	06	0000	0	3	1
009618	1	0	06	0000	0	3	1
00961B	1	0	06	0000	0	3	1
00961E	1	0	06	0000	0	3	1
009621	1	0	06	0000	0	2	1
009623	1	1	06	0000	0	2	1
009625	1	1	06	0000	0	3	1
009628	1	1	06	0000	0	3	1
00962B	1	1	06	0000	0	3	1
00962E	1	1	06	0000	0	2	1
009630	1	1	06	0000	0	1	1
009631	1	1	06	0000	0	2	1
009633	1	1	06	0000	0	2	1
009635	1	1	06	0000	0	2	1
009637	1	1	06	0000	0	2	1
009639	1	1	06	0000	0	2	1
00963B	1	1	06	0000	0	3	1
00963E	1	1	06	0000	0	3	1
009641	1	1	06	0000	0	2	1
009647	1	1	06	0000	0	3	1
00964A	1	1	06	0000	0	3	1
00964D	1	1	06	0000	0	3	1
009650	1	1	06	0000	0	3	1
009653	1	1	06	0000	0	3	1
009656	1	1	06	0000	0	3	1
009659	1	1	06	0000	0	3	1
00965C	1	1	06	0000	0	3	1
00965F	1	1	06	0000	0	3	1
009662	1	1	06	0000	0	3	1
009665	1	1	06	0000	0	3	1
009668	1	1	06	0000	0	2	1
00966A	1	1	06	0000	0	3	1
00966D	1	1	06	0000	0	2	1
00966F	1	1	06	0000	0	3	1
009672	1	1	06	0000	0	3	1
009675	1	1	06	0000	0	3	1
009678	1	1	06	0000	0	3	1
00967B	1	1	06	0000	0	3	1
00967E	1	1	06	0000	0	2	1
009680	0	1	06	0000	0	3	1
009683	0	1	06	0000	0	3	1
009686	0	1	06	0000	0	2	1
009688	1	1	06	0000	0	3	1
00968B	1	1	06	0000	0	2	1
00968D	1	1	06	0000	0	3	1
009690	1	1	06	0000	0	2	1
009692	1	1	06	0000	0	2	1
009694	1	1	06	0000	0	2	1
009696	1	1	06	0000	0	2	1
009698	1	1	06	0000	0	2	1
00969A	1	1	06	0000	0	3	1
00969D	1	1	06	0000	0	2	1
00969F	1	1	06	0000	0	3	1
0096A2	1	1	06	0000	0	3	1
0096A5	1	1	06	0000	0	3	1
0096A8	1	1	06	0000	0	3	1
0096AB	1	1	06	0000	0	3	1
0096AE	1	1	06	0000	0	2	1
0096B0	1	1	06	0000	0	3	1
0096BF	1	1	06	0000	0	2	1
0096C1	1	1	06	0000	0	2	1
0096C3	1	1	06	0000	0	2	1
0096C5	1	1	06	0000	0	3	1
0096C8	1	1	06	0000	0	3	1
0096CB	1	1	06	0000	0	3	1
0096CE	1	1	06	0000	0	3	1
0096D1	1	1	06	0000	0	3	1
0096D4	1	1	06	0000	0	2	1
0096D6	1	1	06	0000	0	3	1
0096D9	1	1	06	0000	0	3	1
0096DC	1	1	06	0000	0	2	1
0096DE	1	1	06	0000	0	2	1
0096E0	1	1	06	0000	0	2	1
0096E2	1	1	06	0000	0	2	1
0096E4	1	1	06	0000	0	2	1
0096E6	1	1	06	0000	0	2	1
0096E8	1	1	06	0000	0	3	1
0096EB	1	1	06	0000	0	3	1
0096EE	1	1	06	0000	0	3	1
0096F1	1	1	06	0000	0	1	1
0096F2	1	1	06	0000	0	3	1
0096F5	1	1	06	0000	0	2	1
0096F7	1	1	06	0000	0	3	1
009700	1	1	06	0000	0	3	1
009703	1	1	06	0000	0	3	1
009706	1	1	06	0000	0	2	1
009708	1	1	06	0000	0	2	1
00970A	1	1	06	0000	0	3	1
00970D	1	1	06	0000	0	2	1
00970F	1	1	06	0000	0	2	1
009711	1	1	06	0000	0	1	1
009712	1	1	06	0000	0	3	1
009715	1	1	06	0000	0	2	1
009717	1	1	06	0000	0	3	1
00971A	1	1	06	0000	0	3	1
00971D	1	1	06	0000	0	3	1
009720	1	1	06	0000	0	2	1
009722	1	1	06	0000	0	2	1
009724	1	1	06	0000	0	2	1
009726	1	1	06	0000	0	1	1
009727	1	1	06	0000	0	3	1
00972A	1	1	06	0000	0	2	1
00972C	1	1	06	0000	0	3	1
00972F	1	1	06	0000	0	2	1
009731	1	1	06	0000	0	4	1
009735	1	1	06	0000	0	2	1
009737	1	1	06	0000	0	3	1
00973A	1	1	06	0000	0	2	1
00973C	1	1	06	0000	0	3	1
00973F	1	1	06	0000	0	3	1
009742	1	1	06	0000	0	3	1
009745	1	1	06	0000	0	3	1
009748	1	1	06	0000	0	3	1
00974B	1	1	06	0000	0	2	1
00974D	1	1	06	0000	0	4	1
009751	1	1	06	0000	0	3	1
009754	1	1	06	0000	0	2	1
009756	1	1	06	0000	0	3	1
009759	1	1	06	0000	0	2	1
00975B	1	1	06	0000	0	3	1
00975E	1	1	06	0000	0	3	1
009761	1	1	06	0000	0	3	1
009764	1	1	06	0000	0	1	1
009765	1	1	06	0000	0	1	1
009766	1	1	06	0000	0	2	1
009768	1	1	06	0000	0	1	1
009769	1	1	06	0000	0	3	1
00976C	1	1	06	0000	0	3	1
00976F	1	1	06	0000	0	3	1
009772	1	1	06	0000	0	2	1
009779	1	1	06	0000	0	3	1
00977C	1	1	06	0000	0	2	1
00977E	1	1	06	0000	0	2	1
009780	1	1	06	0000	0	2	1
009782	1	1	06	0000	0	2	1
009784	1	1	06	0000	0	1	1
009785	1	1	06	0000	0	2	1
009787	1	1	06	0000	0	3	1
00979A	1	1	06	0000	0	2	1
00979C	1	1	06	0000	0	2	1
00979E	1	1	06	0000	0	2	1
0097A0	1	1	06	0000	0	2	1
0097A2	1	1	06	0000	0	4	1
0097A6	1	1	06	0000	0	2	1
0097A8	1	1	06	0000	0	3	1
0097AB	1	1	06	0000	0	2	1
0097AD	1	1	06	0000	0	2	1
0097AF	1	1	06	0000	0	3	1
0097B2	1	1	06	0000	0	2	1
0097B4	1	1	06	0000	0	3	1
0097B7	1	1	06	0000	0	2	1
0097B9	1	1	06	0000	0	3	1
0097BC	1	1	06	0000	0	3	1
0097BF	1	1	06	0000	0	3	1
0097C2	1	1	06	0000	0	2	1
0097C4	1	1	06	0000	0	4	1
0097C8	1	1	06	0000	0	2	1
0097CA	0	1	06	0000	0	3	1
0097CD	0	1	06	0000	0	4	1
0097D1	0	1	06	0000	0	2	1
0097D3	1	1	06	0000	0	2	1
0097D5	1	1	06	0000	0	3	1
0097D8	1	1	06	0000	0	3	1
0097DB	1	1	06	0000	0	3	1
0097DE	1	1	06	0000	0	2	1
0097E0	1	1	06	0000	0	3	1
0097E3	1	1	06	0000	0	3	1
0097E6	1	1	06	0000	0	2	1
0097E8	1	1	06	0000	0	3	1
0097EB	1	1	06	0000	0	2	1
0097ED	0	1	06	0000	0	3	1
0097F0	0	1	06	0000	0	2	1
0097F2	0	1	06	0000	0	1	1
0097F3	0	1	06	0000	0	3	1
0097F6	0	1	06	0000	0	3	1
0097F9	0	1	06	0000	0	1	1
0097FA	0	1	06	0000	0	3	1
0097FD	0	1	06	0000	0	3	1
009800	0	1	06	0000	0	2	1
009802	1	1	06	0000	0	1	1
009803	1	1	06	0000	0	2	1
009805	0	1	06	0000	0	3	1
009808	0	1	06	0000	0	3	1
00980B	0	1	06	0000	0	3	1
00980E	0	1	06	0000	0	2	1
009810	0	1	06	0000	0	2	1
009812	0	1	06	0000	0	2	1
009814	0	1	06	0000	0	2	1
009816	1	1	06	0000	0	3	1
009819	0	1	06	0000	0	2	1
00981B	0	1	06	0000	0	3	1
00981E	0	1	06	0000	0	3	1
009821	0	1	06	0000	0	2	1
009823	1	1	06	0000	0	1	1
009824	1	1	06	0000	0	3	1
009827	1	1	06	0000	0	1	1
009828	1	1	06	09D8	0	4	1
00982C	1	1	06	09D8	0	1	1
00982D	1	1	06	0000	0	2	1
00982F	1	1	06	0000	0	2	1
009831	1	1	06	0000	0	2	1
009833	1	1	06	0000	0	3	1
009836	1	1	06	0000	0	2	1
009838	1	1	06	0000	0	2	1
009846	1	1	06	0000	0	3	1
009849	1	1	06	0000	0	3	1
00984C	1	1	06	0000	0	3	1
00984F	1	1	06	0000	0	2	1
009851	1	1	06	0000	0	2	1
009853	1	1	06	0000	0	2	1
009855	1	1	06	0000	0	2	1
009857	1	1	06	0000	0	3	1
00985A	1	1	06	0000	0	2	1
00985C	0	1	06	0000	0	3	1
00985F	0	1	06	0000	0	4	1
009863	0	1	06	0000	0	2	1
009865	1	1	06	0000	0	3	1
009868	1	1	06	0000	0	3	1
00986B	1	1	06	0000	0	2	1
00986D	1	1	06	0000	0	3	1
009870	1	1	06	0000	0	3	1
009873	1	1	06	0000	0	3	1
009876	1	1	06	0000	0	2	1
009878	1	1	06	0000	0	1	1
009879	1	1	06	0000	0	1	1
00987A	1	1	06	0000	0	3	1
00987D	1	1	06	0000	0	1	1
00987E	1	1	06	0000	0	1	1
00987F	1	1	06	0000	0	2	1
009881	1	1	06	0000	0	3	1
009884	1	1	06	0000	0	2	1
009886	1	1	06	0000	0	3	1
009889	1	1	06	0000	0	2	1
00988B	1	1	06	0000	0	3	1
00988E	1	1	06	0000	0	2	1
009890	1	1	06	0000	0	3	1
009893	1	1	06	0000	0	2	1
009898	1	1	06	0000	0	2	1
00989A	0	1	06	0000	0	3	1
00989D	0	1	06	0000	0	3	1
0098A0	0	1	06	0000	0	3	1
0098A3	0	1	06	0000	0	3	1
0098A6	0	1	06	0000	0	3	1
0098A9	0	1	06	0000	0	3	1
0098AC	0	1	06	0000	0	3	1
0098AF	0	1	06	0000	0	3	1
0098B2	0	1	06	0000	0	2	1
0098B4	1	1	06	0000	0	3	1
0098B7	1	1	06	0000	0	1	1
0098B8	1	1	06	0000	0	1	1
0098B9	1	1	06	0000	0	3	1
0098BC	1	1	06	1CF8	0	3	1
0098BF	1	1	06	1CF8	0	3	1
0098C2	1	1	06	1CF8	0	1	1
0098C3	1	1	06	0000	0	1	1
0098C4	1	1	06	0000	0	3	1
0098C7	1	1	06	0000	0	3	1
0098CA	1	1	06	0000	0	2	1
0098CC	1	1	06	0000	0	2	1
0098CE	1	1	06	0000	0	2	1
0098D0	1	1	06	0000	0	2	1
0098D2	1	1	06	0000	0	3	1
0098D5	1	1	06	0000	0	1	1
0098D6	1	1	06	0000	0	3	1
0098D9	1	1	06	0000	0	2	1
0098EE	1	1	06	0000	0	3	1
0098F1	1	1	06	0000	0	2	1
0098F3	1	1	06	0000	0	3	1
0098F6	1	1	06	0000	0	3	1
0098F9	1	1	06	0000	0	2	1
0098FB	1	1	06	0000	0	4	1
0098FF	1	1	06	0000	0	3	1
009902	1	1	06	0000	0	3	1
009905	1	1	06	0000	0	3	1
009908	1	1	06	0000	0	3	1
00990B	1	1	06	0000	0	3	1
00990E	1	1	06	0000	0	3	1
009911	1	1	06	0000	0	2	1
009913	1	1	06	0000	0	2	1
009915	1	1	06	0000	0	2	1
009917	1	1	06	0000	0	2	1
009919	1	1	06	0000	0	2	1
00991B	1	1	06	0000	0	2	1
00991D	0	1	06	0000	0	3	1
009920	0	1	06	0000	0	3	1
009923	0	1	06	0000	0	3	1
009926	0	1	06	0000	0	2	1
009928	1	1	06	0000	0	1	1
009929	1	1	06	0000	0	3	1
00992C	1	1	06	0000	0	2	1
00992E	1	1	06	0000	0	2	1
009938	1	1	06	0000	0	2	1
00993A	1	1	06	0000	0	2	1
00993C	1	1	06	0000	0	3	1
00993F	1	1	06	0000	0	2	1
009941	1	1	06	0000	0	2	1
009943	1	1	06	0000	0	2	1
009945	1	1	06	0000	0	2	1
009947	1	1	06	0000	0	1	1
009986	1	1	06	0000	0	2	1
009988	1	1	06	0000	0	2	1
00998A	1	1	06	0000	0	3	1
00998D	1	1	06	0000	0	3	1
009990	1	1	06	0000	0	3	1
009993	1	1	06	0000	0	3	1
009996	1	1	06	0000	0	3	1
009999	1	1	06	0000	0	2	1
0099E7	1	1	06	0000	0	1	1
0099E8	1	1	06	0000	0	2	1
0099EA	0	1	06	0000	0	2	1
0099EC	0	1	06	0000	0	2	1
0099EE	1	1	06	0000	0	2	1
0099F0	1	1	06	0000	0	3	1
0099F3	1	1	06	0000	0	3	1
0099F6	1	1	06	0000	0	3	1
0099F9	1	1	06	0000	0	2	1
0099FB	1	1	06	0000	0	3	1
0099FE	1	1	06	0000	0	2	1
009A00	1	1	06	0000	0	2	1
009A06	1	1	06	0000	0	2	1
009A08	1	1	06	0000	0	2	1
009A0A	1	1	06	0000	0	2	1
009A0C	1	1	06	0000	0	1	1
009A0D	1	1	06	0000	0	2	1
009A0F	1	1	06	0000	0	3	1
009A36	1	1	06	0000	0	3	1
009A39	1	1	06	0000	0	2	1
009A3B	1	1	06	0000	0	2	1
009A3D	1	1	06	0000	0	2	1
009A3F	1	1	06	0000	0	3	1
009A42	1	1	06	0000	0	2	1
009A44	1	1	06	0000	0	2	1
009A46	1	1	06	0000	0	1	1
009A47	1	1	06	0000	0	2	1
009A49	1	1	06	0000	0	2	1
009A4B	1	1	06	0000	0	2	1
009A4D	1	1	06	0000	0	2	1
009A4F	1	1	06	0000	0	2	1
009A51	1	1	06	0000	0	2	1
009A53	1	1	06	0000	0	3	1
009A56	1	1	06	0000	0	3	1
009A59	1	1	06	0000	0	3	1
009A5C	1	1	06	0000	0	3	1
009A5F	1	1	06	0000	0	2	1
009A61	1	1	06	0000	0	3	1
009A64	1	1	06	0000	0	3	1
009A67	1	1	06	0000	0	3	1
009A6A	1	1	06	0000	0	2	1
009A6C	1	1	06	0000	0	2	1
009A71	1	1	06	0000	0	3	1
009A74	1	1	06	0000	0	1	1
009A75	1	1	06	0000	0	2	1
009A77	1	1	06	0000	0	3	1
009A7A	1	1	06	0000	0	2	1
009A7C	1	1	06	0000	0	2	1
009A7E	1	1	06	0000	0	2	1
009A80	1	1	06	0000	0	2	1
009A8D	1	1	06	0000	0	3	1
009A90	1	1	06	0000	0	2	1
009A9C	1	1	06	0000	0	3	1
009A9F	1	1	06	0000	0	3	1
009AA2	1	1	06	0000	0	3	1
009AA5	1	1	06	0000	0	2	1
009AB4	1	1	06	0000	0	3	1
009AB7	1	1	06	0000	0	2	1
009AB9	1	1	06	0000	0	2	1
009ABB	1	1	06	0000	0	1	1
009ABC	1	1	06	0000	0	2	1
009ABE	1	1	06	0000	0	3	1
009AC1	1	1	06	0000	0	2	1
009AC3	1	1	06	0000	0	3	1
009AC6	1	1	06	0000	0	3	1
009AC9	1	1	06	0000	0	2	1
009ACB	1	1	06	0000	0	3	1
009ACE	1	1	06	0000	0	3	1
009AD1	1	1	06	0000	0	2	1
009AD3	1	1	06	0000	0	3	1
009AD6	1	1	06	0000	0	2	1
009AD8	1	1	06	0000	0	3	1
009ADB	1	1	06	0000	0	3	1
009ADE	1	1	06	0000	0	3	1
009B56	1	1	06	0000	0	2	1
009B58	0	1	06	0000	0	3	1
009B5B	0	1	06	0000	0	3	1
009B5E	0	1	06	0000	0	3	1
009B61	0	1	06	0000	0	2	1
009B63	0	1	06	0000	0	2	1
009B65	0	1	06	0000	0	2	1
009B67	0	1	06	0000	0	2	1
009B69	1	1	06	0000	0	3	1
009B6C	0	1	06	0000	0	2	1
009B6E	0	1	06	0000	0	3	1
009B71	0	1	06	0000	0	3	1
009B74	0	1	06	0000	0	2	1
009B76	1	1	06	0000	0	1	1
009B77	1	1	06	0000	0	3	1
009B7A	1	1	06	0000	0	1	1
009B7B	1	1	06	09D8	0	4	1
009B7F	1	1	06	09D8	0	1	1
009B80	1	1	06	0000	0	2	1
009B82	0	1	06	0000	0	3	1
009B85	0	1	06	0000	0	3	1
009B88	0	1	06	0000	0	3	1
009B8B	0	1	06	0000	0	3	1
009B8E	0	1	06	0000	0	3	1
009B91	0	1	06	0000	0	2	1
009B93	1	1	06	0000	0	2	1
009B95	1	1	06	0000	0	2	1
009B97	1	1	06	0000	0	3	1
009B9A	1	1	06	0000	0	2	1
009B9C	1	1	06	0000	0	2	1
009B9E	1	1	06	0000	0	2	1
009BA0	1	1	06	0000	0	2	1
009BA2	1	1	06	0000	0	2	1
009BA4	1	1	06	0000	0	2	1
009BA6	1	1	06	0000	0	2	1
009BA8	1	1	06	0000	0	3	1
009BAB	1	1	06	0000	0	3	1
009BAE	1	1	06	0000	0	3	1
009BB1	1	1	06	0000	0	3	1
009BB4	1	1	06	0000	0	3	1
009BB7	1	1	06	0000	0	3	1
009BBA	1	1	06	0000	0	2	1
009BBC	1	1	06	0000	0	3	1
009BBF	1	1	06	0000	0	3	1
009BC2	1	1	06	0000	0	3	1
009BC5	1	1	06	0000	0	3	1
009BC8	1	1	06	0000	0	3	1
009BCB	1	1	06	0000	0	2	1
009BCD	1	1	06	0000	0	2	1
009BCF	1	1	06	0000	0	3	1
009BD2	1	1	06	0000	0	3	1
009BD5	1	1	06	0000	0	3	1
009BD8	1	1	06	0000	0	2	1
009BDA	1	1	06	0000	0	2	1
009BDC	1	1	06	0000	0	2	1
009BDE	1	1	06	0000	0	3	1
009BE1	1	1	06	0000	0	3	1
009BE4	1	1	06	0000	0	2	1
009BE6	1	1	06	0000	0	2	1
009BE8	1	1	06	0000	0	1	1
009C0A	1	1	06	0000	0	1	1
009D67	1	1	06	0000	0	2	1
009D69	1	0	06	0000	0	2	1
009D6B	1	0	06	0000	0	3	1
009D6E	1	0	06	0000	0	2	1
009D70	1	0	06	0000	0	2	1
009D72	1	0	06	0000	0	3	1
009D75	1	0	06	0000	0	3	1
009D78	1	0	06	0000	0	3	1
009D7B	1	0	06	0000	0	3	1
009D7E	1	0	06	0000	0	3	1
009D81	1	0	06	0000	0	3	1
009D84	1	0	06	0000	0	3	1
009D87	1	0	06	0000	0	3	1
009D8A	1	0	06	0000	0	3	1
009D8D	1	0	06	0000	0	3	1
009D90	1	0	06	0000	0	3	1
009D93	1	0	06	0000	0	2	1
009D95	1	1	06	0000	0	3	1
009D98	1	1	06	0000	0	2	1
009D9A	1	1	06	0000	0	3	1
009D9D	1	1	06	0000	0	3	1
009DA0	1	1	06	0000	0	3	1
009DA3	1	1	06	0000	0	3	1
009DA6	1	1	06	0000	0	3	1
009DA9	1	1	06	0000	0	2	1
009DAB	1	1	06	0000	0	3	1
009DAE	1	1	06	0000	0	3	1
009DB1	1	1	06	0000	0	3	1
009DB4	1	1	06	0000	0	2	1
009DB6	1	1	06	0000	0	2	1
009DB8	1	1	06	0000	0	2	1
009DBA	1	1	06	0000	0	2	1
009DBC	1	1	06	0000	0	2	1
009DBE	1	1	06	0000	0	3	1
009DC1	1	1	06	0000	0	3	1
009DC4	1	1	06	0000	0	2	1
009DC6	1	1	06	0000	0	3	1
009DC9	1	1	06	0000	0	3	1
009DCC	1	1	06	0000	0	3	1
009DCF	1	1	06	0000	0	2	1
009DD1	1	1	06	0000	0	2	1
009DD3	1	1	06	0000	0	2	1
009DD5	1	1	06	0000	0	2	1
009DD7	1	1	06	0000	0	2	1
009DD9	1	1	06	0000	0	2	1
009DF6	1	1	06	0000	0	3	1
009DF9	1	1	06	0000	0	2	1
009DFB	1	1	06	0000	0	2	1
009E12	1	1	06	0000	0	3	1
009E15	1	1	06	0000	0	2	1
009E17	1	1	06	0000	0	2	1
009E19	1	1	06	0000	0	2	1
009E1B	1	1	06	0000	0	2	1
009E1D	1	1	06	0000	0	3	1
009E20	1	1	06	0000	0	3	1
009E23	1	1	06	0000	0	2	1
009E25	1	1	06	0000	0	2	1
009E40	1	1	06	0000	0	3	1
009E43	1	1	06	0000	0	2	1
009E45	1	1	06	0000	0	2	1
009E47	1	1	06	0000	0	2	1
009E49	1	1	06	0000	0	2	1
009E63	1	1	06	0000	0	3	1
009E66	1	1	06	0000	0	3	1
009E69	1	1	06	0000	0	1	1
009E6A	1	1	06	0000	0	1	1
009E6B	1	1	06	0000	0	2	1
009E6D	1	1	06	0000	0	1	1
009E6E	1	1	06	0000	0	4	1
009E72	1	1	06	0000	0	3	1
009E75	1	1	06	0000	0	2	1
009E77	1	1	06	0000	0	3	1
009E7A	1	1	06	0000	0	2	1
009E7C	1	1	06	0000	0	3	1
009E7F	1	1	06	0000	0	3	1
009E82	1	1	06	0000	0	3	1
009E85	1	1	06	0000	0	3	1
009E88	1	1	06	0000	0	3	1
009E8B	1	1	06	0000	0	3	1
009E8E	1	1	06	0000	0	3	1
009E91	1	1	06	0000	0	2	1
009E93	1	1	06	0000	0	2	1
009E95	1	1	06	0000	0	2	1
009E97	1	1	06	0000	0	3	1
009E9A	1	1	06	0000	0	2	1
009E9C	1	1	06	0000	0	2	1
009E9E	0	1	06	0000	0	3	1
009EA1	0	1	06	0000	0	3	1
009EA4	0	1	06	0000	0	3	1
009EA7	0	1	06	0000	0	2	1
009EA9	1	1	06	0000	0	3	1
009EAC	1	1	06	0000	0	3	1
009EAF	1	1	06	0000	0	2	1
009EB1	0	1	06	0000	0	3	1
009EB4	0	1	06	0000	0	3	1
009EB7	0	1	06	0000	0	3	1
009EBA	0	1	06	0000	0	2	1
009EBC	1	1	06	0000	0	3	1
009EBF	1	1	06	0000	0	2	1
009EC1	1	1	06	0000	0	2	1
009EEE	1	1	06	0000	0	2	1
009EF0	1	1	06	0000	0	2	1
009EF2	1	1	06	0000	0	4	1
009EF6	1	1	06	0000	0	2	1
009EF8	1	1	06	0000	0	2	1
009EFA	1	1	06	0000	0	4	1
009EFE	1	1	06	0000	0	2	1
009F00	1	1	06	0000	0	3	1
009F03	1	1	06	0000	0	2	1
009F05	1	1	06	0000	0	2	1
009F07	1	1	06	0000	0	4	1
009F0B	1	1	06	0000	0	2	1
009F0D	1	1	06	0000	0	4	1
009F11	1	1	06	0000	0	3	1
009F14	1	1	06	0000	0	3	1
009F17	1	1	06	0000	0	3	1
009F1A	1	1	06	0000	0	3	1
009F1D	1	1	06	0000	0	2	1
009F1F	1	1	06	0000	0	3	1
009F22	1	1	06	0000	0	3	1
009F25	1	1	06	0000	0	3	1
009F28	1	1	06	0000	0	2	1
009F2A	1	1	06	0000	0	3	1
009F2D	1	1	06	0000	0	3	1
009F30	1	1	06	0000	0	3	1
009F33	1	1	06	0000	0	3	1
009F36	1	1	06	0000	0	2	1
009F38	1	1	06	0000	0	3	1
009F3B	1	1	06	0000	0	3	1
009F3E	1	1	06	0000	0	3	1
009F41	1	1	06	0000	0	2	1
009F43	1	1	06	0000	0	3	1
009F46	1	1	06	0000	0	1	1
009F47	1	1	06	0000	0	2	1
009F49	1	1	06	0000	0	3	1
009F4C	1	1	06	0000	0	2	1
009F4E	1	1	06	0000	0	2	1
009F50	1	1	06	0000	0	3	1
009F53	1	1	06	0000	0	2	1
009F55	1	1	06	0000	0	2	1
009F9C	1	1	06	0000	0	1	1
009FDB	1	1	06	0000	0	2	1
009FDD	0	1	06	0000	0	2	1
009FDF	0	1	06	0000	0	3	1
009FE2	0	1	06	0000	0	1	1
009FE3	0	1	06	0000	0	1	1
009FE4	0	1	06	0000	0	2	1
009FE6	0	1	06	0000	0	2	1
009FE8	1	1	06	0000	0	1	1
009FE9	1	1	06	0000	0	2	1
009FEB	0	1	06	0000	0	2	1
009FED	0	1	06	0000	0	3	1
009FF0	0	1	06	0000	0	2	1
009FF2	0	1	06	0000	0	2	1
009FF4	0	1	06	0000	0	2	1
009FF6	0	1	06	0000	0	3	1
009FF9	0	1	06	0000	0	3	1
009FFC	0	1	06	0000	0	1	1
009FFD	0	1	06	0000	0	1	1
009FFE	0	1	06	0000	0	2	1
00A000	0	1	06	0000	0	2	1
00A002	1	1	06	0000	0	1	1
00A106	1	1	06	1518	0	1	1
00A107	1	1	06	1518	0	3	1
00A10A	1	1	06	1518	0	1	1
00A10B	1	1	06	0000	0	3	1
00A10E	1	1	06	0000	0	1	1
00A10F	1	1	06	1518	0	1	1
00A110	1	1	06	0000	0	2	1
00A112	1	1	06	0000	0	2	1
00A114	1	1	06	0000	0	2	1
00A116	1	1	06	0000	0	2	1
00A118	1	1	06	0000	0	3	1
00A11B	1	1	06	0000	0	2	1
00A11D	1	1	06	0000	0	2	1
00A11F	1	1	06	0000	0	2	1
00A121	1	1	06	0000	0	2	1
00A123	1	1	06	0000	0	1	1
00A124	1	1	06	0000	0	1	1
00A125	1	1	06	0000	0	2	1
00A127	1	1	06	0000	0	2	1
00A129	1	1	06	0000	0	2	1
00A12B	1	1	06	0000	0	1	1
00A151	1	1	06	0000	0	3	1
00A154	1	1	06	0000	0	1	1
00A155	1	1	06	0000	0	2	1
00A157	0	0	06	0000	0	3	1
00A15A	0	0	06	0000	0	3	1
00A15D	0	0	06	0000	0	4	1
00A161	0	0	06	0000	0	1	1
00A162	0	0	06	0000	0	1	1
00A163	0	0	06	0000	0	2	1
00A165	0	0	06	0000	0	3	1
00A168	0	0	06	0000	0	3	1
00A16B	0	0	06	0000	0	3	1
00A16E	0	0	06	0000	0	3	1
00A171	0	0	06	0000	0	3	1
00A174	0	0	06	0000	0	3	1
00A177	0	0	06	0000	0	4	1
00A17B	0	0	06	0000	0	1	1
00A17C	0	0	06	0000	0	1	1
00A17D	0	0	06	0000	0	1	1
00A17E	0	0	06	0000	0	1	1
00A17F	0	0	06	0000	0	2	1
00A181	0	0	06	0000	0	1	1
00A182	0	0	06	0000	0	1	1
00A183	0	0	06	0000	0	3	1
00A186	0	0	06	0000	0	3	1
00A189	0	0	06	0000	0	3	1
00A18C	0	0	06	0000	0	1	1
00A18D	0	0	06	0000	0	3	1
00A190	0	0	06	0000	0	2	1
00A192	0	0	06	0000	0	2	1
00A194	1	1	06	0000	0	1	1
00A1CC	1	1	06	0000	0	2	1
00A1CE	1	1	06	0000	0	3	1
00A1D1	1	1	06	0000	0	2	1
00A1D3	1	1	06	0000	0	3	1
00A1D6	1	1	06	0000	0	3	1
00A1D9	1	1	06	0000	0	3	1
00A1DC	1	1	06	0000	0	3	1
00A1DF	1	1	06	0000	0	3	1
00A1E2	1	1	06	0000	0	2	1
00A1E4	1	1	06	0000	0	4	1
00A1E8	1	1	06	0000	0	2	1
00A1EA	1	1	06	0000	0	3	1
00A1ED	1	1	06	0000	0	3	1
00A1F0	1	1	06	0000	0	3	1
00A1F3	1	1	06	0000	0	3	1
00A1F6	1	1	06	0000	0	2	1
00A1F8	1	1	06	0000	0	3	1
00A1FB	1	1	06	0000	0	3	1
00A1FE	1	1	06	0000	0	3	1
00A201	1	1	06	0000	0	2	1
00A203	0	1	06	0000	0	3	1
00A206	0	1	06	0000	0	2	1
00A208	0	1	06	0000	0	1	1
00A209	0	1	06	0000	0	3	1
00A20C	0	1	06	0000	0	3	1
00A20F	0	1	06	0000	0	1	1
00A210	0	1	06	0000	0	3	1
00A213	0	1	06	0000	0	3	1
00A216	0	1	06	0000	0	2	1
00A218	1	1	06	0000	0	1	1
00A7AC	1	1	06	0000	0	3	1
00A7AF	1	1	06	0000	0	3	1
00A7B2	1	1	06	0000	0	1	1
00A7B3	1	1	06	0D18	0	2	1
00A7B5	1	1	06	0D18	0	2	1
00A7B7	1	1	06	0D18	0	2	1
00A7B9	1	1	06	0D18	0	2	1
00A7BB	1	1	06	0D18	0	3	1
00A7BE	1	1	06	0D18	0	2	1
00A7C0	1	1	06	0D18	0	2	1
00A7C2	1	1	06	0D18	0	2	1
00A7C4	1	1	06	0D18	0	2	1
00A7C6	1	1	06	0D18	0	2	1
00A7C8	1	1	06	0D18	0	3	1
00A7CB	1	1	06	0D18	0	4	1
00A7CF	1	1	06	0D18	0	2	1
00A7D1	1	1	06	0D18	0	2	1
00A7D3	1	1	06	0D18	0	3	1
00A7D6	1	1	06	12D8	0	3	1
00A7D9	1	1	06	1CF8	0	3	1
00A7DC	1	1	06	0B28	0	3	1
00A7DF	1	1	06	0CA8	0	3	1
00A7E2	1	1	06	0CA8	0	3	1
00A7E5	1	1	06	0CA8	0	1	1
00A7E6	1	1	06	0000	0	3	1
00A7E9	1	1	06	0000	0	3	1
00A7EC	1	1	06	0000	0	2	1
00A7EE	1	1	06	0D18	0	3	1
00A7F1	1	1	06	0D18	0	1	1
00A7F2	1	1	06	0000	0	1	1
00A803	1	1	06	0D18	0	2	1
00A805	1	1	06	0D18	0	3	1
00A808	1	1	06	0D18	0	3	1
00A80B	1	1	06	0D18	0	1	1
00A80C	1	1	06	0000	0	3	1
00A80F	1	1	06	0000	0	2	1
00A811	1	1	06	0000	0	3	1
00A814	1	1	06	0000	0	3	1
00A817	1	1	06	0000	0	3	1
00A81A	1	1	06	0000	0	3	1
00A81D	1	1	06	0000	0	2	1
00A81F	1	1	06	0000	0	3	1
00A822	1	1	06	0000	0	3	1
00A825	1	1	06	0000	0	2	1
00A827	1	1	06	0000	0	3	1
00A82A	1	1	06	0000	0	3	1
00A82D	1	1	06	0000	0	2	1
00A82F	1	1	06	0000	0	3	1
00A832	1	1	06	0000	0	3	1
00A835	1	1	06	0000	0	2	1
00A837	1	0	06	0000	0	3	1
00A83A	1	0	06	0000	0	4	1
00A83E	1	0	06	0000	0	3	1
00A841	1	0	06	0000	0	3	1
00A844	1	0	06	0000	0	4	1
00A848	1	0	06	0000	0	3	1
00A84B	1	0	06	0000	0	3	1
00A84E	1	0	06	0000	0	4	1
00A852	1	0	06	0000	0	2	1
00A854	1	1	06	0000	0	3	1
00A857	1	1	06	0000	0	3	1
00A85A	1	1	06	0000	0	2	1
00A85C	1	1	06	0000	0	3	1
00A85F	1	1	06	0000	0	3	1
00A862	1	1	06	0000	0	3	1
00A865	1	1	06	0000	0	3	1
00A868	1	1	06	0000	0	3	1
00A86B	1	1	06	0000	0	2	1
00A86D	1	1	06	0000	0	2	1
00A86F	1	1	06	0000	0	2	1
00A871	1	1	06	0000	0	2	1
00A873	1	1	06	0000	0	4	1
00A877	1	1	06	0000	0	2	1
00A879	1	1	06	0000	0	3	1
00A87C	1	1	06	0000	0	2	1
00A87E	1	1	06	0000	0	4	1
00A882	1	1	06	0000	0	3	1
00A885	1	1	06	0000	0	1	1
00A886	1	1	06	0D18	0	2	1
00A888	1	1	06	0D18	0	2	1
00A88A	0	1	06	0D18	0	3	1
00A88D	0	1	06	0D18	0	2	1
00A88F	0	1	06	0D18	0	3	1
00A892	0	1	06	0D18	0	2	1
00A894	0	1	06	0D18	0	2	1
00A896	1	1	06	0D18	0	4	1
00A89A	1	1	06	0D18	0	2	1
00A89C	1	1	06	0D18	0	4	1
00A8A0	1	1	06	0D18	0	2	1
00A8A2	1	1	06	0D18	0	2	1
00A8A4	1	1	06	0D18	0	2	1
00A8A6	1	1	06	0D18	0	2	1
00A8A8	1	1	06	0D18	0	2	1
00A8AA	1	1	06	0D18	0	2	1
00A8AC	1	1	06	0D18	0	4	1
00A8B0	1	1	06	0D18	0	2	1
00A8B2	1	1	06	0D18	0	2	1
00A8B4	1	1	06	0D18	0	2	1
00A8B6	1	1	06	0D18	0	3	1
00A8B9	1	1	06	0D18	0	2	1
00A8BB	1	1	06	0D18	0	2	1
00A8C0	1	1	06	0D18	0	2	1
00A8C2	1	1	06	0D18	0	2	1
00A8C4	1	1	06	0D18	0	1	1
00A8C5	1	1	06	0D18	0	2	1
00A8C7	1	1	06	0D18	0	2	1
00A8C9	1	1	06	0D18	0	2	1
00A8CB	1	1	06	0D18	0	2	1
00A8CD	1	1	06	0D18	0	2	1
00A8CF	1	1	06	0D18	0	2	1
00A8D1	1	1	06	0D18	0	2	1
00A8D3	1	1	06	0D18	0	2	1
00A8D5	1	1	06	0D18	0	2	1
00A8D7	1	1	06	0D18	0	2	1
00A8D9	1	1	06	0D18	0	3	1
00A8DC	1	1	06	0D18	0	3	1
00A8DF	1	1	06	0D18	0	2	1
00A8E1	1	1	06	0D18	0	2	1
00A8E3	1	1	06	0D18	0	2	1
00A8E5	1	1	06	0D18	0	2	1
00A8E7	1	1	06	0D18	0	1	1
00A8E8	1	1	06	0D18	0	2	1
00A8EA	1	1	06	0D18	0	2	1
00A8EC	1	1	06	0D18	0	2	1
00A8EE	1	1	06	0D18	0	3	1
00A8F1	1	1	06	0D18	0	1	1
00A8F2	1	1	06	0D18	0	2	1
00A8F4	1	1	06	0D18	0	2	1
00A8F6	1	1	06	0D18	0	2	1
00A8F8	1	1	06	0D18	0	1	1
00A8F9	1	1	06	0D18	0	1	1
00A8FA	1	1	06	0D18	0	1	1
00A8FB	1	1	06	0D18	0	2	1
00A8FD	0	0	06	0D18	0	3	1
00A900	0	0	06	0D18	0	1	1
00A901	0	0	06	0D18	0	3	1
00A904	0	0	06	0D18	0	1	1
00A905	0	0	06	0D18	0	4	1
00A909	0	0	06	0D18	0	1	1
00A90A	0	0	06	0D18	0	3	1
00A90D	0	0	06	0D18	0	3	1
00A910	0	0	06	0D18	0	1	1
00A911	0	0	06	0D18	0	1	1
00A912	0	0	06	0D18	0	1	1
00A913	0	0	06	0D18	0	1	1
00A914	0	0	06	0D18	0	1	1
00A915	0	0	06	0D18	0	1	1
00A916	0	0	06	0D18	0	1	1
00A917	0	0	06	0D18	0	3	1
00A91A	0	0	06	0D18	0	3	1
00A91D	0	0	06	0D18	0	1	1
00A91E	0	0	06	0D18	0	1	1
00A91F	0	0	06	0D18	0	1	1
00A920	0	0	06	0D18	0	1	1
00A921	0	0	06	0D18	0	1	1
00A922	0	0	06	0D18	0	1	1
00A923	0	0	06	0D18	0	3	1
00A926	0	0	06	0D18	0	3	1
00A929	0	0	06	0D18	0	2	1
00A92B	1	1	06	0D18	0	3	1
00A92E	1	1	06	0D18	0	3	1
00A931	1	1	06	0D18	0	3	1
00A934	1	1	06	0D18	0	3	1
00A937	1	1	06	0D18	0	3	1
00A93A	1	1	06	0D18	0	3	1
00A93D	1	1	06	0D18	0	3	1
00A940	1	1	06	0D18	0	3	1
00A943	1	1	06	0D18	0	2	1
00A945	1	1	06	0D18	0	3	1
00A948	1	1	06	0D18	0	2	1
00A94A	1	1	06	0D18	0	3	1
00A94D	1	1	06	0D18	0	2	1
00A94F	1	1	06	0D18	0	3	1
00A952	1	1	06	0D18	0	3	1
00A955	1	1	06	0D18	0	2	1
00A957	1	1	06	0D18	0	3	1
00A95A	1	1	06	0D18	0	2	1
00A95C	1	1	06	0D18	0	2	1
00A95E	1	1	06	0D18	0	2	1
00A960	1	1	06	0D18	0	3	1
00A963	1	1	06	0D18	0	2	1
00A965	1	1	06	0D18	0	1	1
00A966	1	1	06	0D18	0	2	1
00A968	1	1	06	0D18	0	3	1
00A96B	1	1	06	0D18	0	2	1
00A96D	1	1	06	0D18	0	3	1
00A970	1	1	06	0D18	0	1	1
00A971	1	1	06	0D18	0	2	1
00A973	1	1	06	0D18	0	2	1
00A975	1	1	06	0D18	0	2	1
00A977	1	1	06	0D18	0	2	1
00A979	1	1	06	0D18	0	2	1
00A97B	0	1	06	0D18	0	2	1
00A97D	0	1	06	0D18	0	2	1
00A97F	1	1	06	0D18	0	2	1
00A981	1	1	06	0D18	0	2	1
00A983	1	1	06	0D18	0	2	1
00A985	1	1	06	0D18	0	2	1
00A987	1	1	06	0D18	0	1	1
00A988	1	1	06	0D18	0	1	1
00A989	1	1	06	0D18	0	1	1
00A98A	1	1	06	0D18	0	2	1
00A98C	1	1	06	0D18	0	2	1
00A98E	0	0	06	0D18	0	3	1
00A991	0	0	06	0D18	0	1	1
00A992	0	0	06	0D18	0	4	1
00A996	0	0	06	0D18	0	3	1
00A999	0	0	06	0D18	0	1	1
00A99A	0	0	06	0D18	0	1	1
00A99B	0	0	06	0D18	0	1	1
00A99C	0	0	06	0D18	0	1	1
00A99D	0	0	06	0D18	0	3	1
00A9A0	0	0	06	0D18	0	2	1
00A9A2	0	0	06	0D18	0	2	1
00A9A4	0	0	06	0D18	0	3	1
00A9A7	0	0	06	0D18	0	1	1
00A9A8	0	0	06	0D18	0	1	1
00A9A9	0	0	06	0D18	0	1	1
00A9AA	0	0	06	0D18	0	3	1
00A9AD	0	0	06	0D18	0	2	1
00A9AF	0	0	06	0D18	0	3	1
00A9B2	0	0	06	0D18	0	1	1
00A9B3	0	0	06	0D18	0	4	1
00A9B7	0	0	06	0D18	0	3	1
00A9BA	0	0	06	0D18	0	1	1
00A9BB	0	0	06	0D18	0	1	1
00A9BC	0	0	06	0D18	0	1	1
00A9BD	0	0	06	0D18	0	1	1
00A9BE	0	0	06	0D18	0	3	1
00A9C1	0	0	06	0D18	0	2	1
00A9C3	0	0	06	0D18	0	2	1
00A9C5	1	1	06	0D18	0	3	1
00A9C8	1	1	06	0D18	0	2	1
00A9CA	1	1	06	0D18	0	3	1
00A9CD	1	1	06	0D18	0	3	1
00A9D0	1	1	06	0D18	0	3	1
00A9D3	1	1	06	0D18	0	3	1
00A9D6	1	1	06	0D18	0	3	1
00A9D9	1	1	06	0D18	0	3	1
00A9DC	1	1	06	0D18	0	2	1
00A9DE	1	1	06	0D18	0	3	1
00A9E1	1	1	06	0D18	0	3	1
00A9E4	1	1	06	0D18	0	2	1
00A9E6	1	1	06	0D18	0	3	1
00A9E9	1	1	06	0D18	0	2	1
00A9EB	1	1	06	0D18	0	2	1
00A9ED	1	1	06	0D18	0	2	1
00A9EF	1	1	06	0D18	0	2	1
00A9F1	1	1	06	0D18	0	2	1
00A9F3	1	1	06	0D18	0	2	1
00A9F5	1	1	06	0D18	0	3	1
00ABA6	1	1	06	0D18	0	2	1
00ABA8	1	1	06	0D18	0	3	1
00ABAB	1	1	06	0D18	0	3	1
00ABAE	1	1	06	0D18	0	1	1
00ABAF	1	1	06	0000	0	3	1
00ABB2	1	1	06	0000	0	3	1
00ABB5	1	1	06	0000	0	1	1
00ABB6	1	1	06	0000	0	2	1
00ABB8	1	1	06	0000	0	3	1
00ABBB	1	1	06	0000	0	3	1
00ABBE	1	1	06	0000	0	1	1
00ABBF	1	1	06	0D18	0	2	1
00ABC1	1	1	06	0D18	0	3	1
00ABC4	1	1	06	0D18	0	3	1
00ABC7	1	1	06	0D18	0	2	1
00ABC9	1	1	06	0D18	0	2	1
00ABCB	1	1	06	0D18	0	1	1
00ABCC	1	1	06	0000	0	1	1
00ABCD	1	1	06	0000	0	3	1
00ABD0	1	1	06	0000	0	1	1
00ABD1	1	1	06	0000	0	3	1
00ABD4	1	1	06	0000	0	1	1
00ABD5	1	1	06	0000	0	1	1
00AC16	1	1	06	0D18	0	2	1
00AC18	0	1	06	0D18	0	2	1
00AC1A	0	1	06	0D18	0	3	1
00AC1D	0	1	06	0D18	0	1	1
00AC1E	0	1	06	0D18	0	2	1
00AC20	0	1	06	0D18	0	2	1
00AC22	0	1	06	0D18	0	2	1
00AC24	1	1	06	0D18	0	3	1
00AC27	1	1	06	0D18	0	2	1
00AC29	1	1	06	0D18	0	2	1
00AC2B	1	1	06	0D18	0	1	1
00AC2C	1	1	06	0D18	0	2	1
00AC2E	1	1	06	0D18	0	2	1
00AC30	1	1	06	0D18	0	2	1
00AC32	1	1	06	0D18	0	2	1
00AC34	1	0	06	0D18	0	4	1
00AC38	1	0	06	0D18	0	2	1
00AC3A	1	0	06	0D18	0	3	1
00AC3D	1	0	06	0D18	0	2	1
00AC3F	1	0	06	0D18	0	3	1
00AC42	1	0	06	0D18	0	3	1
00AC45	1	0	06	0D18	0	3	1
00AC48	1	0	06	0D18	0	2	1
00AC4A	0	0	06	0D18	0	3	1
00AC4D	0	0	06	0D18	0	4	1
00AC51	0	0	06	0D18	0	3	1
00AC54	0	0	06	0D18	0	1	1
00AC55	0	0	06	0D18	0	3	1
00AC58	0	0	06	0D18	0	1	1
00AC59	0	0	06	0D18	0	2	1
00AC5B	0	0	06	0D18	0	3	1
00AC5E	0	0	06	0D18	0	2	1
00AC60	0	0	06	0D18	0	2	1
00AC62	1	1	06	0D18	0	1	1
00AD18	1	1	06	0D18	0	3	1
00AD1B	1	1	06	0D18	0	1	1
00AD1C	1	1	06	0000	0	1	1
00AD1D	1	1	06	0000	0	1	1
00AD1E	1	1	06	0000	0	1	1
00AD1F	1	1	06	0000	0	1	1
00AD20	1	1	06	0000	0	2	1
00AD22	0	1	06	0000	0	2	1
00AD24	0	1	06	0000	0	3	1
00AD27	0	1	06	0000	0	1	1
00AD28	0	1	06	0000	0	3	1
00AD2B	0	1	06	0000	0	2	1
00AD2D	0	1	06	0000	0	3	1
00AD30	0	1	06	0000	0	3	1
00AD33	0	1	06	0000	0	1	1
00AD34	0	1	06	0000	0	1	1
00AD35	1	1	06	0000	0	1	1
00AD36	1	1	06	0000	0	1	1
00AD37	1	1	06	0000	0	1	1
00AD38	1	1	06	0000	0	2	1
00AD3A	0	0	06	0000	0	3	1
00AD3D	0	0	06	0000	0	1	1
00AD3E	0	0	06	0000	0	3	1
00AD41	0	0	06	0000	0	1	1
00AD42	0	0	2A	0000	0	2	1
00AD44	0	0	2A	0000	0	2	1
00AD46	0	0	2A	0000	0	2	1
00AD48	0	0	2A	0000	0	3	1
00AD4B	0	0	2A	0000	0	3	1
00AD4E	0	0	2A	0000	0	1	1
00AD4F	0	0	2A	0000	0	2	1
00AD51	0	0	2A	0000	0	3	1
00AD54	0	0	2A	0000	0	3	1
00AD57	0	0	2A	0000	0	1	1
00AD58	0	0	2A	0000	0	1	1
00AD59	0	0	2A	0000	0	3	1
00AD5C	0	0	2A	0000	0	1	1
00AD5D	0	0	2A	0000	0	2	1
00AD5F	0	0	2A	0000	0	1	1
00AD60	0	0	2A	0000	0	3	1
00AD63	0	0	2A	0000	0	1	1
00AD64	0	0	2A	0000	0	2	1
00AD66	1	0	2A	0000	0	3	1
00AD69	1	0	2A	0000	0	2	1
00AD6B	1	0	2A	0000	0	2	1
00AD6D	1	0	2A	0000	0	2	1
00AD6F	1	0	2A	0000	0	3	1
00AD72	1	0	2A	0000	0	3	1
00AD75	1	0	2A	0000	0	2	1
00AD77	1	0	2A	0000	0	2	1
00AD79	1	0	2A	0000	0	3	1
00AD7C	1	0	2A	0000	0	2	1
00AD7E	1	0	2A	0000	0	3	1
00AD81	1	0	2A	0000	0	2	1
00AD83	1	0	2A	0000	0	3	1
00AD86	1	0	2A	0000	0	3	1
00AD89	1	0	2A	0000	0	1	1
00AD8A	1	0	2A	0000	0	3	1
00AD8D	1	0	2A	0000	0	1	1
00AD8E	1	0	2A	0000	0	1	1
00AD8F	1	0	2A	0000	0	3	1
00AD92	1	0	2A	0000	0	1	1
00AD93	1	0	2A	0000	0	1	1
00AD94	1	0	2A	0000	0	1	1
00AD95	1	0	2A	0000	0	1	1
00AD96	1	0	2A	0000	0	2	1
00AD98	1	0	2A	0000	0	1	1
00AD99	1	0	2A	0000	0	2	1
00AD9B	1	0	2A	0000	0	1	1
00AD9C	1	0	2A	0000	0	1	1
00AD9D	1	0	06	0000	0	4	1
00ADA1	1	0	06	0000	0	1	1
00ADA2	1	0	2A	0000	0	2	1
00ADA4	1	0	2A	0000	0	1	1
00ADA5	1	0	2A	0000	0	2	1
00ADA7	1	0	2A	0000	0	1	1
00ADA8	1	0	2A	0000	0	2	1
00ADAA	1	0	2A	0000	0	2	1
00ADAC	1	0	2A	0000	0	4	1
00ADB0	1	0	2A	0000	0	1	1
00ADB1	1	0	2A	0000	0	1	1
00ADB2	1	0	2A	0000	0	1	1
00ADB3	1	0	2A	0000	0	1	1
00ADB4	1	0	2A	0000	0	1	1
00ADB5	1	0	2A	0000	0	1	1
00ADB6	1	0	2A	0000	0	1	1
00ADB7	1	0	2A	0000	0	3	1
00ADBA	1	0	2A	0000	0	2	1
00ADBC	1	0	2A	0000	0	2	1
00ADBE	1	0	2A	0000	0	4	1
00ADC2	1	0	2A	0000	0	3	1
00ADC5	1	0	2A	0000	0	1	1
00ADC6	1	0	06	0000	0	3	1
00ADC9	1	0	2A	0000	0	1	1
00ADCA	1	0	2A	0000	0	2	1
00ADCC	1	0	2A	0000	0	1	1
00ADCD	1	0	2A	0000	0	1	1
00ADCE	1	0	06	0000	0	3	1
00ADD1	1	0	06	0000	0	1	1
00ADD2	1	0	2A	0000	0	1	1
00ADD3	1	1	06	0000	0	1	1
00ADD4	1	1	06	0000	0	2	1
00ADD6	0	0	06	0000	0	3	1
00ADD9	0	0	06	0000	0	3	1
00ADDC	0	0	06	0000	0	4	1
00ADE0	0	0	06	0000	0	1	1
00ADE1	0	0	06	0000	0	1	1
00ADE2	0	0	06	0000	0	2	1
00ADE4	0	0	06	0000	0	1	1
00ADE5	1	1	06	0000	0	1	1
00AE17	1	0	2A	0000	0	1	1
00AE18	1	0	2A	0000	0	1	1
00AE19	1	0	2A	0000	0	1	1
00AE1A	1	0	2A	0000	0	2	1
00AE1C	0	0	2A	0000	0	3	1
00AE1F	0	0	2A	0000	0	1	1
00AE20	0	0	2A	0000	0	2	1
00AE22	0	0	2A	0000	0	3	1
00AE25	0	0	2A	0000	0	1	1
00AE26	0	0	2A	0000	0	1	1
00AE27	0	0	2A	0000	0	4	1
00AE2B	0	0	2A	0000	0	2	1
00AE2D	0	0	2A	0000	0	2	1
00AE2F	0	0	2A	0000	0	3	1
00AE32	0	0	2A	0000	0	2	1
00AE34	0	0	2A	0000	0	3	1
00AE37	0	0	2A	0000	0	3	1
00AE3A	0	0	2A	0000	0	1	1
00AE3B	0	0	2A	0000	0	3	1
00AE3E	0	0	2A	0000	0	1	1
00AE3F	0	0	2A	0000	0	2	1
00AE41	0	0	2A	0000	0	3	1
00AE44	0	0	2A	0000	0	1	1
00AE45	0	0	2A	0000	0	2	1
00AE47	0	0	2A	0000	0	2	1
00AE49	1	0	2A	0000	0	3	1
00AE4C	1	0	2A	0000	0	2	1
00AE51	1	0	2A	0000	0	3	1
00AE54	1	0	2A	0000	0	2	1
00AE56	1	0	2A	0000	0	2	1
00AE58	1	0	2A	0000	0	3	1
00AE5B	1	0	2A	0000	0	2	1
00AE5D	1	0	2A	0000	0	1	1
00AE5E	1	0	2A	0000	0	2	1
00AE60	1	0	2A	0000	0	1	1
00AE61	1	0	2A	0000	0	2	1
00AE63	1	0	2A	0000	0	3	1
00AE66	1	0	2A	0000	0	2	1
00AE68	1	0	2A	0000	0	2	1
00AE6A	1	0	2A	0000	0	3	1
00AE6D	1	0	2A	0000	0	3	1
00AE70	1	0	2A	0000	0	2	1
00AE72	1	0	2A	0000	0	2	1
00AE74	1	0	2A	0000	0	2	1
00AE76	1	0	2A	0000	0	1	1
00AE77	1	0	2A	0000	0	2	1
00AE79	1	0	2A	0000	0	1	1
00AE7A	1	0	2A	0000	0	1	1
00AE7B	1	0	2A	0000	0	2	1
00AE7D	1	0	2A	0000	0	3	1
00AE80	1	0	2A	0000	0	3	1
00AE83	1	0	2A	0000	0	1	1
00AE84	1	0	2A	0000	0	1	1
00AE85	1	0	2A	0000	0	3	1
00AE88	1	0	2A	0000	0	3	1
00AE8B	1	0	2A	0000	0	3	1
00AE8E	1	0	2A	0000	0	2	1
00AE90	0	0	2A	0000	0	3	1
00AE93	0	0	2A	0000	0	1	1
00AE94	0	0	2A	0000	0	1	1
00AE95	0	0	2A	0000	0	1	1
00AE96	0	0	2A	0000	0	1	1
00AE97	0	0	2A	0000	0	3	1
00AE9A	0	0	2A	0000	0	2	1
00AE9C	0	0	2A	0000	0	2	1
00AE9E	0	0	2A	0000	0	1	1
00AE9F	0	0	2A	0000	0	2	1
00AEA1	0	0	2A	0000	0	3	1
00AEA4	0	0	2A	0000	0	2	1
00AEA6	0	0	2A	0000	0	1	1
00AEA7	0	0	2A	0000	0	2	1
00AEA9	0	0	2A	0000	0	2	1
00AEAB	0	0	2A	0000	0	2	1
00AEAD	1	0	2A	0000	0	2	1
00AEAF	1	0	2A	0000	0	3	1
00AEB2	1	0	2A	0000	0	2	1
00AEB4	1	0	2A	0000	0	3	1
00AEB7	1	0	2A	0000	0	3	1
00AEBA	1	0	2A	0000	0	2	1
00AEBC	1	0	2A	0000	0	2	1
00AEBE	1	0	2A	0000	0	1	1
00AEBF	1	0	2A	0000	0	2	1
00AEC1	1	0	2A	0000	0	3	1
00AEC4	1	0	2A	0000	0	2	1
00AEC6	0	0	2A	0000	0	1	1
00AEC7	0	0	2A	0000	0	1	1
00AEC8	0	0	2A	0000	0	1	1
00AEC9	0	0	2A	0000	0	3	1
00AECC	0	0	2A	0000	0	1	1
00AECD	0	0	2A	0000	0	2	1
00AECF	1	0	2A	0000	0	2	1
00AED1	1	0	2A	0000	0	3	1
00AED4	1	0	2A	0000	0	2	1
00AED6	1	0	2A	0000	0	2	1
00AED8	1	0	2A	0000	0	1	1
00AED9	1	0	2A	0000	0	2	1
00AEDB	1	0	2A	0000	0	3	1
00AEDE	1	0	2A	0000	0	1	1
00AEDF	1	0	2A	0000	0	1	1
00AEE0	1	0	2A	0000	0	2	1
00AEE2	1	0	2A	0000	0	2	1
00AEE4	1	0	2A	0000	0	2	1
00AEE6	0	0	2A	0000	0	2	1
00AEE8	0	0	2A	0000	0	3	1
00AEEB	0	0	2A	0000	0	1	1
00AEEC	0	0	2A	0000	0	2	1
00AEEE	0	0	2A	0000	0	1	1
00AEEF	0	0	2A	0000	0	1	1
00AEF0	0	0	2A	0000	0	1	1
00AEF1	0	0	2A	0000	0	1	1
00AEF2	0	0	2A	0000	0	2	1
00AEF4	1	0	2A	0000	0	4	1
00AEF8	1	0	2A	0000	0	1	1
00AEF9	1	0	2A	0000	0	2	1
00AEFB	1	0	2A	0000	0	1	1
00AEFC	1	0	2A	0000	0	1	1
00AEFD	1	0	2A	0000	0	1	1
00AEFE	1	0	2A	0000	0	1	1
00AFB6	1	1	06	0000	0	2	1
00AFB8	0	1	06	0000	0	2	1
00AFBA	0	1	06	0000	0	3	1
00AFBD	0	1	06	0000	0	2	1
00AFBF	0	1	06	0000	0	2	1
00AFC1	0	1	06	0000	0	2	1
00AFC3	0	1	06	0000	0	2	1
00AFC5	0	1	06	0000	0	1	1
00AFC6	0	1	06	0000	0	3	1
00AFC9	0	1	06	0000	0	3	1
00AFCC	0	1	06	0000	0	2	1
00AFCE	0	1	06	0000	0	2	1
00AFD0	1	1	06	0000	0	2	1
00AFD2	1	1	06	0000	0	2	1
00AFD4	0	1	06	0000	0	3	1
00AFD7	0	1	06	0000	0	3	1
00AFDA	0	1	06	0000	0	2	1
00AFDC	0	1	06	0000	0	2	1
00AFDE	0	1	06	0000	0	1	1
00AFDF	0	1	06	0000	0	2	1
00AFE1	0	0	06	0000	0	2	1
00AFE3	0	0	06	0000	0	3	1
00AFE6	0	0	06	0000	0	1	1
00AFE7	0	0	06	0000	0	1	1
00AFE8	0	0	06	0000	0	4	1
00AFEC	0	0	06	0000	0	2	1
00AFEE	0	0	06	0000	0	2	1
00AFF0	0	0	06	0000	0	2	1
00AFF2	0	1	06	0000	0	1	1
00AFF3	0	1	06	0000	0	2	1
00AFF5	0	1	06	0000	0	2	1
00AFF7	0	1	06	0000	0	1	1
00AFF8	0	1	06	0000	0	1	1
00AFF9	0	1	06	0000	0	3	1
00AFFC	0	1	06	0000	0	2	1
00AFFE	0	1	06	0000	0	2	1
00B000	0	1	06	0000	0	1	1
00B001	0	1	06	0000	0	1	1
00B002	0	1	06	0000	0	2	1
00B004	0	1	06	0000	0	3	1
00B007	0	1	06	0000	0	3	1
00B00A	0	1	06	0000	0	3	1
00B00D	0	1	06	0000	0	1	1
00B00E	0	1	06	0000	0	2	1
00B010	0	1	06	0000	0	1	1
00B011	0	1	06	0000	0	2	1
00B013	0	1	06	0000	0	3	1
00B016	0	1	06	0000	0	2	1
00B018	0	1	06	0000	0	1	1
00B019	0	1	06	0000	0	2	1
00B01B	0	1	06	0000	0	2	1
00B01D	0	1	06	0000	0	2	1
00B01F	1	1	06	0000	0	2	1
00B021	1	1	06	0000	0	3	1
00B024	1	1	06	0000	0	2	1
00B026	1	1	06	0000	0	3	1
00B029	1	1	06	0000	0	1	1
00B02A	1	1	06	0000	0	1	1
00B02B	1	1	06	0000	0	2	1
00B02D	1	1	06	0000	0	1	1
00B02E	1	1	06	0000	0	2	1
00B030	0	1	06	0000	0	2	1
00B032	0	1	06	0000	0	2	1
00B034	0	1	06	0000	0	2	1
00B036	0	1	06	0000	0	2	1
00B038	1	1	06	0000	0	2	1
00B03A	1	1	06	0000	0	1	1
00B0E1	1	1	06	1D18	0	3	1
00B0E4	1	1	06	1D18	0	1	1
00B0E5	1	1	06	0000	0	1	1
00B0E6	1	1	06	0000	0	1	1
00B0E7	1	1	06	0000	0	1	1
00B0E8	1	1	06	0000	0	1	1
00B0E9	1	1	06	0000	0	2	1
00B0EB	0	1	06	0000	0	2	1
00B0ED	0	1	06	0000	0	3	1
00B0F0	0	1	06	0000	0	1	1
00B0F1	0	1	06	0000	0	3	1
00B0F4	0	1	06	0000	0	2	1
00B0F6	0	1	06	0000	0	3	1
00B0F9	0	1	06	0000	0	3	1
00B0FC	0	1	06	0000	0	1	1
00B0FD	0	1	06	0000	0	1	1
00B0FE	1	1	06	0000	0	1	1
00B0FF	1	1	06	0000	0	1	1
00B100	1	1	06	0000	0	1	1
00B101	1	1	06	0000	0	2	1
00B103	0	0	06	0000	0	3	1
00B106	0	0	06	0000	0	1	1
00B107	0	0	06	0000	0	3	1
00B10A	0	0	06	0000	0	3	1
00B10D	0	0	06	0000	0	1	1
00B10E	0	0	06	0000	0	2	1
00B110	0	0	06	0000	0	3	1
00B113	0	0	06	0000	0	3	1
00B116	0	0	06	0000	0	1	1
00B117	0	0	06	0000	0	1	1
00B118	0	0	06	0000	0	3	1
00B11B	0	0	06	0000	0	1	1
00B11C	0	0	06	0000	0	2	1
00B11E	0	0	06	0000	0	1	1
00B11F	0	0	06	0000	0	3	1
00B122	0	0	06	0000	0	1	1
00B123	0	0	06	0000	0	3	1
00B126	0	0	06	0000	0	2	1
00B128	0	0	06	0000	0	2	1
00B12A	0	0	06	0000	0	2	1
00B12C	0	0	06	0000	0	3	1
00B12F	0	0	06	0000	0	3	1
00B132	0	0	06	0000	0	3	1
00B135	0	0	06	0000	0	2	1
00B13C	0	0	06	0000	0	2	1
00B13E	0	0	06	0000	0	3	1
00B141	0	0	06	0000	0	3	1
00B144	0	0	06	0000	0	2	1
00B146	0	0	06	0000	0	1	1
00B147	0	0	06	0000	0	3	1
00B14A	0	0	06	0000	0	2	1
00B14C	0	0	06	0000	0	2	1
00B14E	0	0	06	0000	0	2	1
00B150	0	0	06	0000	0	3	1
00B153	0	0	06	0000	0	2	1
00B155	0	0	06	0000	0	3	1
00B158	0	0	06	0000	0	3	1
00B15B	0	0	06	0000	0	2	1
00B15D	0	0	06	0000	0	2	1
00B15F	0	0	06	0000	0	2	1
00B161	0	0	06	0000	0	1	1
00B162	0	0	06	0000	0	1	1
00B163	0	0	06	0000	0	3	1
00B166	0	0	06	0000	0	3	1
00B169	0	0	06	0000	0	3	1
00B16C	0	0	06	0000	0	1	1
00B16D	0	0	06	0000	0	2	1
00B16F	0	0	06	0000	0	3	1
00B172	0	0	06	0000	0	2	1
00B174	0	0	06	0000	0	1	1
00B175	0	0	06	0000	0	3	1
00B178	0	0	06	0000	0	2	1
00B17A	0	0	06	0000	0	2	1
00B17C	1	0	06	0000	0	3	1
00B17F	1	0	06	0000	0	3	1
00B182	1	0	06	0000	0	1	1
00B183	1	0	06	0000	0	1	1
00B184	1	0	06	0000	0	2	1
00B186	1	0	06	0000	0	2	1
00B188	1	0	06	0000	0	2	1
00B18A	0	0	06	0000	0	3	1
00B18D	0	0	06	0000	0	2	1
00B18F	0	0	06	0000	0	2	1
00B191	0	0	06	0000	0	2	1
00B193	0	0	06	0000	0	3	1
00B196	0	0	06	0000	0	1	1
00B197	0	0	06	0000	0	4	1
00B19B	0	0	06	0000	0	1	1
00B19C	0	0	06	0000	0	1	1
00B19D	0	0	06	0000	0	1	1
00B19E	0	0	06	0000	0	3	1
00B1A1	0	0	06	0000	0	1	1
00B1A2	0	0	06	0000	0	3	1
00B1A5	0	0	06	0000	0	3	1
00B1A8	1	1	06	1D48	0	1	1
00B1A9	1	1	06	1D48	0	3	1
00B1AC	1	1	06	1D48	0	1	1
00B1AD	1	1	06	0000	0	3	1
00B1B0	1	1	06	0000	0	1	1
00B1B1	1	1	06	1D48	0	1	1
00B1B2	1	1	06	0000	0	1	1
00B1B3	1	1	06	0000	0	2	1
00B1B5	0	0	06	0000	0	2	1
00B1B7	0	0	06	0000	0	2	1
00B1DF	0	0	06	0000	0	3	1
00B1E2	0	0	06	0000	0	3	1
00B1E5	0	0	06	0000	0	1	1
00B1E6	0	0	06	0000	0	1	1
00B1E7	0	0	06	0000	0	2	1
00B1E9	0	0	06	0000	0	2	1
00B1EB	0	0	06	0000	0	3	1
00B1EE	0	0	06	0000	0	3	1
00B1F1	0	0	06	0000	0	1	1
00B1F2	0	0	06	0000	0	1	1
00B1F3	0	0	06	0000	0	3	1
00B1F6	0	0	06	0000	0	1	1
00B1F7	0	0	06	0000	0	2	1
00B1F9	0	0	06	0000	0	1	1
00B1FA	0	0	06	0000	0	3	1
00B1FD	0	0	06	0000	0	1	1
00B1FE	0	0	06	0000	0	3	1
00B201	0	0	06	0000	0	3	1
00B204	0	0	06	0000	0	2	1
00B206	0	0	06	0000	0	2	1
00B208	0	0	06	0000	0	3	1
00B20B	0	0	06	0000	0	2	1
00B20D	0	0	06	0000	0	3	1
00B210	0	0	06	0000	0	3	1
00B213	0	0	06	0000	0	1	1
00B214	0	0	06	0000	0	1	1
00B215	0	0	06	0000	0	3	1
00B218	0	0	06	0000	0	1	1
00B219	0	0	05	0000	0	1	1
00B21A	0	0	05	0000	0	3	1
00B21D	0	0	05	0000	0	2	1
00B21F	0	0	05	0000	0	3	1
00B222	0	0	05	0000	0	2	1
00B224	0	0	05	0000	0	3	1
00B227	0	0	05	0000	0	1	1
00B228	0	0	05	0000	0	1	1
00B229	0	0	05	0000	0	1	1
00B22A	0	0	05	0000	0	1	1
00B22B	0	0	05	0000	0	2	1
00B22D	0	0	05	0000	0	2	1
00B22F	0	0	05	0000	0	1	1
00B230	0	0	05	0000	0	1	1
00B231	0	0	05	0000	0	1	1
00B232	0	0	05	0000	0	1	1
00B233	0	0	05	0000	0	1	1
00B234	0	0	06	0000	0	2	1
00B236	0	0	06	0000	0	3	1
00B239	0	0	06	0000	0	1	1
00B23A	1	1	06	0000	0	1	1
00B23F	0	1	06	0000	0	1	1
00B240	0	1	06	0000	0	1	1
00B241	0	1	06	0000	0	1	1
00B242	0	1	06	0000	0	1	1
00B243	0	1	06	0000	0	2	1
00B245	0	1	06	0000	0	2	1
00B247	0	1	06	0000	0	3	1
00B24A	0	1	06	0000	0	1	1
00B24B	0	1	06	0000	0	3	1
00B24E	0	1	06	0000	0	2	1
00B250	0	1	06	0000	0	3	1
00B253	0	1	06	0000	0	2	1
00B255	1	1	06	0000	0	2	1
00B257	1	1	06	0000	0	2	1
00B259	1	1	06	0000	0	1	1
00B25A	1	1	06	0000	0	1	1
00B25B	0	1	06	0000	0	1	1
00B25C	0	1	06	0000	0	1	1
00B25D	0	1	06	0000	0	1	1
00B25E	1	1	06	0000	0	2	1
00B260	0	0	06	0000	0	3	1
00B263	0	0	06	0000	0	1	1
00B264	0	0	06	0000	0	2	1
00B266	0	0	06	0000	0	3	1
00B269	0	0	06	0000	0	2	1
00B26B	0	0	06	0000	0	1	1
00B26C	0	0	06	0000	0	1	1
00B26D	0	0	06	0000	0	1	1
00B26E	0	0	06	0000	0	2	1
00B270	0	0	06	0000	0	1	1
00B271	0	0	06	0000	0	2	1
00B273	0	0	06	0000	0	4	1
00B277	0	0	06	0000	0	1	1
00B278	0	0	06	0000	0	3	1
00B27B	0	0	06	0000	0	1	1
00B27C	0	0	06	0000	0	3	1
00B27F	0	0	06	0000	0	2	1
00B281	0	0	06	0000	0	2	1
00B283	0	0	06	0000	0	3	1
00B286	0	0	06	0000	0	2	1
00B288	0	0	06	0000	0	1	1
00B289	0	0	06	0000	0	2	1
00B28B	1	0	7F	0000	0	3	1
00B28E	1	0	7F	0000	0	1	1
00B28F	1	0	06	0000	0	1	1
00B290	1	0	06	0000	0	3	1
00B293	1	0	06	0000	0	1	1
00B294	1	0	06	0000	0	1	1
00B295	1	0	7F	0000	0	2	1
00B297	1	0	7F	0000	0	2	1
00B299	1	0	7F	0000	0	2	1
00B29B	1	0	7F	0000	0	2	1
00B29D	1	0	7F	0000	0	2	1
00B29F	1	0	7F	0000	0	1	1
00B2A0	1	0	7F	0000	0	2	1
00B2A7	1	0	7F	0000	0	2	1
00B2A9	1	0	7F	0000	0	2	1
00B2AB	1	0	7F	0000	0	2	1
00B2AD	1	0	7F	0000	0	1	1
00B2AE	1	0	7F	0000	0	1	1
00B2AF	1	0	7F	0000	0	2	1
00B2B1	1	0	7F	0000	0	2	1
00B2B3	1	0	7F	0000	0	2	1
00B2B5	1	0	7F	0000	0	2	1
00B2B7	1	0	7F	0000	0	2	1
00B2B9	1	0	7F	0000	0	1	1
00B2BA	1	0	7F	0000	0	2	1
00B2BC	1	0	7F	0000	0	3	1
00B2BF	1	0	7F	0000	0	2	1
00B2C1	1	0	7F	0000	0	2	1
00B2C3	1	0	7F	0000	0	2	1
00B2C5	1	0	7F	0000	0	1	1
00B2C6	1	0	7F	0000	0	2	1
00B2CD	1	0	7F	0000	0	1	1
00B2CE	1	0	7F	0000	0	2	1
00B2D0	0	0	7F	0000	0	1	1
00B2D1	0	0	7F	0000	0	1	1
00B2D2	0	0	7F	0000	0	2	1
00B2D4	0	0	7F	0000	0	1	1
00B2D5	0	0	7F	0000	0	2	1
00B2D7	1	0	7F	0000	0	3	1
00B2DA	1	0	7F	0000	0	3	1
00B2DD	1	0	7F	0000	0	1	1
00B2DE	1	0	7F	0000	0	1	1
00B2DF	1	0	7F	0000	0	2	1
00B2E1	1	0	7F	0000	0	2	1
00B2E3	1	0	7F	0000	0	1	1
00B2E4	1	0	7F	0000	0	2	1
00B2E6	1	0	7F	0000	0	2	1
00B2E8	0	0	7F	0000	0	2	1
00B2EA	0	0	7F	0000	0	1	1
00B2EB	0	0	7F	0000	0	2	1
00B2ED	0	0	7F	0000	0	2	1
00B2EF	0	0	7F	0000	0	1	1
00B2F0	0	0	7F	0000	0	1	1
00B2F1	0	0	7F	0000	0	1	1
00B2F2	0	0	7F	0000	0	2	1
00B2F4	0	0	7F	0000	0	1	1
00B2F5	0	0	7F	0000	0	2	1
00B2F7	0	0	7F	0000	0	4	1
00B2FB	0	0	7F	0000	0	2	1
00B2FD	0	0	7F	0000	0	1	1
00B2FE	0	0	7F	0000	0	1	1
00B2FF	0	0	7F	0000	0	2	1
00B301	1	0	7F	0000	0	2	1
00B303	1	0	7F	0000	0	2	1
00B306	1	0	7F	0000	0	3	1
00B309	1	0	7F	0000	0	1	1
00B30A	1	0	06	0000	0	1	1
00B30B	1	0	06	0000	0	3	1
00B30E	1	0	06	0000	0	1	1
00B30F	1	0	06	0000	0	1	1
00B310	1	0	7F	0000	0	2	1
00B312	1	0	7F	0000	0	2	1
00B314	1	0	7F	0000	0	3	1
00B317	1	0	7F	0000	0	2	1
00B319	1	0	7F	0000	0	3	1
00B31C	1	0	7F	0000	0	1	1
00B31D	1	0	7F	0000	0	1	1
00B31E	1	0	7F	0000	0	2	1
00B320	1	0	7F	0000	0	3	1
00B323	1	0	7F	0000	0	2	1
00B325	1	0	7F	0000	0	2	1
00B327	0	0	7F	0000	0	2	1
00B329	0	0	7F	0000	0	2	1
00B32B	1	0	7F	0000	0	2	1
00B32D	1	0	7F	0000	0	2	1
00B330	1	0	7F	0000	0	2	1
00B332	1	0	7F	0000	0	2	1
00B334	1	0	7F	0000	0	3	1
00B337	1	0	7F	0000	0	3	1
00B33A	1	0	7F	0000	0	1	1
00B33B	1	0	06	0000	0	3	1
00B33E	1	0	06	0000	0	2	1
00B340	1	0	06	0000	0	2	1
00B342	1	0	06	0000	0	2	1
00B344	1	0	06	0000	0	3	1
00B347	1	1	06	0000	0	1	1
00B348	1	1	06	0000	0	1	1
00B349	1	1	06	0000	0	2	1
00B34B	0	0	06	0000	0	3	1
00B34E	0	0	06	0000	0	2	1
00B350	1	1	06	0000	0	1	1
00B351	1	1	06	0000	0	1	1
00B352	1	1	06	0000	0	2	1
00B354	0	0	06	0000	0	3	1
00B357	0	0	06	0000	0	3	1
00B35A	0	0	18	0000	0	3	1
00B35D	0	0	18	0000	0	2	1
00B35F	0	0	18	0000	0	3	1
00B362	0	0	18	0000	0	2	1
00B364	0	0	18	0000	0	1	1
00B365	0	0	18	0000	0	3	1
00B368	0	0	18	0000	0	1	1
00B369	0	0	18	0000	0	2	1
00B36B	0	0	18	0000	0	1	1
00B36C	1	1	18	0000	0	1	1
00B36D	1	1	06	0000	0	1	1
00B36E	0	0	18	0000	0	1	1
00B36F	0	0	18	0000	0	1	1
00B370	0	0	18	0000	0	3	1
00B373	0	0	18	0000	0	2	1
00B375	0	0	18	0000	0	3	1
00B378	0	0	18	0000	0	2	1
00B37A	0	0	18	0000	0	3	1
00B37D	0	0	18	0000	0	1	1
00B37E	0	0	18	0000	0	1	1
00B37F	0	0	18	0000	0	3	1
00B382	0	0	18	0000	0	1	1
00B3A9	0	1	06	1E58	0	1	1
00B3AA	0	1	06	1E58	0	1	1
00B3AB	0	1	06	1E58	0	1	1
00B3AC	0	1	06	1E58	0	2	1
00B3AE	0	0	06	1E58	0	3	1
00B3B1	0	0	06	1E58	0	1	1
00B3B2	0	0	06	0000	0	3	1
00B3B5	0	0	06	0000	0	2	1
00B3B7	0	1	06	1E98	0	1	1
00B3B8	0	1	06	1E98	0	1	1
00B3B9	0	1	06	1E98	0	1	1
00B3BA	0	1	06	1E98	0	2	1
00B3BC	0	0	06	1E98	0	3	1
00B3BF	0	0	06	1E98	0	1	1
00B3C0	0	0	06	0000	0	3	1
00B3C3	0	0	06	0000	0	3	1
00B3C6	0	0	06	0000	0	2	1
00B3C8	0	0	06	0000	0	3	1
00B3CB	0	0	06	0000	0	3	1
00B3CE	0	0	06	0000	0	2	1
00B3D0	0	0	06	0000	0	3	1
00B3D3	0	0	06	0000	0	1	1
00B3D4	0	0	06	0000	0	1	1
00B3D5	0	0	06	1E98	0	1	1
00B3D6	0	1	06	1E98	0	1	1
00B3D7	0	0	06	0000	0	3	1
00B3DA	0	0	06	0000	0	3	1
00B3DD	0	0	06	0000	0	2	1
00B3DF	0	0	06	0000	0	3	1
00B3E2	0	0	06	0000	0	3	1
00B3E5	0	0	06	0000	0	2	1
00B3E7	0	0	06	0000	0	1	1
00B3E8	0	0	06	0000	0	3	1
00B3EB	0	0	06	0000	0	3	1
00B3EE	0	0	06	0000	0	2	1
00B3F0	0	0	06	0000	0	3	1
00B3F3	0	0	06	0000	0	3	1
00B3F6	0	0	06	0000	0	2	1
00B3F8	0	0	06	0000	0	1	1
00B3F9	0	0	06	0000	0	2	1
00B3FB	0	0	06	0000	0	3	1
00B3FE	0	0	06	0000	0	2	1
00B400	0	0	06	0000	0	3	1
00B403	0	0	06	0000	0	2	1
00B405	0	0	06	0000	0	3	1
00B408	0	0	06	0000	0	3	1
00B40B	0	0	06	0000	0	1	1
00B40C	0	0	06	0000	0	3	1
00B40F	0	0	06	0000	0	2	1
00B411	0	0	06	0000	0	3	1
00B414	0	0	06	0000	0	2	1
00B416	0	0	06	0000	0	3	1
00B419	0	0	06	0000	0	2	1
00B41B	0	0	06	0000	0	3	1
00B41E	0	0	06	0000	0	2	1
00B420	0	0	06	0000	0	3	1
00B423	0	0	06	0000	0	2	1
00B425	0	0	06	0000	0	3	1
00B428	0	0	18	0000	0	3	1
00B42B	0	0	18	0000	0	1	1
00B42C	0	0	18	0000	0	3	1
00B42F	0	0	18	0000	0	2	1
00B431	0	0	18	0000	0	3	1
00B434	0	0	18	0000	0	2	1
00B436	0	0	18	0000	0	3	1
00B439	0	0	06	0000	0	1	1
00B43A	0	0	06	0000	0	2	1
00B43C	0	0	06	0000	0	3	1
00B43F	0	0	18	0000	0	1	1
00B440	0	0	18	0000	0	1	1
00B441	0	0	06	0000	0	1	1
00B442	0	0	06	0000	0	2	1
00B444	0	0	06	0000	0	3	1
00B447	0	1	18	0000	0	1	1
00B448	0	0	18	0000	0	1	1
00B449	0	0	06	0000	0	3	1
00B44C	0	0	06	0000	0	2	1
00B44E	0	0	06	0000	0	3	1
00B451	0	0	06	0000	0	2	1
00B453	1	0	06	0000	0	2	1
00B455	1	0	06	0000	0	3	1
00B458	1	0	06	0000	0	4	1
00B45C	1	0	06	0000	0	1	1
00B45D	1	0	06	0000	0	4	1
00B461	1	0	06	0000	0	1	1
00B462	1	0	06	0000	0	4	1
00B466	1	0	06	0000	0	4	1
00B46A	1	0	06	0000	0	2	1
00B46C	1	0	06	0000	0	4	1
00B470	1	0	06	0000	0	4	1
00B474	1	0	06	0000	0	2	1
00B476	1	0	06	0000	0	4	1
00B47A	1	0	06	0000	0	4	1
00B47E	1	0	06	0000	0	1	1
00B47F	1	0	06	0000	0	1	1
00B480	1	0	06	0000	0	1	1
00B481	1	0	06	0000	0	1	1
00B482	1	0	06	0000	0	2	1
00B484	0	0	06	0000	0	2	1
00B486	0	0	06	0000	0	3	1
00B489	0	0	06	0000	0	1	1
00B48A	0	0	06	0000	0	1	1
00B48B	0	0	06	0000	0	1	1
00B48C	0	0	06	0000	0	2	1
00B48E	0	0	06	0000	0	1	1
00B48F	0	0	06	0000	0	1	1
00B490	0	0	06	0000	0	2	1
00B492	0	0	06	0000	0	1	1
00B493	0	0	06	0000	0	1	1
00B494	0	0	06	0000	0	1	1
00B495	0	0	06	0000	0	1	1
00B496	0	0	06	0000	0	2	1
00B498	0	0	06	0000	0	3	1
00B49B	0	0	06	0000	0	2	1
00B49D	0	0	06	0000	0	1	1
00B49E	0	0	06	0000	0	2	1
00B4A0	0	0	06	0000	0	2	1
00B4A2	0	0	06	0000	0	2	1
00B4A4	1	0	06	0000	0	2	1
00B4A6	1	0	06	0000	0	1	1
00B4A7	1	0	06	0000	0	1	1
00B4A8	1	0	7E	0000	0	2	1
00B4AA	1	0	7E	0000	0	2	1
00B4AC	0	0	7E	0000	0	3	1
00B4AF	0	0	7E	0000	0	1	1
00B4B0	0	0	7E	0000	0	1	1
00B4B1	0	0	7E	0000	0	1	1
00B4B2	0	0	7E	0000	0	4	1
00B4B6	0	0	7E	0000	0	2	1
00B4B8	0	0	7E	0000	0	2	1
00B4BA	0	0	7E	0000	0	3	1
00B4BD	0	0	7E	0000	0	1	1
00B4BE	0	0	7E	0000	0	1	1
00B4BF	0	0	7E	0000	0	1	1
00B4C0	0	0	7E	0000	0	1	1
00B4C1	0	0	7E	0000	0	2	1
00B4C3	0	0	7E	0000	0	2	1
00B4C5	0	0	7E	0000	0	2	1
00B4C7	0	0	7E	0000	0	3	1
00B4CA	0	0	7E	0000	0	1	1
00B4CB	0	0	7E	0000	0	1	1
00B4CC	0	0	7E	0000	0	2	1
00B4CE	0	0	7E	0000	0	2	1
00B4D0	0	0	18	0000	0	2	1
00B4D2	1	0	18	0000	0	2	1
00B4D4	1	0	18	0000	0	1	1
00B4D5	1	0	18	0000	0	1	1
00B4D6	1	0	7E	0000	0	2	1
00B4D8	0	0	7E	0000	0	2	1
00B4DA	0	0	7E	0000	0	1	1
00B4DB	0	0	7E	0000	0	1	1
00B4DC	0	0	7E	0000	0	1	1
00B4DD	0	0	7E	0000	0	1	1
00B4DE	0	0	7E	0000	0	4	1
00B4E2	0	0	7E	0000	0	2	1
00B4E4	0	0	7E	0000	0	2	1
00B4E6	1	0	7E	0000	0	4	1
00B4EA	1	0	7E	0000	0	1	1
00B4EB	1	0	7E	0000	0	1	1
00B4EC	1	0	18	0000	0	2	1
00B4EE	0	0	18	0000	0	2	1
00B4F0	0	0	18	0000	0	2	1
00B4F2	0	0	18	0000	0	2	1
00B4F4	0	0	18	0000	0	4	1
00B4F8	0	0	18	0000	0	2	1
00B4FA	0	0	18	0000	0	2	1
00B4FC	0	0	18	0000	0	2	1
00B4FE	0	0	18	0000	0	4	1
00B502	0	0	18	0000	0	1	1
00B503	0	0	18	0000	0	1	1
00B504	0	0	18	0000	0	2	1
00B506	0	0	18	0000	0	2	1
00B508	0	0	18	0000	0	2	1
00B50A	0	0	18	0000	0	4	1
00B50E	0	0	18	0000	0	2	1
00B510	0	0	18	0000	0	2	1
00B512	0	0	18	0000	0	2	1
00B514	0	0	18	0000	0	4	1
00B518	0	0	18	0000	0	1	1
00B519	0	0	18	0000	0	1	1
00B51A	0	0	18	0000	0	2	1
00B51C	0	0	18	0000	0	1	1
00B51D	0	0	18	0000	0	3	1
00B520	0	0	18	0000	0	2	1
00B522	0	0	18	0000	0	2	1
00B524	0	0	18	0000	0	2	1
00B526	0	0	18	0000	0	2	1
00B528	0	0	18	0000	0	2	1
00B52A	0	0	18	0000	0	1	1
00B52B	0	0	18	0000	0	1	1
00B52C	0	0	18	0000	0	3	1
00B52F	0	0	18	0000	0	1	1
00B530	0	0	18	0000	0	2	1
00B532	0	0	18	0000	0	1	1
00B533	0	0	18	0000	0	3	1
00B536	0	0	18	0000	0	1	1
00B537	0	0	18	0000	0	3	1
00B53A	0	0	18	0000	0	3	1
00B53D	0	0	18	0000	0	1	1
00B53E	0	0	18	0000	0	3	1
00B541	0	0	18	0000	0	2	1
00B543	0	0	18	0000	0	2	1
00B545	0	0	18	0000	0	3	1
00B548	0	0	18	0000	0	1	1
00B549	0	0	18	0000	0	3	1
00B54C	0	0	18	0000	0	2	1
00B54E	0	0	18	0000	0	3	1
00B551	0	0	18	0000	0	2	1
00B553	0	0	18	0000	0	3	1
00B556	0	0	18	0000	0	1	1
00B557	0	0	18	0000	0	3	1
00B55A	0	0	18	0000	0	3	1
00B55D	0	0	18	0000	0	2	1
00B55F	0	0	18	0000	0	1	1
00B560	0	0	06	0000	0	3	1
00B563	0	0	06	0000	0	2	1
00B565	0	0	06	0000	0	3	1
00B568	0	0	06	0000	0	1	1
00B569	0	0	06	0000	0	1	1
00B56A	0	0	06	0000	0	1	1
00B56B	0	0	06	0000	0	1	1
00B56C	0	0	06	0000	0	2	1
00B56E	0	0	06	0000	0	3	1
00B571	0	0	06	0000	0	1	1
00B572	0	0	06	0000	0	2	1
00B574	0	0	06	0000	0	2	1
00B576	0	0	06	0000	0	3	1
00B579	0	0	06	0000	0	1	1
00B57A	0	0	06	0000	0	2	1
00B57C	0	0	06	0000	0	2	1
00B57E	0	0	06	0000	0	3	1
00B581	0	0	06	0000	0	3	1
00B584	0	0	06	0000	0	1	1
00B585	0	0	06	0000	0	3	1
00B588	0	0	06	0000	0	2	1
00B58A	0	0	06	0000	0	2	1
00B58C	0	0	06	0000	0	1	1
00B58D	0	0	06	0000	0	1	1
00B58E	0	0	06	0000	0	3	1
00B591	0	0	06	0000	0	2	1
00B593	0	0	06	0000	0	2	1
00B595	0	0	06	0000	0	3	1
00B598	0	0	06	0000	0	2	1
00B59A	0	0	06	0000	0	2	1
00B59C	0	1	18	0000	0	2	1
00B59E	1	1	18	0000	0	2	1
00B5A0	1	1	18	0000	0	2	1
00B5A2	1	1	18	0000	0	2	1
00B5A4	1	1	18	0000	0	2	1
00B5A6	1	1	18	0000	0	1	1
00B5A7	1	1	18	0000	0	2	1
00B5A9	0	1	18	0000	0	2	1
00B5AB	0	1	18	0000	0	2	1
00B5AD	0	1	18	0000	0	1	1
00B5AE	0	1	18	0000	0	3	1
00B5B1	0	1	18	0000	0	2	1
00B5B3	0	1	18	0000	0	1	1
00B5B4	0	1	18	0000	0	1	1
00B5B5	0	1	18	0000	0	2	1
00B5B7	1	1	18	0000	0	2	1
00B5B9	1	1	18	0000	0	1	1
00B5BA	1	1	18	0000	0	1	1
00B5BB	1	1	18	0000	0	2	1
00B5BD	1	1	18	0000	0	2	1
00B5BF	1	1	18	0000	0	1	1
00B5C0	1	1	18	0000	0	2	1
00B5C2	1	1	18	0000	0	2	1
00B5C4	1	1	18	0000	0	1	1
00B5C5	1	1	18	0000	0	1	1
00B5C6	1	1	7E	0000	0	2	1
00B5C8	1	1	7E	0000	0	2	1
00B5CA	0	1	7E	0000	0	3	1
00B5CD	0	1	7E	0000	0	1	1
00B5CE	0	1	7E	0000	0	1	1
00B5CF	0	1	7E	0000	0	1	1
00B5D0	0	1	7E	0000	0	4	1
00B5D4	0	1	7E	0000	0	2	1
00B5D6	0	1	7E	0000	0	2	1
00B5D8	0	1	7E	0000	0	3	1
00B5DB	0	1	7E	0000	0	1	1
00B5DC	0	1	7E	0000	0	1	1
00B5DD	0	1	7E	0000	0	1	1
00B5DE	0	1	7E	0000	0	1	1
00B5DF	0	1	7E	0000	0	2	1
00B5E1	0	1	7E	0000	0	2	1
00B5E3	0	1	7E	0000	0	2	1
00B5E5	0	1	7E	0000	0	3	1
00B5E8	0	1	7E	0000	0	1	1
00B5E9	0	1	7E	0000	0	1	1
00B5EA	0	1	7E	0000	0	2	1
00B5EC	0	1	7E	0000	0	2	1
00B5EE	0	1	18	0000	0	2	1
00B5F0	1	1	18	0000	0	2	1
00B5F2	1	1	18	0000	0	1	1
00B5F3	1	1	18	0000	0	1	1
00B5F4	1	1	7E	0000	0	2	1
00B5F6	0	1	7E	0000	0	2	1
00B5F8	0	1	7E	0000	0	1	1
00B5F9	0	1	7E	0000	0	1	1
00B5FA	0	1	7E	0000	0	1	1
00B5FB	0	1	7E	0000	0	1	1
00B5FC	0	1	7E	0000	0	4	1
00B600	0	1	7E	0000	0	2	1
00B602	0	1	7E	0000	0	2	1
00B604	1	1	7E	0000	0	4	1
00B608	1	1	7E	0000	0	1	1
00B609	1	1	7E	0000	0	1	1
00B60A	1	1	18	0000	0	2	1
00B60C	0	1	18	0000	0	2	1
00B60E	0	1	18	0000	0	2	1
00B610	0	1	18	0000	0	2	1
00B612	0	1	18	0000	0	2	1
00B614	0	1	18	0000	0	1	1
00B615	0	1	18	0000	0	1	1
00B616	0	1	18	0000	0	2	1
00B618	0	1	18	0000	0	2	1
00B61A	0	1	18	0000	0	2	1
00B61C	0	1	18	0000	0	2	1
00B61E	0	1	18	0000	0	1	1
00B61F	0	1	18	0000	0	1	1
00B620	0	1	18	0000	0	2	1
00B622	0	1	18	0000	0	2	1
00B624	0	1	18	0000	0	2	1
00B626	0	1	18	0000	0	2	1
00B628	0	1	18	0000	0	1	1
00B629	0	1	18	0000	0	1	1
00B62A	0	1	18	0000	0	2	1
00B62C	0	1	18	0000	0	2	1
00B62E	0	1	18	0000	0	2	1
00B630	0	1	18	0000	0	2	1
00B632	0	1	18	0000	0	1	1
00B633	0	1	18	0000	0	1	1
00B634	0	1	18	0000	0	2	1
00B636	0	1	18	0000	0	2	1
00B638	0	1	18	0000	0	2	1
00B63A	0	1	18	0000	0	2	1
00B63C	0	1	18	0000	0	2	1
00B63E	0	1	18	0000	0	2	1
00B640	0	1	18	0000	0	1	1
00B641	0	1	18	0000	0	1	1
00B642	0	1	18	0000	0	2	1
00B644	0	1	18	0000	0	2	1
00B646	0	1	18	0000	0	2	1
00B648	0	1	18	0000	0	3	1
00B64B	0	1	18	0000	0	2	1
00B64D	0	1	18	0000	0	1	1
00B64E	0	1	18	0000	0	3	1
00B651	0	1	18	0000	0	2	1
00B653	0	1	18	0000	0	3	1
00B656	0	1	18	0000	0	2	1
00B658	0	1	18	0000	0	2	1
00B65A	0	1	18	0000	0	2	1
00B65C	0	1	18	0000	0	2	1
00B65E	0	1	18	0000	0	1	1
00B65F	0	1	18	0000	0	1	1
00B660	0	1	18	0000	0	1	1
00B661	0	1	18	0000	0	3	1
00B664	0	1	18	0000	0	2	1
00B666	0	1	18	0000	0	2	1
00B668	0	1	18	0000	0	2	1
00B66A	0	1	18	0000	0	1	1
00B66B	0	1	18	0000	0	3	1
00B66E	0	1	18	0000	0	2	1
00B670	0	1	18	0000	0	2	1
00B672	0	1	18	0000	0	3	1
00B675	0	1	18	0000	0	2	1
00B677	0	1	18	0000	0	2	1
00B679	0	1	18	0000	0	2	1
00B67B	0	1	18	0000	0	3	1
00B67E	0	1	18	0000	0	1	1
00B67F	0	1	18	0000	0	2	1
00B681	0	1	18	0000	0	2	1
00B683	0	1	18	0000	0	3	1
00B686	0	1	18	0000	0	3	1
00B689	0	1	18	0000	0	2	1
00B68B	0	1	18	0000	0	3	1
00B68E	0	1	18	0000	0	1	1
00B68F	0	1	18	0000	0	1	1
00B690	0	1	18	0000	0	2	1
00B692	0	1	18	0000	0	1	1
00B693	0	1	18	0000	0	3	1
00B696	0	1	18	0000	0	3	1
00B699	0	1	18	0000	0	1	1
00B69A	0	1	06	1548	0	3	1
00B69D	0	1	06	1548	0	1	1
00B69E	0	1	06	1548	0	1	1
00B69F	0	1	06	1548	0	1	1
00B6A0	0	1	06	1548	0	1	1
00B6A1	0	1	06	1548	0	2	1
00B6A3	0	0	06	1548	0	3	1
00B6A6	0	0	06	1548	0	1	1
00B6A7	0	0	06	0000	0	3	1
00B6AA	0	0	06	0000	0	2	1
00B6AC	0	0	06	0000	0	1	1
00B6AD	0	0	06	0000	0	3	1
00B6B0	0	0	06	0000	0	1	1
00B6B1	0	0	06	0000	0	3	1
00B6B4	0	0	06	0000	0	2	1
00B6B9	0	0	06	0000	0	3	1
00B6BC	0	0	06	0000	0	2	1
00B6C1	0	0	06	0000	0	2	1
00B6C3	0	0	06	0000	0	1	1
00B6C4	0	0	06	0000	0	3	1
00B6C7	0	0	06	0000	0	1	1
00B6C8	0	0	06	0000	0	3	1
00B6CB	0	0	06	0000	0	2	1
00B6D0	0	0	06	0000	0	3	1
00B6D3	0	0	06	0000	0	2	1
00B6D8	0	0	06	0000	0	3	1
00B6DB	0	0	06	0000	0	2	1
00B6DD	1	0	06	0000	0	2	1
00B6DF	1	0	06	0000	0	3	1
00B6E2	1	0	06	0000	0	2	1
00B6E4	1	0	06	0000	0	4	1
00B6E8	1	0	06	0000	0	4	1
00B6EC	1	0	06	0000	0	1	1
00B6ED	1	0	06	0000	0	2	1
00B6EF	0	0	06	0000	0	2	1
00B6F1	0	0	06	0000	0	4	1
00B6F5	0	0	06	0000	0	1	1
00B6F6	0	0	06	0000	0	3	1
00B6F9	0	0	06	0000	0	4	1
00B6FD	0	0	06	0000	0	1	1
00B6FE	0	0	06	0000	0	1	1
00B6FF	0	0	06	0000	0	2	1
00B701	1	0	06	0000	0	2	1
00B703	1	0	06	0000	0	4	1
00B707	1	0	06	0000	0	4	1
00B70B	1	0	06	0000	0	1	1
00B70C	1	0	06	0000	0	2	1
00B70E	1	0	06	0000	0	2	1
00B710	1	0	06	0000	0	1	1
00B711	1	0	06	0000	0	1	1
00B712	1	0	7E	0000	0	2	1
00B714	1	0	7E	0000	0	2	1
00B716	0	0	7E	0000	0	3	1
00B719	0	0	7E	0000	0	1	1
00B71A	0	0	7E	0000	0	1	1
00B71B	0	0	7E	0000	0	1	1
00B71C	0	0	7E	0000	0	4	1
00B720	0	0	7E	0000	0	2	1
00B722	0	0	7E	0000	0	2	1
00B724	0	0	7E	0000	0	3	1
00B727	0	0	7E	0000	0	1	1
00B728	0	0	7E	0000	0	1	1
00B729	0	0	7E	0000	0	1	1
00B72A	0	0	7E	0000	0	1	1
00B72B	0	0	7E	0000	0	2	1
00B72D	0	0	7E	0000	0	2	1
00B72F	0	0	7E	0000	0	2	1
00B731	0	0	7E	0000	0	3	1
00B734	0	0	7E	0000	0	1	1
00B735	0	0	7E	0000	0	1	1
00B736	0	0	7E	0000	0	2	1
00B738	0	0	7E	0000	0	2	1
00B73A	0	0	7E	0000	0	2	1
00B73C	1	0	7E	0000	0	2	1
00B73E	1	0	7E	0000	0	1	1
00B73F	1	0	7E	0000	0	1	1
00B740	1	0	7E	0000	0	2	1
00B742	0	0	7E	0000	0	2	1
00B744	0	0	7E	0000	0	1	1
00B745	0	0	7E	0000	0	1	1
00B746	0	0	7E	0000	0	1	1
00B747	0	0	7E	0000	0	1	1
00B748	0	0	7E	0000	0	4	1
00B74C	0	0	7E	0000	0	2	1
00B74E	0	0	7E	0000	0	2	1
00B750	1	0	7E	0000	0	4	1
00B754	1	0	7E	0000	0	1	1
00B755	1	0	7E	0000	0	1	1
00B756	1	0	18	0000	0	2	1
00B758	0	0	18	0000	0	2	1
00B75A	0	0	18	0000	0	2	1
00B75C	0	0	18	0000	0	2	1
00B75E	0	0	18	0000	0	4	1
00B762	0	0	18	0000	0	2	1
00B764	0	0	18	0000	0	2	1
00B766	0	0	18	0000	0	2	1
00B768	0	0	18	0000	0	4	1
00B76C	0	0	18	0000	0	2	1
00B76E	0	0	18	0000	0	2	1
00B770	0	0	18	0000	0	2	1
00B772	0	0	18	0000	0	4	1
00B776	0	0	18	0000	0	2	1
00B778	0	0	18	0000	0	2	1
00B77A	0	0	18	0000	0	2	1
00B77C	0	0	18	0000	0	4	1
00B780	0	0	18	0000	0	3	1
00B783	0	0	18	0000	0	1	1
00B784	0	0	18	0000	0	3	1
00B787	0	0	18	0000	0	3	1
00B78A	0	0	18	0000	0	1	1
00B78B	0	1	18	0000	0	1	1
00B78C	0	1	18	1548	0	1	1
00B78D	0	1	06	1548	0	1	1
00B78E	0	0	06	0000	0	2	1
00B790	0	0	06	0000	0	3	1
00B793	0	0	06	0000	0	1	1
00B794	0	0	06	0000	0	1	1
00B795	0	0	06	0000	0	1	1
00B796	0	0	06	0000	0	3	1
00B799	0	0	06	0000	0	2	1
00B79B	0	0	06	0000	0	2	1
00B79D	0	0	06	0000	0	3	1
00B7A0	0	0	06	0000	0	1	1
00B7A1	0	0	06	0000	0	1	1
00B7A2	0	0	06	0000	0	1	1
00B7A3	0	0	06	0000	0	2	1
00B7A5	0	0	06	0000	0	2	1
00B7A7	0	0	06	0000	0	3	1
00B7AA	0	0	06	0000	0	1	1
00B7AB	0	0	06	0000	0	1	1
00B7AC	0	0	06	0000	0	1	1
00B7AD	0	0	06	0000	0	2	1
00B7AF	0	0	06	0000	0	2	1
00B7B1	0	0	06	0000	0	2	1
00B7B3	0	0	06	0000	0	2	1
00B7B5	0	0	06	0000	0	1	1
00B7B6	0	0	06	0000	0	3	1
00B7B9	0	0	06	0000	0	2	1
00B7BB	0	0	06	0000	0	2	1
00B7BD	0	0	06	0000	0	3	1
00B7C0	0	0	06	0000	0	1	1
00B7C1	0	0	06	0000	0	1	1
00B7C2	0	0	06	0000	0	1	1
00B7C3	0	0	06	0000	0	1	1
00B7C4	0	0	06	0000	0	2	1
00B7C6	0	0	06	0000	0	3	1
00B7C9	0	0	06	0000	0	2	1
00B7CB	0	0	06	0000	0	1	1
00B7CC	0	0	06	0000	0	3	1
00B7CF	0	0	06	0000	0	3	1
00B7D2	0	0	06	0000	0	3	1
00B7D5	0	0	06	0000	0	3	1
00B7D8	0	0	06	0000	0	3	1
00B7DB	0	0	06	0000	0	3	1
00B7DE	0	0	06	0000	0	3	1
00B7E1	0	0	06	0000	0	3	1
00B7E4	0	0	06	0000	0	3	1
00B7E7	0	0	06	0000	0	3	1
00B7EA	0	0	06	0000	0	3	1
00B7ED	0	0	06	0000	0	3	1
00B7F0	0	0	06	0000	0	3	1
00B7F3	0	0	06	0000	0	3	1
00B7F6	0	0	06	0000	0	3	1
00B7F9	0	0	06	0000	0	3	1
00B7FC	0	0	06	0000	0	3	1
00B7FF	0	0	06	0000	0	3	1
00B802	0	0	06	0000	0	1	1
00B803	0	0	06	0000	0	3	1
00B806	0	0	06	0000	0	3	1
00B809	0	0	06	0000	0	3	1
00B80C	0	0	06	0000	0	3	1
00B80F	0	0	06	0000	0	3	1
00B812	0	0	06	0000	0	3	1
00B815	0	0	06	0000	0	3	1
00B818	0	0	06	0000	0	3	1
00B81B	0	0	06	0000	0	3	1
00B81E	0	0	06	0000	0	3	1
00B821	0	0	06	0000	0	3	1
00B824	0	0	06	0000	0	3	1
00B827	0	0	06	0000	0	3	1
00B82A	0	0	06	0000	0	3	1
00B82D	0	0	06	0000	0	3	1
00B830	0	0	06	0000	0	3	1
00B833	0	0	06	0000	0	3	1
00B836	0	0	06	0000	0	3	1
00B839	0	0	06	0000	0	1	1
00B83A	1	1	06	0000	0	1	1
00B83B	1	1	06	0000	0	2	1
00B83D	1	1	06	0000	0	3	1
00B840	1	1	06	0000	0	3	1
00B843	1	1	06	0000	0	1	1
00B844	1	1	06	0000	0	1	1
00B845	1	1	06	0000	0	3	1
00B848	1	1	06	0000	0	1	1
00B849	1	1	06	0000	0	2	1
00B84B	0	1	06	0000	0	2	1
00B84D	0	1	06	0000	0	3	1
00B850	0	1	06	0000	0	2	1
00B852	0	1	06	0000	0	3	1
00B855	0	1	06	0000	0	2	1
00B857	0	1	06	0000	0	3	1
00B85A	0	1	06	0000	0	2	1
00B85C	0	1	06	0000	0	3	1
00B85F	0	1	06	0000	0	2	1
00B861	0	1	06	0000	0	3	1
00B864	0	1	06	0000	0	2	1
00B866	0	1	06	0000	0	3	1
00B869	0	1	06	0000	0	2	1
00B86B	0	1	06	0000	0	3	1
00B86E	0	1	06	0000	0	3	1
00B871	0	1	06	0000	0	3	1
00B874	0	1	06	0000	0	3	1
00B877	0	1	06	0000	0	2	1
00B879	1	1	06	0000	0	3	1
00B87C	1	1	06	0000	0	3	1
00B87F	1	1	06	0000	0	3	1
00B882	1	1	06	0000	0	3	1
00B885	1	1	06	0000	0	3	1
00B888	0	0	06	0000	0	3	1
00B88B	0	0	06	0000	0	2	1
00B88D	1	1	06	0000	0	3	1
00B890	1	1	06	0000	0	1	1
00B891	1	1	06	0000	0	1	1
00B892	1	1	06	0000	0	3	1
00B895	1	1	06	0000	0	1	1
00B896	1	1	06	0000	0	2	1
00B898	0	1	06	0000	0	2	1
00B89A	0	1	06	0000	0	2	1
00B89C	0	1	06	0000	0	3	1
00B89F	0	1	06	0000	0	2	1
00B8A1	0	1	06	0000	0	3	1
00B8A4	0	1	06	0000	0	2	1
00B8A6	0	1	06	0000	0	3	1
00B8A9	0	1	06	0000	0	2	1
00B8AB	0	1	06	0000	0	3	1
00B8AE	0	1	06	0000	0	2	1
00B8B0	0	1	06	0000	0	3	1
00B8B3	0	1	06	0000	0	2	1
00B8B5	0	1	06	0000	0	3	1
00B8B8	0	1	06	0000	0	2	1
00B8BA	0	1	06	0000	0	3	1
00B8BD	0	1	06	0000	0	3	1
00B8C0	0	1	06	0000	0	2	1
00B8C2	1	1	06	0000	0	3	1
00B8C5	1	1	06	0000	0	3	1
00B8C8	1	1	06	0000	0	3	1
00B8CB	0	0	06	0000	0	1	1
00B8CC	1	1	06	0000	0	1	1
00B8CD	1	1	06	0000	0	2	1
00B8CF	1	0	06	0000	0	3	1
00B8D2	1	0	06	0000	0	3	1
00B8D5	1	0	06	0000	0	2	1
00B8D7	1	0	06	0000	0	2	1
00B8D9	1	0	06	0000	0	1	1
00B8DA	1	0	06	0000	0	2	1
00B8DC	1	0	06	0000	0	2	1
00B8DE	1	0	06	0000	0	1	1
00B8DF	1	0	06	0000	0	1	1
00B8E0	1	0	06	0000	0	2	1
00B8E2	1	0	06	0000	0	1	1
00B8E3	1	0	06	0000	0	2	1
00B8E5	1	0	06	0000	0	1	1
00B8E6	1	0	06	0000	0	3	1
00B8E9	1	0	06	0000	0	2	1
00B8EB	1	0	06	0000	0	3	1
00B8EE	1	0	06	0000	0	2	1
00B8F0	1	0	06	0000	0	2	1
00B8F2	1	0	06	0000	0	2	1
00B8F4	1	0	06	0000	0	2	1
00B8F6	1	0	06	0000	0	2	1
00B8F8	1	0	06	0000	0	4	1
00B8FC	1	0	06	0000	0	1	1
00B8FD	1	0	06	0000	0	1	1
00B8FE	1	0	06	0000	0	2	1
00B900	1	0	06	0000	0	2	1
00B902	1	0	06	0000	0	2	1
00B904	1	0	06	0000	0	1	1
00B905	1	0	06	0000	0	2	1
00B907	1	0	06	0000	0	2	1
00B909	1	0	06	0000	0	2	1
00B90B	1	0	06	0000	0	2	1
00B90D	1	0	06	0000	0	2	1
00B90F	1	0	06	0000	0	2	1
00B911	1	0	06	0000	0	2	1
00B913	1	0	06	0000	0	2	1
00B915	0	0	06	0000	0	3	1
00B918	0	0	06	0000	0	2	1
00B91A	0	0	06	0000	0	3	1
00B91D	0	0	06	0000	0	2	1
00B91F	0	0	06	0000	0	2	1
00B921	0	0	06	0000	0	1	1
00B922	0	0	06	0000	0	3	1
00B925	0	0	06	0000	0	1	1
00B926	0	0	06	0000	0	3	1
00B929	0	0	06	0000	0	1	1
00B92A	0	0	06	0000	0	3	1
00B92D	0	0	06	0000	0	2	1
00B92F	0	0	06	0000	0	3	1
00B932	0	0	06	0000	0	2	1
00B934	0	0	06	0000	0	1	1
00B935	0	0	06	0000	0	2	1
00B937	0	0	06	0000	0	1	1
00B938	0	0	06	0000	0	1	1
00B939	0	0	06	0000	0	1	1
00B93A	0	0	06	0000	0	1	1
00B93B	0	0	06	0000	0	2	1
00B93D	0	0	06	0000	0	4	1
00B941	0	0	06	0000	0	1	1
00B942	0	0	06	0000	0	1	1
00B943	0	0	06	0000	0	2	1
00B945	0	0	06	0000	0	4	1
00B949	0	0	06	0000	0	1	1
00B94A	0	0	06	0000	0	1	1
00B94B	0	0	06	0000	0	2	1
00B94D	0	0	06	0000	0	4	1
00B951	0	0	06	0000	0	1	1
00B952	0	0	06	0000	0	1	1
00B953	0	0	06	0000	0	2	1
00B955	0	0	06	0000	0	4	1
00B959	0	0	06	0000	0	1	1
00B95A	0	0	06	0000	0	1	1
00B95B	0	0	06	0000	0	1	1
00B95C	0	0	06	0000	0	1	1
00B95D	0	0	06	0000	0	1	1
00B95E	0	0	06	0000	0	1	1
00B95F	0	0	06	0000	0	1	1
00B960	0	0	06	0000	0	2	1
00B962	0	0	06	0000	0	2	1
00B964	0	0	06	0000	0	1	1
00B965	0	0	06	0000	0	1	1
00B966	0	0	06	0000	0	3	1
00B969	0	0	06	0000	0	1	1
00B96A	0	0	06	0000	0	2	1
00B96C	0	0	06	0000	0	2	1
00B96E	0	0	06	0000	0	1	1
00B96F	0	0	06	0000	0	3	1
00B972	0	0	06	0000	0	1	1
00B973	0	0	06	0000	0	2	1
00B975	0	0	06	0000	0	2	1
00B977	0	0	06	0000	0	1	1
00B978	1	0	06	0000	0	3	1
00B97B	1	0	06	0000	0	1	1
00B97C	1	0	06	0000	0	2	1
00B97E	1	0	06	0000	0	4	1
00B982	1	0	06	0000	0	1	1
00B983	1	0	06	0000	0	2	1
00B985	1	0	06	0000	0	4	1
00B989	1	0	06	0000	0	1	1
00B98A	1	0	06	0000	0	2	1
00B98C	1	0	06	0000	0	4	1
00B990	1	0	06	0000	0	1	1
00B991	1	0	06	0000	0	2	1
00B993	1	0	06	0000	0	2	1
00B995	1	0	06	0000	0	2	1
00B997	1	0	06	0000	0	2	1
00B999	1	0	06	0000	0	2	1
00B99B	1	0	06	0000	0	2	1
00B99D	1	0	06	0000	0	1	1
00B99E	1	0	06	0000	0	2	1
00B9A0	1	0	06	0000	0	1	1
00B9A1	1	0	06	0000	0	4	1
00B9A5	1	0	06	0000	0	2	1
00B9A7	1	0	06	0000	0	2	1
00B9A9	1	0	06	0000	0	1	1
00B9AA	1	0	06	0000	0	1	1
00B9AB	1	0	06	0000	0	2	1
00B9AD	1	0	06	0000	0	2	1
00B9AF	1	0	06	0000	0	2	1
00B9B1	1	0	06	0000	0	2	1
00B9B3	1	0	06	0000	0	2	1
00B9B5	1	0	06	0000	0	2	1
00B9B7	1	0	06	0000	0	2	1
00B9B9	1	0	06	0000	0	2	1
00B9BB	1	0	06	0000	0	2	1
00B9BD	1	0	06	0000	0	1	1
00B9BE	1	1	06	0000	0	2	1
00B9C0	0	0	06	0000	0	3	1
00B9C3	0	0	06	0000	0	3	1
00B9C6	0	0	06	0000	0	4	1
00B9CA	0	0	06	0000	0	4	1
00B9CE	0	0	06	0000	0	1	1
00B9CF	0	0	06	0000	0	1	1
00B9D0	0	0	06	0000	0	2	1
00B9D2	0	0	06	0000	0	2	1
00B9D4	1	1	06	0000	0	1	1
00B9D5	0	0	06	0000	0	1	1
00B9D6	1	1	06	0000	0	1	1
00B9D7	1	1	06	0000	0	3	1
00B9DA	1	1	06	0000	0	1	1
00B9DB	1	1	06	0D18	0	3	1
00B9DE	1	1	06	0D18	0	3	1
00B9E1	1	1	06	0D18	0	1	1
00B9E2	1	1	06	0000	0	3	1
00B9E5	1	1	06	1098	0	3	1
00B9E8	1	1	06	1CF8	0	3	1
00B9EB	1	1	06	1CF8	0	1	1
00B9EC	1	1	06	0000	0	3	1
00BA01	1	1	06	0D18	0	3	1
00BA04	1	1	06	0D18	0	2	1
00BA06	1	1	06	0D18	0	3	1
00BA09	1	1	06	0D18	0	1	1
00BA0A	1	1	06	0D18	0	3	1
00BA0D	1	1	06	0D18	0	1	1
00BA0E	1	1	06	0000	0	2	1
00BA10	1	1	06	0000	0	3	1
00BA13	1	1	06	0000	0	3	1
00BA16	1	1	06	0000	0	3	1
00BA19	1	1	06	0000	0	3	1
00BA1C	1	1	06	0000	0	2	1
00BA1E	1	1	06	0000	0	3	1
00BA21	1	1	06	0000	0	4	1
00BA25	1	1	06	0000	0	1	1
00BA26	1	1	06	0000	0	2	1
00BA28	1	1	06	0000	0	3	1
00BA2B	1	1	06	0000	0	3	1
00BA2E	1	1	06	0000	0	2	1
00BA30	1	1	06	0000	0	3	1
00BA33	1	1	06	0000	0	3	1
00BA36	1	1	06	0000	0	2	1
00BA38	1	1	06	0000	0	3	1
00BA3B	1	1	06	0000	0	3	1
00BA3E	1	1	06	0000	0	2	1
00BA40	1	1	06	0000	0	3	1
00BA43	1	1	06	0000	0	3	1
00BA46	1	1	06	0000	0	2	1
00BA48	1	1	06	0000	0	3	1
00BA4B	1	1	06	0000	0	3	1
00BA4E	1	1	06	0000	0	3	1
00BA51	1	1	06	0000	0	3	1
00BA54	1	1	06	0000	0	1	1
00BA55	1	1	06	0000	0	3	1
00BA58	1	1	06	0000	0	2	1
00BA5A	1	1	06	0000	0	3	1
00BA5D	1	1	06	0000	0	3	1
00BA60	1	1	06	0000	0	3	1
00BA63	1	1	06	0000	0	3	1
00BA66	1	1	06	0000	0	2	1
00BA68	1	1	06	0000	0	2	1
00BA6A	1	0	06	0000	0	3	1
00BA6D	1	0	06	0000	0	4	1
00BA71	1	0	06	0000	0	3	1
00BA74	1	0	06	0000	0	4	1
00BA78	1	0	06	0000	0	3	1
00BA7B	1	0	06	0000	0	4	1
00BA7F	1	0	06	0000	0	2	1
00BA81	1	1	06	0000	0	2	1
00BA83	1	1	06	0000	0	3	1
00BA86	1	1	06	0000	0	1	1
00BA87	1	1	06	0D18	0	4	1
00BA8B	1	1	06	0D18	0	4	1
00BA8F	1	1	06	0D18	0	3	1
00BA92	1	1	06	0D18	0	1	1
00BA93	1	1	06	0000	0	3	1
00BA96	1	1	06	0000	0	1	1
00BA97	1	1	06	0D18	0	2	1
00BA99	1	1	06	0D18	0	4	1
00BA9D	1	1	06	0D18	0	2	1
00BA9F	1	1	06	0D18	0	2	1
00BAA1	1	1	06	0D18	0	2	1
00BAA3	1	1	06	0D18	0	3	1
00BAA6	1	1	06	0D18	0	1	1
00BAA7	1	1	06	0D18	0	2	1
00BAA9	1	1	06	0D18	0	2	1
00BAAB	1	1	06	0D18	0	2	1
00BAAD	1	1	06	0D18	0	1	1
00BAAE	1	1	06	0D18	0	3	1
00BAB1	1	1	06	0D18	0	2	1
00BAB3	1	1	06	0D18	0	1	1
00BAB4	1	1	06	0D18	0	2	1
00BAB6	1	1	06	0D18	0	2	1
00BAB8	1	1	06	0D18	0	2	1
00BABA	1	1	06	0D18	0	3	1
00BABD	1	1	06	0D18	0	1	1
00BABE	1	1	06	0D18	0	2	1
00BAC0	1	1	06	0D18	0	2	1
00BAC2	1	1	06	0D18	0	1	1
00BAC3	1	1	06	0D18	0	2	1
00BAC5	1	1	06	0D18	0	3	1
00BAC8	1	1	06	0D18	0	3	1
00BACB	1	1	06	0D18	0	2	1
00BACD	1	1	06	0D18	0	3	1
00BAD0	1	1	06	0D18	0	2	1
00BAD2	1	1	06	0D18	0	2	1
00BAD4	1	1	06	0D18	0	4	1
00BAD8	1	1	06	0D18	0	2	1
00BADA	1	1	06	0D18	0	4	1
00BADE	1	1	06	0D18	0	2	1
00BAE0	1	1	06	0D18	0	3	1
00BAE3	1	1	06	0D18	0	1	1
00BAE4	1	1	06	0D18	0	2	1
00BAE6	1	1	06	0D18	0	2	1
00BAE8	1	1	06	0D18	0	4	1
00BAEC	1	1	06	0D18	0	2	1
00BAEE	1	1	06	0D18	0	1	1
00BAEF	1	1	06	0D18	0	2	1
00BAF1	1	1	06	0D18	0	2	1
00BAF3	1	1	06	0D18	0	2	1
00BAF5	1	1	06	0D18	0	3	1
00BAF8	1	1	06	0D18	0	1	1
00BAF9	1	1	06	0D18	0	2	1
00BAFB	1	1	06	0D18	0	2	1
00BAFD	1	1	06	0D18	0	4	1
00BB01	1	1	06	0D18	0	2	1
00BB03	1	1	06	0D18	0	3	1
00BB06	1	1	06	0D18	0	2	1
00BB08	1	1	06	0D18	0	2	1
00BB0A	1	1	06	0D18	0	4	1
00BB0E	1	1	06	0D18	0	2	1
00BB10	1	1	06	0D18	0	4	1
00BB14	1	1	06	0D18	0	2	1
00BB16	1	1	06	0D18	0	3	1
00BB19	1	1	06	0D18	0	1	1
00BB1A	1	1	06	0D18	0	2	1
00BB1C	1	1	06	0D18	0	2	1
00BB1E	1	1	06	0D18	0	4	1
00BB22	1	1	06	0D18	0	2	1
00BB24	1	1	06	0D18	0	1	1
00BB25	1	1	06	0D18	0	2	1
00BB27	1	1	06	0D18	0	3	1
00BB2A	1	1	06	0D18	0	1	1
00BB2B	1	1	06	0D18	0	3	1
00BB2E	1	1	06	0D18	0	3	1
00BB39	1	1	06	0D18	0	2	1
00BB3B	1	1	06	0D18	0	2	1
00BB3D	1	1	06	0D18	0	2	1
00BB3F	1	1	06	0D18	0	3	1
00BB42	1	1	06	0D18	0	1	1
00BB43	1	1	06	0D18	0	3	1
00BB46	1	1	06	0D18	0	2	1
00BB48	1	1	06	0D18	0	3	1
00BB4B	1	1	06	0D18	0	1	1
00BB4C	1	1	06	0D18	0	1	1
00BB4D	1	1	06	0D18	0	2	1
00BB4F	0	1	06	0D18	0	3	1
00BB52	0	1	06	0D18	0	2	1
00BB54	0	1	06	0D18	0	3	1
00BB57	0	1	06	0D18	0	2	1
00BB59	0	1	06	0D18	0	3	1
00BB5C	0	1	06	0D18	0	2	1
00BB5E	0	1	06	0D18	0	2	1
00BB60	1	1	06	0D18	0	2	1
00BB62	1	1	06	0D18	0	2	1
00BB64	1	1	06	0D18	0	4	1
00BB68	1	1	06	0D18	0	3	1
00BB6B	1	1	06	0D18	0	2	1
00BB6D	1	1	06	0D18	0	2	1
00BB6F	1	1	06	0D18	0	4	1
00BB73	1	0	06	0D18	0	2	1
00BB75	1	0	06	0D18	0	2	1
00BB77	1	0	06	0D18	0	2	1
00BB79	1	0	06	0D18	0	3	1
00BB7C	1	0	06	0D18	0	3	1
00BB7F	1	0	06	0D18	0	2	1
00BB81	1	0	06	0D18	0	3	1
00BB84	1	0	06	0D18	0	2	1
00BB86	1	0	06	0D18	0	2	1
00BB88	1	0	06	0D18	0	4	1
00BB8C	1	0	06	0D18	0	2	1
00BB8E	1	0	06	0D18	0	2	1
00BB90	1	0	06	0D18	0	2	1
00BB92	1	0	06	0D18	0	3	1
00BB95	1	0	06	0D18	0	1	1
00BB96	1	1	06	0D18	0	2	1
00BB98	1	1	06	0D18	0	2	1
00BB9A	1	1	06	0D18	0	4	1
00BB9E	1	1	06	0D18	0	2	1
00BBA0	1	1	06	0D18	0	2	1
00BBA2	1	1	06	0D18	0	2	1
00BBA4	1	1	06	0D18	0	3	1
00BBA7	1	1	06	0D18	0	2	1
00BBA9	1	1	06	0D18	0	3	1
00BBAC	1	1	06	0D18	0	4	1
00BBB0	1	1	06	0D18	0	1	1
00BBB1	1	1	06	0D18	0	2	1
00BBB3	1	1	06	0D18	0	2	1
00BBB5	1	1	06	0D18	0	4	1
00BBB9	1	1	06	0D18	0	2	1
00BBBB	1	1	06	0D18	0	2	1
00BBBD	0	1	06	0D18	0	2	1
00BBBF	0	1	06	0D18	0	2	1
00BBC1	1	1	06	0D18	0	2	1
00BBC3	1	1	06	0D18	0	2	1
00BBC5	1	1	06	0D18	0	3	1
00BBC8	1	1	06	0D18	0	2	1
00BBCA	1	1	06	0D18	0	2	1
00BBCC	1	1	06	0D18	0	2	1
00BBCE	1	1	06	0D18	0	2	1
00BBD0	1	1	06	0D18	0	2	1
00BBD2	1	1	06	0D18	0	4	1
00BBD6	1	1	06	0D18	0	2	1
00BBD8	1	1	06	0D18	0	2	1
00BBDA	1	1	06	0D18	0	4	1
00BBDE	1	1	06	0D18	0	4	1
00BBE2	1	1	06	0D18	0	1	1
00BBE3	1	1	06	0D18	0	2	1
00BBE5	1	1	06	0D18	0	2	1
00BBE7	1	1	06	0D18	0	2	1
00BBE9	1	1	06	0D18	0	3	1
00BBEC	1	1	06	0D18	0	4	1
00BBF0	1	1	06	0D18	0	1	1
00BBF1	1	1	06	0D18	0	2	1
00BBF3	1	1	06	0D18	0	2	1
00BBF5	1	1	06	0D18	0	2	1
00BBF7	1	1	06	0D18	0	2	1
00BBF9	1	1	06	0D18	0	4	1
00BBFD	1	1	06	0D18	0	2	1
00BBFF	1	1	06	0D18	0	3	1
00BC02	1	1	06	0D18	0	2	1
00BC04	1	1	06	0D18	0	1	1
00BC05	1	1	06	0D18	0	2	1
00BC07	1	1	06	0D18	0	3	1
00BC0A	1	1	06	0D18	0	1	1
00BC0B	1	1	06	0000	0	3	1
00BC0E	1	1	06	0000	0	3	1
00BC11	1	1	06	0000	0	1	1
00BC12	1	1	06	0D18	0	2	1
00BC14	1	1	06	0D18	0	4	1
00BC18	1	1	06	0D18	0	2	1
00BC1A	1	1	06	0D18	0	3	1
00BC1D	1	1	06	0D18	0	4	1
00BC21	1	1	06	0D18	0	1	1
00BC22	1	1	06	0D18	0	2	1
00BC24	1	1	06	0D18	0	2	1
00BC26	1	1	06	0D18	0	4	1
00BC2A	1	1	06	0D18	0	2	1
00BC2C	1	1	06	0D18	0	2	1
00BC2E	1	1	06	0D18	0	2	1
00BC30	1	1	06	0D18	0	2	1
00BC32	1	1	06	0D18	0	2	1
00BC34	1	1	06	0D18	0	3	1
00BC37	1	1	06	0D18	0	4	1
00BC3B	1	1	06	0D18	0	1	1
00BC3C	1	1	06	0D18	0	2	1
00BC3E	1	1	06	0D18	0	2	1
00BC40	1	1	06	0D18	0	2	1
00BC42	1	1	06	0D18	0	3	1
00BC45	1	1	06	0D18	0	3	1
00BC48	1	1	06	0D18	0	1	1
00BC49	1	1	06	0000	0	3	1
00BC4C	1	1	06	0000	0	3	1
00BC4F	1	1	06	0000	0	1	1
00BC50	1	1	06	0D18	0	3	1
00BC53	1	1	06	0D18	0	3	1
00BC56	1	1	06	0D18	0	2	1
00BC58	1	1	06	0D18	0	3	1
00BC5B	1	1	06	0D18	0	3	1
00BC5E	1	1	06	0D18	0	3	1
00BC61	1	1	06	0D18	0	3	1
00BC64	1	1	06	0D18	0	4	1
00BC68	1	1	06	0D18	0	1	1
00BC69	1	1	06	0000	0	1	1
00BC6A	1	1	06	0000	0	3	1
00BC6D	1	1	06	0000	0	1	1
00BC6E	1	1	06	1E58	0	2	1
00BC70	1	1	06	1E58	0	3	1
00BC73	1	1	06	1E58	0	1	1
00BC74	1	1	06	0000	0	2	1
00BC76	1	1	06	0000	0	3	1
00BC79	1	1	06	0000	0	3	1
00BC7C	1	1	06	0000	0	3	1
00BC7F	1	1	06	0000	0	3	1
00BC82	1	1	06	0000	0	1	1
00BC83	1	1	06	0000	0	3	1
00BC86	1	1	06	0000	0	1	1
00BC87	1	1	06	0000	0	3	1
00BC8A	1	1	06	1CF8	0	1	1
00BC8B	1	1	06	0000	0	3	1
00BC9C	1	1	06	1E58	0	3	1
00BC9F	1	1	06	1E58	0	1	1
00BCA0	1	1	06	1E58	0	3	1
00BCA3	1	1	06	1E58	0	1	1
00BCA4	1	1	06	0000	0	2	1
00BCA6	1	1	06	0000	0	3	1
00BCA9	1	1	06	0000	0	3	1
00BCAC	1	1	06	0000	0	2	1
00BCAE	1	1	06	0000	0	3	1
00BCB1	1	1	06	0000	0	3	1
00BCB4	1	1	06	0000	0	2	1
00BCB6	1	1	06	0000	0	3	1
00BCB9	1	1	06	0000	0	3	1
00BCBC	1	1	06	0000	0	2	1
00BCBE	1	1	06	0000	0	3	1
00BCC1	1	1	06	0000	0	3	1
00BCC4	1	1	06	0000	0	2	1
00BCC6	1	1	06	0000	0	3	1
00BCC9	1	1	06	0000	0	3	1
00BCCC	1	1	06	0000	0	2	1
00BCCE	1	1	06	0000	0	3	1
00BCD1	1	1	06	0000	0	3	1
00BCD4	1	1	06	0000	0	2	1
00BCD6	1	1	06	0000	0	3	1
00BCD9	1	1	06	0000	0	3	1
00BCDC	1	1	06	0000	0	2	1
00BCDE	1	1	06	0000	0	3	1
00BCE1	1	1	06	0000	0	3	1
00BCE4	1	1	06	0000	0	1	1
00BCE5	1	1	06	1E58	0	2	1
00BCE7	1	0	06	1E58	0	3	1
00BCEA	1	0	06	1E58	0	4	1
00BCEE	1	0	06	1E58	0	3	1
00BCF1	1	0	06	1E58	0	3	1
00BCF4	1	0	06	1E58	0	4	1
00BCF8	1	0	06	1E58	0	3	1
00BCFB	1	0	06	1E58	0	3	1
00BCFE	1	0	06	1E58	0	4	1
00BD02	1	0	06	1E58	0	2	1
00BD04	1	1	06	1E58	0	2	1
00BD06	1	1	06	1E58	0	3	1
00BD09	1	1	06	1E58	0	2	1
00BD0B	1	1	06	1E58	0	2	1
00BD0D	1	1	06	1E58	0	4	1
00BD11	1	1	06	1E58	0	2	1
00BD13	1	1	06	1E58	0	3	1
00BD16	1	1	06	1E58	0	2	1
00BD18	1	1	06	1E58	0	3	1
00BD1B	1	1	06	1E58	0	2	1
00BD1D	1	1	06	1E58	0	3	1
00BD20	1	1	06	1E58	0	3	1
00BD23	1	1	06	1E58	0	2	1
00BD25	1	1	06	1E58	0	4	1
00BD29	1	1	06	1E58	0	2	1
00BD2B	1	1	06	1E58	0	2	1
00BD2D	1	1	06	1E58	0	4	1
00BD31	1	1	06	1E58	0	2	1
00BD3D	1	1	06	1E58	0	2	1
00BD3F	1	1	06	1E58	0	2	1
00BD41	1	1	06	1E58	0	2	1
00BD43	1	1	06	1E58	0	2	1
00BD45	1	1	06	1E58	0	3	1
00BD48	1	1	06	1E58	0	3	1
00BD4B	1	1	06	1E58	0	4	1
00BD4F	1	1	06	1E58	0	2	1
00BD51	1	1	06	1E58	0	3	1
00BD54	1	1	06	1E58	0	1	1
00BD55	1	1	06	1E58	0	2	1
00BD57	1	1	06	1E58	0	2	1
00BD59	1	1	06	1E58	0	2	1
00BD5B	1	1	06	1E58	0	2	1
00BD5D	1	1	06	1E58	0	2	1
00BD5F	1	1	06	1E58	0	2	1
00BD61	1	1	06	1E58	0	1	1
00BD62	1	1	06	1E58	0	2	1
00BD64	1	1	06	1E58	0	3	1
00BD71	1	1	06	1E58	0	2	1
00BD73	1	1	06	1E58	0	2	1
00BD75	1	1	06	1E58	0	2	1
00BD83	1	1	06	1E58	0	2	1
00BD85	1	1	06	1E58	0	2	1
00BD87	1	1	06	1E58	0	1	1
00BD88	1	1	06	1E58	0	3	1
00BD8B	1	1	06	1E58	0	2	1
00BD93	1	1	06	1E58	0	2	1
00BD95	1	1	06	1E58	0	2	1
00BD97	1	1	06	1E58	0	1	1
00BD98	1	1	06	1E58	0	3	1
00BD9B	1	1	06	1E58	0	2	1
00BDA3	1	1	06	1E58	0	2	1
00BDA5	1	1	06	1E58	0	2	1
00BDA7	1	1	06	1E58	0	1	1
00BDA8	1	1	06	1E58	0	3	1
00BDAB	1	1	06	1E58	0	2	1
00BDB3	1	1	06	1E58	0	2	1
00BDB5	1	1	06	1E58	0	2	1
00BDB7	1	1	06	1E58	0	2	1
00BDB9	1	1	06	1E58	0	1	1
00BDBA	1	1	06	1E58	0	3	1
00BDBD	1	1	06	1E58	0	2	1
00BDD5	1	1	06	1E58	0	2	1
00BDD7	1	1	06	1E58	0	2	1
00BDD9	1	1	06	1E58	0	2	1
00BDDB	1	1	06	1E58	0	2	1
00BDDD	1	1	06	1E58	0	1	1
00BDDE	1	1	06	1E58	0	2	1
00BDE0	1	1	06	1E58	0	3	1
00BDE7	1	1	06	1E58	0	2	1
00BDE9	1	1	06	1E58	0	2	1
00BDEB	1	1	06	1E58	0	2	1
00BDED	1	1	06	1E58	0	2	1
00BDEF	1	1	06	1E58	0	2	1
00BDF1	1	1	06	1E58	0	2	1
00BDF3	1	1	06	1E58	0	1	1
00BDF4	1	1	06	1E58	0	4	1
00BDF8	1	1	06	1E58	0	2	1
00BDFA	1	1	06	1E58	0	2	1
00BDFC	1	1	06	1E58	0	1	1
00BDFD	1	1	06	1E58	0	2	1
00BDFF	1	1	06	1E58	0	2	1
00BE01	1	1	06	1E58	0	2	1
00BE03	1	1	06	1E58	0	3	1
00BE06	1	1	06	1E58	0	1	1
00BE07	1	1	06	1E58	0	2	1
00BE09	1	1	06	1E58	0	2	1
00BE0B	1	1	06	1E58	0	2	1
00BE0D	1	1	06	1E58	0	1	1
00BE0E	1	1	06	1E58	0	1	1
00BE0F	1	1	06	1E58	0	3	1
00BE12	1	1	06	1E58	0	1	1
00BE13	1	1	06	0D98	0	2	1
00BE15	1	1	06	0D98	0	2	1
00BE17	1	1	06	0D98	0	2	1
00BE19	1	1	06	0D98	0	1	1
00BE1A	1	1	06	1E58	0	2	1
00BE1C	1	1	06	1E58	0	2	1
00BE1E	1	1	06	1E58	0	2	1
00BE20	1	1	06	1E58	0	2	1
00BE22	1	1	06	1E58	0	2	1
00BE24	1	1	06	1E58	0	1	1
00BE25	1	1	06	1E58	0	4	1
00BE29	1	1	06	1E58	0	2	1
00BE2B	1	1	06	1E58	0	3	1
00BE34	1	1	06	1E58	0	2	1
00BE36	1	1	06	1E58	0	2	1
00BE38	1	1	06	1E58	0	3	1
00BE3B	1	1	06	1E58	0	2	1
00BE3D	1	1	06	1E58	0	2	1
00BE3F	1	1	06	1E58	0	1	1
00BE40	1	1	06	1E58	0	2	1
00BE42	1	1	06	1E58	0	3	1
00BE45	1	1	06	1E58	0	2	1
00BE48	1	1	06	1E58	0	1	1
00BE49	1	1	06	1E58	0	2	1
00BE4B	1	1	06	1E58	0	2	1
00BE4D	1	1	06	1E58	0	2	1
00BE4F	1	1	06	1E58	0	2	1
00BE51	1	1	06	1E58	0	2	1
00BE53	1	1	06	1E58	0	1	1
00BE54	1	1	06	1E58	0	2	1
00BE56	1	1	06	1E58	0	3	1
00BE59	1	1	06	1E58	0	2	1
00BE5B	1	1	06	1E58	0	2	1
00BE5D	1	1	06	1E58	0	2	1
00BE61	1	1	06	1E58	0	3	1
00BE64	1	1	06	1E58	0	1	1
00BE65	1	1	06	1E58	0	2	1
00BE67	1	1	06	1E58	0	4	1
00BE6B	1	1	06	1E58	0	2	1
00BE6D	1	1	06	1E58	0	2	1
00BE6F	1	1	06	1E58	0	2	1
00BE71	1	1	06	1E58	0	2	1
00BE73	1	1	06	1E58	0	1	1
00BE74	1	1	06	1E58	0	4	1
00BE78	1	1	06	1E58	0	2	1
00BE7A	1	1	06	1E58	0	3	1
00BE85	1	1	06	1E58	0	2	1
00BE87	1	1	06	1E58	0	3	1
00BE8A	1	1	06	1E58	0	3	1
00BE8D	1	1	06	1E58	0	2	1
00BE8F	1	1	06	1E58	0	2	1
00BE91	1	1	06	1E58	0	2	1
00BE93	1	1	06	1E58	0	2	1
00BE95	1	1	06	1E58	0	2	1
00BE97	1	1	06	1E58	0	2	1
00BE99	1	1	06	1E58	0	2	1
00BE9B	1	1	06	1E58	0	2	1
00BE9D	1	1	06	1E58	0	2	1
00BE9F	1	1	06	1E58	0	2	1
00BEA1	1	1	06	1E58	0	2	1
00BEA3	1	1	06	1E58	0	1	1
00BEA4	1	1	06	1E58	0	2	1
00BEA6	1	1	06	1E58	0	2	1
00BEA8	1	1	06	1E58	0	2	1
00BEAA	1	1	06	1E58	0	3	1
00BEAD	1	1	06	1E58	0	3	1
00BEB0	1	1	06	1E58	0	2	1
00BEB2	1	1	06	1E58	0	2	1
00BEB4	1	1	06	1E58	0	2	1
00BEB6	1	1	06	1E58	0	2	1
00BEB8	1	1	06	1E58	0	1	1
00BEB9	1	1	06	1E58	0	2	1
00BEBB	1	1	06	1E58	0	2	1
00BEBD	1	1	06	1E58	0	3	1
00BEC0	1	1	06	1E58	0	1	1
00BEC1	1	1	06	1E58	0	2	1
00BEC3	1	1	06	1E58	0	3	1
00BEC6	1	1	06	1E58	0	2	1
00BEC8	1	1	06	1E58	0	2	1
00BECA	1	1	06	1E58	0	1	1
00BECB	1	1	06	1E58	0	2	1
00BECD	1	1	06	1E58	0	2	1
00BECF	1	0	06	1E58	0	1	1
00BED0	1	0	06	1E58	0	4	1
00BED4	1	0	06	1E58	0	2	1
00BED6	1	0	06	1E58	0	3	1
00BED9	1	0	06	1E58	0	3	1
00BEDC	1	0	06	1E58	0	3	1
00BEDF	1	0	06	1E58	0	3	1
00BEE2	1	0	06	1E58	0	2	1
00BEE4	1	0	06	1E58	0	3	1
00BEE7	1	0	06	1E58	0	1	1
00BEE8	1	0	06	1E58	0	3	1
00BEEB	1	0	06	1E58	0	2	1
00BEED	1	1	06	1E58	0	2	1
00BEEF	1	1	06	1E58	0	2	1
00BEF1	1	1	06	1E58	0	1	1
00BEF6	1	1	06	1E58	0	2	1
00BEF8	1	1	06	1E58	0	3	1
00BEFB	1	1	06	1E58	0	2	1
00BEFD	1	1	06	1E58	0	2	1
00BEFF	1	1	06	1E58	0	1	1
00BF00	1	1	06	1E58	0	1	1
00BF01	1	1	06	1E58	0	2	1
00BF03	1	1	06	1E58	0	2	1
00BF05	1	1	06	1E58	0	2	1
00BF07	1	1	06	1E58	0	2	1
00BF09	1	1	06	1E58	0	2	1
00BF0B	1	1	06	1E58	0	2	1
00BF0D	1	1	06	1E58	0	1	1
00BF0E	1	1	06	1E58	0	2	1
00BF10	1	1	06	1E58	0	1	1
00BF11	1	1	06	1E58	0	2	1
00BF13	1	1	06	1E58	0	4	1
00BF17	1	1	06	1E58	0	4	1
00BF1B	1	1	06	1E58	0	4	1
00BF1F	1	1	06	1E58	0	4	1
00BF23	1	1	06	1E58	0	4	1
00BF27	1	1	06	1E58	0	4	1
00BF2B	1	1	06	1E58	0	4	1
00BF2F	1	1	06	1E58	0	2	1
00BF31	1	1	06	1E58	0	2	1
00BF33	1	1	06	1E58	0	2	1
00BF35	1	1	06	1E58	0	2	1
00BF37	1	1	06	1E58	0	2	1
00BF39	1	1	06	1E58	0	2	1
00BF3B	1	1	06	1E58	0	2	1
00BF3D	1	1	06	1E58	0	2	1
00BF3F	1	1	06	1E58	0	2	1
00BF41	1	1	06	1E58	0	2	1
00BF43	1	1	06	1E58	0	2	1
00BF45	1	1	06	1E58	0	2	1
00BF47	1	1	06	1E58	0	1	1
00BF48	1	1	06	1E58	0	2	1
00BF4A	1	1	06	1E58	0	2	1
00BF4F	1	1	06	1E58	0	2	1
00BF51	1	1	06	1E58	0	2	1
00BF65	1	1	06	1E58	0	2	1
00BF67	1	1	06	1E58	0	2	1
00BF69	1	1	06	1E58	0	2	1
00BF6B	1	1	06	1E58	0	3	1
00BF6E	1	1	06	1E58	0	3	1
00BF71	1	1	06	1E58	0	1	1
00BF72	1	1	06	1E58	0	2	1
00BF74	1	1	06	1E58	0	2	1
00BF76	1	1	06	1E58	0	2	1
00BF91	1	1	06	1E58	0	2	1
00BF93	1	1	06	1E58	0	3	1
00BF96	1	1	06	1E58	0	2	1
00BF98	1	1	06	1E58	0	3	1
00BF9B	1	1	06	1E58	0	2	1
00BF9D	1	1	06	1E58	0	3	1
00BFA0	1	1	06	1E58	0	2	1
00BFC9	1	1	06	1E58	0	2	1
00BFCB	1	1	06	1E58	0	2	1
00BFCD	1	1	06	1E58	0	2	1
00BFCF	1	1	06	1E58	0	2	1
00BFD1	1	1	06	1E58	0	2	1
00BFD3	1	1	06	1E58	0	3	1
00BFD6	1	1	06	1E58	0	2	1
00BFD8	1	1	06	1E58	0	4	1
00BFDC	1	1	06	1E58	0	1	1
00BFE4	1	1	06	1E58	0	4	1
00BFE8	1	1	06	1E58	0	4	1
00BFEC	1	1	06	1E58	0	4	1
00BFF0	1	1	06	1E58	0	4	1
00BFF4	1	1	06	1E58	0	4	1
00BFF8	1	1	06	1E58	0	2	1
00BFFA	1	1	06	1E58	0	3	1
00C005	1	1	06	1E58	0	2	1
00C007	1	1	06	1E58	0	2	1
00C009	1	1	06	1E58	0	2	1
00C00B	1	1	06	1E58	0	2	1
00C00D	1	1	06	1E58	0	2	1
00C00F	1	1	06	1E58	0	2	1
00C011	1	1	06	1E58	0	4	1
00C015	1	1	06	1E58	0	2	1
00C017	1	1	06	1E58	0	2	1
00C019	1	1	06	1E58	0	2	1
00C01B	1	1	06	1E58	0	3	1
00C01E	1	1	06	1E58	0	3	1
00C021	1	1	06	1E58	0	2	1
00C023	1	1	06	1E58	0	3	1
00C026	1	1	06	1E58	0	2	1
00C028	1	1	06	1E58	0	2	1
00C02A	1	1	06	1E58	0	2	1
00C02C	1	1	06	1E58	0	1	1
00C02D	1	1	06	1E58	0	2	1
00C02F	1	1	06	1E58	0	3	1
00C032	1	1	06	1E58	0	3	1
00C035	1	1	06	1E58	0	3	1
00C038	1	1	06	1E58	0	2	1
00C03A	1	1	06	1E58	0	2	1
00C03C	1	1	06	1E58	0	1	1
00C03D	1	1	06	1E58	0	3	1
00C040	1	1	06	1E58	0	3	1
00C043	1	1	06	1E58	0	3	1
00C046	1	1	06	1E58	0	2	1
00C048	1	1	06	1E58	0	2	1
00C04A	1	1	06	1E58	0	2	1
00C04C	1	1	06	1E58	0	2	1
00C04E	1	1	06	1E58	0	1	1
00C04F	1	1	06	1E58	0	3	1
00C052	1	1	06	1E58	0	3	1
00C055	1	1	06	1E58	0	2	1
00C057	1	1	06	1E58	0	3	1
00C05A	1	1	06	1E58	0	2	1
00C05C	1	1	06	1E58	0	2	1
00C05E	1	1	06	1E58	0	1	1
00C05F	1	1	06	1E58	0	2	1
00C061	1	1	06	1E58	0	2	1
00C063	1	1	06	1E58	0	1	1
00C064	1	1	06	1E58	0	2	1
00C066	1	1	06	1E58	0	2	1
00C068	1	1	06	1E58	0	2	1
00C06A	1	1	06	1E58	0	3	1
00C06D	1	1	06	1E58	0	1	1
00C06E	1	1	06	1E58	0	2	1
00C070	1	1	06	1E58	0	2	1
00C072	1	1	06	1E58	0	1	1
00C073	1	1	06	1E58	0	2	1
00C075	0	0	06	1E58	0	3	1
00C078	0	0	06	1E58	0	4	1
00C07C	0	0	06	1E58	0	1	1
00C07D	0	0	06	1E58	0	3	1
00C080	0	0	06	1E58	0	3	1
00C083	0	0	06	1E58	0	3	1
00C086	0	0	06	1E58	0	1	1
00C087	0	0	06	1E58	0	1	1
00C088	0	0	06	1E58	0	2	1
00C08A	0	0	06	1E58	0	2	1
00C08C	1	1	06	1E58	0	3	1
00C08F	1	1	06	1E58	0	3	1
00C092	1	1	06	1E58	0	3	1
00C095	1	1	06	1E58	0	3	1
00C098	1	1	06	1E58	0	3	1
00C09B	1	1	06	1E58	0	3	1
00C09E	1	1	06	1E58	0	2	1
00C0A0	1	1	06	1E58	0	3	1
00C0A3	1	1	06	1E58	0	1	1
00CE73	1	1	06	0000	0	1	1
00CE74	1	1	06	0000	0	1	1
00CE75	1	1	06	0000	0	2	1
00CE77	0	1	06	0000	0	2	1
00CE79	0	1	06	0000	0	3	1
00CE7C	0	1	06	0000	0	2	1
00CE7E	0	1	06	0000	0	3	1
00CE81	0	1	06	0000	0	3	1
00CE84	0	1	06	0000	0	3	1
00CE87	0	1	06	0000	0	3	1
00CE8A	0	1	06	0000	0	2	1
00CE8C	1	1	06	0000	0	3	1
00CE8F	1	1	06	0000	0	3	1
00CE92	1	1	06	0000	0	3	1
00CE95	1	1	06	0000	0	2	1
00CE97	1	1	06	0000	0	3	1
00CE9A	1	1	06	0000	0	2	1
00CE9C	1	1	06	0000	0	3	1
00CE9F	1	1	06	0000	0	3	1
00CEA2	1	1	06	0000	0	2	1
00CEA4	1	1	06	0000	0	4	1
00CEA8	1	1	06	0000	0	3	1
00CEAB	1	1	06	0000	0	3	1
00CEAE	1	1	06	0000	0	2	1
00CEB0	1	1	06	0000	0	3	1
00CEB3	1	1	06	0000	0	2	1
00CEB5	1	1	06	0000	0	3	1
00CEB8	1	1	06	12D8	0	2	1
00CEBA	1	1	06	0000	0	3	1
00CEBD	1	1	06	12D8	0	3	1
00CEC0	1	1	06	12D8	0	2	1
00CEC2	1	1	06	12D8	0	3	1
00CEC5	1	1	06	0CA8	0	2	1
00CEC7	1	1	06	12D8	0	3	1
00CECA	1	1	06	0CA8	0	3	1
00CECD	1	1	06	0CA8	0	2	1
00CECF	1	1	06	0CA8	0	3	1
00CED2	1	1	06	14D8	0	2	1
00CED4	1	1	06	0CA8	0	3	1
00CED7	1	1	06	14D8	0	3	1
00CEDA	1	1	06	14D8	0	2	1
00CEDC	1	1	06	14D8	0	3	1
00CEDF	1	1	06	17E8	0	2	1
00CEE1	1	1	06	14D8	0	3	1
00CEE4	1	1	06	17E8	0	3	1
00CEE7	1	1	06	17E8	0	2	1
00CEE9	1	1	06	17E8	0	3	1
00CEEC	1	1	06	1098	0	2	1
00CEEE	1	1	06	17E8	0	3	1
00CEF1	1	1	06	1098	0	3	1
00CEF4	1	1	06	1098	0	2	1
00CF10	1	1	06	1098	0	2	1
00CF12	1	1	06	1098	0	3	1
00CF15	1	1	06	1098	0	3	1
00CF18	1	1	06	1098	0	2	1
00CF1A	1	1	06	1098	0	4	1
00CF1E	1	1	06	1098	0	3	1
00CF21	1	1	06	1098	0	3	1
00CF24	1	1	06	1098	0	2	1
00CF26	1	1	06	1098	0	3	1
00CF29	1	1	06	1098	0	3	1
00CF2C	1	1	06	1098	0	3	1
00CF2F	1	1	06	1098	0	3	1
00CF32	1	1	06	1098	0	2	1
00CF34	1	1	06	1098	0	3	1
00CF37	1	1	06	1CF8	0	2	1
00CF39	1	1	06	1098	0	3	1
00CF3C	1	1	06	1CF8	0	3	1
00CF3F	1	1	06	1CF8	0	2	1
00CF41	1	1	06	1CF8	0	3	1
00CF44	1	1	06	1E08	0	2	1
00CF46	1	1	06	1CF8	0	3	1
00CF49	1	1	06	1E08	0	3	1
00CF4C	1	1	06	0B28	0	1	1
00CF4D	1	1	06	0000	0	1	1
00CF4E	1	1	06	0000	0	1	1
00CF4F	1	1	06	0000	0	3	1
00CF52	1	1	06	0000	0	2	1
00CF5F	1	1	06	0000	0	1	1
00CF60	1	1	06	0000	0	3	1
00CF63	1	1	06	0000	0	2	1
00CF80	1	1	06	1CF8	0	2	1
00CF82	0	1	06	1CF8	0	3	1
00CF85	0	1	06	0B08	0	1	1
00CF86	0	1	06	0B28	0	2	1
00CF88	1	1	06	0B28	0	2	1
00CF8A	1	1	06	0B28	0	2	1
00CF93	1	1	06	0B28	0	2	1
00CF95	0	1	06	0B28	0	1	1
00CF96	0	1	06	0B28	0	3	1
00CF99	0	1	06	0B28	0	3	1
00CF9C	0	1	06	0B28	0	2	1
00CF9E	0	1	06	0B28	0	2	1
00CFA0	1	1	06	0B28	0	1	1
00CFA1	1	1	06	14D8	0	2	1
00CFA3	0	1	06	14D8	0	3	1
00CFA6	0	1	06	17B8	0	1	1
00CFA7	0	1	06	17E8	0	2	1
00CFA9	1	1	06	17E8	0	2	1
00CFAB	1	1	06	17E8	0	2	1
00CFAD	1	1	06	1548	0	3	1
00CFB0	1	1	06	17E8	0	3	1
00CFB3	1	1	06	17E8	0	2	1
00CFB5	1	1	06	17E8	0	2	1
00CFB7	0	1	06	17E8	0	1	1
00CFB8	0	1	06	17E8	0	3	1
00CFBB	0	1	06	17E8	0	3	1
00CFBE	0	1	06	17E8	0	2	1
00CFC0	0	1	06	17E8	0	2	1
00CFC2	1	1	06	17E8	0	1	1
00CFC3	1	1	06	14D8	0	2	1
00CFC5	0	1	06	14D8	0	3	1
00CFC8	0	1	06	17B8	0	1	1
00CFC9	0	1	06	17E8	0	2	1
00CFCB	1	1	06	17E8	0	2	1
00CFCD	1	1	06	17E8	0	2	1
00CFCF	1	1	06	1548	0	2	1
00CFD1	1	1	06	1548	0	3	1
00CFD4	1	1	06	1548	0	2	1
00CFD6	1	1	06	1548	0	2	1
00CFD8	1	1	06	1548	0	2	1
00CFDA	1	1	06	16F8	0	4	1
00CFDE	1	1	06	17E8	0	3	1
00CFE1	1	1	06	17E8	0	2	1
00CFE3	1	1	06	17E8	0	2	1
00CFE5	0	1	06	17E8	0	1	1
00CFE6	0	1	06	17E8	0	3	1
00CFE9	0	1	06	17E8	0	3	1
00CFEC	0	1	06	17E8	0	2	1
00CFEE	0	1	06	17E8	0	2	1
00CFF0	1	1	06	17E8	0	1	1
00CFF1	1	1	06	1548	0	2	1
00CFF3	0	1	06	1548	0	2	1
00CFF5	0	1	06	1548	0	2	1
00CFF7	0	1	06	1548	0	2	1
00CFF9	0	1	06	1548	0	2	1
00CFFB	1	1	06	1548	0	2	1
00CFFD	1	1	06	1548	0	2	1
00CFFF	1	1	06	1548	0	2	1
00D001	1	1	06	1548	0	2	1
00D003	1	1	06	1548	0	1	1
00D004	1	1	06	1548	0	1	1
00D005	1	1	06	1548	0	3	1
00D008	1	1	06	0000	0	2	1
00D00A	0	1	06	0000	0	3	1
00D00D	0	1	06	1C38	0	1	1
00D00E	0	1	06	1C38	0	2	1
00D010	1	1	06	1C38	0	2	1
00D012	1	1	06	1C38	0	2	1
00D014	1	1	06	1958	0	2	1
00D016	1	1	06	1958	0	2	1
00D018	1	1	06	1958	0	2	1
00D01A	1	1	06	1958	0	1	1
00D01B	1	1	06	1958	0	1	1
00D01C	1	1	06	1958	0	3	1
00D01F	1	1	06	1C38	0	2	1
00D021	0	1	06	1C38	0	1	1
00D022	0	1	06	1C38	0	3	1
00D025	0	1	06	1C38	0	3	1
00D028	0	1	06	1C38	0	2	1
00D02A	0	1	06	1CF8	0	2	1
00D02C	1	1	06	1CF8	0	1	1
00D02D	1	1	06	1098	0	2	1
00D02F	0	1	06	1098	0	3	1
00D032	0	1	06	1CD8	0	1	1
00D033	0	1	06	1CF8	0	2	1
00D035	1	1	06	1CF8	0	2	1
00D037	1	1	06	1CF8	0	2	1
00D039	1	1	06	18F8	0	2	1
00D03B	1	1	06	18F8	0	2	1
00D03D	1	1	06	18F8	0	2	1
00D03F	1	1	06	18F8	0	2	1
00D041	1	1	06	18F8	0	1	1
00D042	1	1	06	18F8	0	1	1
00D043	1	1	06	18F8	0	3	1
00D046	1	1	06	18F8	0	2	1
00D048	1	1	06	1878	0	2	1
00D04A	1	1	06	1878	0	2	1
00D04C	1	1	06	1878	0	4	1
00D050	1	1	06	1CF8	0	2	1
00D052	0	1	06	1CF8	0	1	1
00D053	0	1	06	1CF8	0	3	1
00D056	0	1	06	1CF8	0	3	1
00D059	0	1	06	1CF8	0	2	1
00D05B	0	1	06	1CF8	0	2	1
00D05D	1	1	06	1CF8	0	1	1
00D05E	1	1	06	1CF8	0	2	1
00D060	0	1	06	1CF8	0	3	1
00D063	0	1	06	1DF8	0	1	1
00D064	0	1	06	1E08	0	2	1
00D066	1	1	06	1E08	0	2	1
00D068	1	1	06	1E08	0	2	1
00D06A	1	1	06	1D38	0	2	1
00D06C	1	1	06	1D38	0	1	1
00D06D	1	1	06	1D38	0	1	1
00D06E	1	1	06	1D38	0	3	1
00D071	1	1	06	1E08	0	2	1
00D073	0	1	06	1E08	0	1	1
00D074	0	1	06	1E08	0	3	1
00D077	0	1	06	1E08	0	3	1
00D07A	0	1	06	1E08	0	2	1
00D07C	0	1	06	1E08	0	2	1
00D07E	1	1	06	1E08	0	1	1
00D07F	1	1	06	1CF8	0	2	1
00D081	0	1	06	1CF8	0	3	1
00D084	0	1	06	1DF8	0	1	1
00D085	0	1	06	1E08	0	2	1
00D087	1	1	06	1E08	0	2	1
00D089	1	1	06	1E08	0	2	1
00D092	1	1	06	1E08	0	2	1
00D094	0	1	06	1E08	0	1	1
00D095	0	1	06	1E08	0	3	1
00D098	0	1	06	1E08	0	3	1
00D09B	0	1	06	1E08	0	2	1
00D09D	0	1	06	1E08	0	2	1
00D09F	1	1	06	1E08	0	1	1
00D0A0	1	1	06	0D18	0	2	1
00D0A2	0	1	06	0D18	0	3	1
00D0A5	0	1	06	1298	0	1	1
00D0A6	0	1	06	12D8	0	2	1
00D0A8	1	1	06	12D8	0	2	1
00D0AA	1	1	06	12D8	0	2	1
00D0AC	1	1	06	10D8	0	3	1
00D0AF	1	1	06	12D8	0	3	1
00D0B2	1	1	06	12D8	0	2	1
00D0B4	1	1	06	12D8	0	2	1
00D0B6	0	1	06	12D8	0	1	1
00D0B7	0	1	06	12D8	0	3	1
00D0BA	0	1	06	12D8	0	3	1
00D0BD	0	1	06	12D8	0	2	1
00D0BF	0	1	06	12D8	0	2	1
00D0C1	1	1	06	12D8	0	1	1
00D0C2	1	1	06	0000	0	2	1
00D0C4	0	1	06	0000	0	3	1
00D0C7	0	1	06	1298	0	1	1
00D0C8	0	1	06	12D8	0	2	1
00D0CA	1	1	06	12D8	0	2	1
00D0CC	1	1	06	12D8	0	2	1
00D0CE	1	1	06	10D8	0	2	1
00D0D5	1	1	06	10D8	0	2	1
00D0D7	1	1	06	10D8	0	2	1
00D0D9	1	1	06	10D8	0	4	1
00D0DD	1	1	06	12D8	0	3	1
00D0E0	1	1	06	12D8	0	2	1
00D0E2	1	1	06	12D8	0	2	1
00D0E4	0	1	06	12D8	0	1	1
00D0E5	0	1	06	12D8	0	3	1
00D0E8	0	1	06	12D8	0	3	1
00D0EB	0	1	06	12D8	0	2	1
00D0ED	0	1	06	12D8	0	2	1
00D0EF	1	1	06	12D8	0	1	1
00D0F0	1	1	06	10D8	0	2	1
00D0F2	0	1	06	10D8	0	2	1
00D0F4	0	1	06	10D8	0	2	1
00D0F6	0	1	06	10D8	0	2	1
00D0F8	0	1	06	10D8	0	2	1
00D0FA	0	1	06	10D8	0	2	1
00D0FC	1	1	06	10D8	0	2	1
00D0FE	1	1	06	10D8	0	2	1
00D100	1	1	06	10D8	0	2	1
00D102	1	1	06	10D8	0	1	1
00D103	1	1	06	10D8	0	1	1
00D104	1	1	06	10D8	0	3	1
00D107	1	1	06	0B28	0	2	1
00D109	0	1	06	0B28	0	3	1
00D10C	0	1	06	0C88	0	1	1
00D10D	0	1	06	0CA8	0	2	1
00D10F	1	1	06	0CA8	0	2	1
00D111	1	1	06	0CA8	0	2	1
00D113	1	1	06	0B48	0	3	1
00D116	1	1	06	0CA8	0	2	1
00D118	0	1	06	0CA8	0	1	1
00D119	0	1	06	0CA8	0	3	1
00D11C	0	1	06	0CA8	0	3	1
00D11F	0	1	06	0CA8	0	2	1
00D121	0	1	06	0CA8	0	2	1
00D123	1	1	06	0CA8	0	1	1
00D124	1	1	06	12D8	0	2	1
00D126	0	1	06	12D8	0	3	1
00D129	0	1	06	0C88	0	1	1
00D12A	0	1	06	0CA8	0	2	1
00D12C	1	1	06	0CA8	0	2	1
00D12E	1	1	06	0CA8	0	2	1
00D13F	1	1	06	0CA8	0	2	1
00D141	0	1	06	0CA8	0	1	1
00D142	0	1	06	0CA8	0	3	1
00D145	0	1	06	0CA8	0	3	1
00D148	0	1	06	0CA8	0	2	1
00D14A	0	1	06	0CA8	0	2	1
00D14C	1	1	06	0CA8	0	1	1
00D14D	1	1	06	0B48	0	2	1
00D14F	1	1	06	0B48	0	2	1
00D151	1	1	06	0B48	0	2	1
00D153	1	1	06	0B48	0	2	1
00D155	1	1	06	0B48	0	1	1
00D156	1	1	06	0B48	0	1	1
00D157	1	1	06	0B48	0	3	1
00D15A	1	1	06	0CA8	0	2	1
00D15C	0	1	06	0CA8	0	3	1
00D15F	0	1	06	1498	0	1	1
00D160	0	1	06	14D8	0	2	1
00D162	1	1	06	14D8	0	2	1
00D164	1	1	06	14D8	0	2	1
00D166	1	1	06	1318	0	3	1
00D169	1	1	06	14D8	0	3	1
00D16C	1	1	06	14D8	0	2	1
00D16E	1	1	06	14D8	0	2	1
00D170	0	1	06	14D8	0	1	1
00D171	0	1	06	14D8	0	3	1
00D174	0	1	06	14D8	0	3	1
00D177	0	1	06	14D8	0	2	1
00D179	0	1	06	14D8	0	2	1
00D17B	1	1	06	14D8	0	1	1
00D17C	1	1	06	0CA8	0	2	1
00D17E	0	1	06	0CA8	0	3	1
00D181	0	1	06	1498	0	1	1
00D182	0	1	06	14D8	0	2	1
00D184	1	1	06	14D8	0	2	1
00D186	1	1	06	14D8	0	2	1
00D188	1	1	06	1318	0	2	1
00D18F	1	1	06	1318	0	2	1
00D191	1	1	06	1318	0	2	1
00D193	1	1	06	1498	0	4	1
00D197	1	1	06	14D8	0	3	1
00D19A	1	1	06	14D8	0	2	1
00D19C	1	1	06	14D8	0	2	1
00D19E	0	1	06	14D8	0	1	1
00D19F	0	1	06	14D8	0	3	1
00D1A2	0	1	06	14D8	0	3	1
00D1A5	0	1	06	14D8	0	2	1
00D1A7	0	1	06	14D8	0	2	1
00D1A9	1	1	06	14D8	0	1	1
00D1AA	1	1	06	1318	0	2	1
00D1AC	0	1	06	1318	0	2	1
00D1AE	0	1	06	1318	0	2	1
00D1B0	0	1	06	1318	0	2	1
00D1B2	0	1	06	1318	0	2	1
00D1B4	0	1	06	1318	0	2	1
00D1B6	1	1	06	1318	0	2	1
00D1B8	1	1	06	1318	0	2	1
00D1BA	1	1	06	1318	0	2	1
00D1BC	1	1	06	1318	0	1	1
00D1BD	1	1	06	1318	0	1	1
00D1BE	1	1	06	1318	0	3	1
00D1C1	1	1	06	17E8	0	2	1
00D1C3	0	1	06	17E8	0	3	1
00D1C6	0	1	06	0D18	0	1	1
00D1C7	0	1	06	0D58	0	2	1
00D1C9	1	1	06	0D58	0	2	1
00D1CB	1	1	06	0D18	0	2	1
00D1CD	1	1	06	0D18	0	3	1
00D1D0	1	1	06	0D18	0	3	1
00D1D3	1	1	06	0D18	0	2	1
00D1D5	1	1	06	0D18	0	2	1
00D1D7	0	1	06	0D18	0	1	1
00D1D8	0	1	06	0D18	0	3	1
00D1DB	0	1	06	0D18	0	3	1
00D1DE	0	1	06	0D18	0	2	1
00D1E0	0	1	06	1098	0	2	1
00D1E2	1	1	06	1098	0	1	1
00D1E3	1	1	06	17E8	0	2	1
00D1E5	0	1	06	17E8	0	3	1
00D1E8	0	1	06	1058	0	1	1
00D1E9	0	1	06	1098	0	2	1
00D1EB	1	1	06	1098	0	2	1
00D1ED	1	1	06	1098	0	2	1
00D1EF	1	1	06	0D18	0	2	1
00D1F1	1	1	06	0D18	0	3	1
00D1F4	1	1	06	0D18	0	2	1
00D1F6	1	1	06	0D18	0	2	1
00D1F8	1	1	06	0D18	0	2	1
00D1FA	1	1	06	0E98	0	4	1
00D1FE	1	1	06	1098	0	3	1
00D201	1	1	06	1098	0	2	1
00D203	1	1	06	1098	0	2	1
00D205	0	1	06	1098	0	1	1
00D206	0	1	06	1098	0	3	1
00D209	0	1	06	1098	0	3	1
00D20C	0	1	06	1098	0	2	1
00D20E	0	1	06	1098	0	2	1
00D210	1	1	06	1098	0	1	1
00D211	1	1	06	0D18	0	2	1
00D213	0	1	06	0D18	0	2	1
00D215	0	1	06	0D18	0	2	1
00D217	0	1	06	0D18	0	2	1
00D219	0	1	06	0D18	0	2	1
00D21B	0	1	06	0D18	0	2	1
00D21D	1	1	06	0D18	0	2	1
00D21F	1	1	06	0D18	0	2	1
00D221	1	1	06	0D18	0	2	1
00D223	1	1	06	0D18	0	1	1
00D224	1	1	06	0D18	0	1	1
00D225	1	1	06	0D18	0	3	1
00D228	1	1	06	1098	0	2	1
00D22A	0	0	06	1098	0	3	1
00D22D	0	0	06	1098	0	2	1
00D22F	0	0	06	1098	0	3	1
00D232	0	0	06	1098	0	3	1
00D235	0	0	06	1098	0	1	1
00D236	0	0	06	1098	0	3	1
00D239	0	0	06	1098	0	3	1
00D23C	0	0	06	1098	0	3	1
00D23F	0	0	06	1098	0	1	1
00D240	0	0	06	1098	0	3	1
00D243	0	0	06	1098	0	1	1
00D244	0	0	06	1098	0	3	1
00D247	0	0	06	1098	0	3	1
00D24A	0	0	06	1098	0	3	1
00D24D	0	0	06	1098	0	2	1
00D24F	1	1	06	1098	0	1	1
00D250	1	1	06	0000	0	1	1
00D251	1	1	06	0000	0	3	1
00D254	1	1	06	1098	0	1	1
00D255	1	1	06	0000	0	1	1
00D256	1	1	06	0000	0	3	1
00D259	1	1	06	0000	0	1	1
00D25A	1	1	06	0000	0	1	1
00D25B	1	1	06	0000	0	2	1
00D25D	1	1	06	0000	0	2	1
00D25F	1	0	06	0000	0	3	1
00D262	1	0	06	0000	0	3	1
00D265	1	0	06	0000	0	3	1
00D268	1	0	06	0000	0	3	1
00D26B	1	0	06	0000	0	3	1
00D26E	1	0	06	0000	0	3	1
00D271	1	0	06	0000	0	3	1
00D274	1	0	06	0000	0	2	1
00D276	1	0	06	0000	0	3	1
00D279	1	0	06	0000	0	2	1
00D27B	1	0	06	0000	0	3	1
00D27E	1	0	06	0000	0	2	1
00D280	0	0	06	0000	0	2	1
00D282	0	0	06	0000	0	1	1
00D283	0	0	06	0000	0	1	1
00D284	0	0	06	0000	0	3	1
00D287	0	0	06	0000	0	2	1
00D289	1	0	06	0000	0	2	1
00D28B	1	0	06	0000	0	3	1
00D28E	1	0	06	0000	0	3	1
00D291	1	0	06	0000	0	3	1
00D294	1	0	06	0000	0	3	1
00D297	1	0	06	0000	0	3	1
00D29A	1	0	06	0000	0	3	1
00D29D	1	0	06	0000	0	1	1
00D29E	1	0	06	0000	0	2	1
00D2A0	1	1	06	0000	0	2	1
00D2A2	1	1	06	0000	0	2	1
00D2A4	1	1	06	0000	0	2	1
00D2A6	1	1	06	0000	0	4	1
00D2AA	1	1	06	0000	0	4	1
00D2AE	1	1	06	0000	0	1	1
00D2AF	1	0	06	0000	0	3	1
00D2B2	1	0	06	0000	0	2	1
00D2C6	1	0	06	0000	0	3	1
00D2C9	1	0	06	0000	0	2	1
00D2F6	1	0	06	0000	0	2	1
00D2F8	0	0	06	0000	0	2	1
00D2FA	0	0	06	0000	0	2	1
00D2FC	0	0	06	0000	0	2	1
00D2FE	0	0	06	0000	0	2	1
00D300	0	0	06	0000	0	2	1
00D302	0	0	06	0000	0	2	1
00D304	0	0	06	0000	0	2	1
00D306	0	0	06	0000	0	2	1
00D308	1	1	06	0000	0	1	1
00D309	1	1	06	0000	0	1	1
00D36D	1	0	06	0000	0	2	1
00D36F	1	0	06	0000	0	2	1
00D371	1	0	06	0000	0	1	1
00D372	1	0	06	0000	0	2	1
00D374	1	0	06	0000	0	2	1
00D376	1	0	06	0000	0	2	1
00D378	1	0	06	0000	0	1	1
00D379	1	0	06	0000	0	1	1
00D37A	1	0	06	0000	0	3	1
00D37D	1	0	06	0000	0	3	1
00D380	1	0	06	0000	0	2	1
00D382	1	0	06	0000	0	2	1
00D384	1	0	06	0000	0	2	1
00D386	1	0	06	0000	0	2	1
00D388	1	0	06	0000	0	1	1
00D389	1	0	06	0000	0	2	1
00D38B	1	0	06	0000	0	2	1
00D38D	1	0	06	0000	0	2	1
00D38F	1	0	06	0000	0	1	1
00D390	1	0	06	0000	0	1	1
00D391	1	0	06	0000	0	3	1
00D394	1	0	06	0000	0	3	1
00D397	1	0	06	0000	0	2	1
00D399	1	0	06	0000	0	2	1
00D39B	1	0	06	0000	0	2	1
00D39D	1	0	06	0000	0	2	1
00D39F	1	0	06	0000	0	1	1
00D3A0	1	0	06	0000	0	2	1
00D3A2	1	0	06	0000	0	2	1
00D3A4	1	0	06	0000	0	2	1
00D3A6	1	0	06	0000	0	1	1
00D3A7	1	0	06	0000	0	1	1
00D3A8	1	0	06	0000	0	3	1
00D3AB	1	0	06	0000	0	3	1
00D3AE	1	0	06	0000	0	2	1
00D3B0	1	0	06	0000	0	2	1
00D3B2	1	0	06	0000	0	1	1
00D3B3	1	0	06	0000	0	2	1
00D3B5	1	0	06	0000	0	2	1
00D3B7	1	0	06	0000	0	1	1
00D3B8	1	0	06	0000	0	2	1
00D3BA	1	0	06	0000	0	2	1
00D3BC	1	0	06	0000	0	2	1
00D3BE	1	0	06	0000	0	1	1
00D3BF	1	0	06	0000	0	1	1
00D3C0	1	0	06	0000	0	3	1
00D3C3	1	0	06	0000	0	3	1
00D3C6	1	0	06	0000	0	2	1
00D3C8	1	0	06	0000	0	2	1
00D3CA	1	0	06	0000	0	2	1
00D3CC	1	0	06	0000	0	2	1
00D3CE	1	0	06	0000	0	1	1
00D3CF	1	0	06	0000	0	2	1
00D3D1	1	0	06	0000	0	2	1
00D3D3	1	0	06	0000	0	2	1
00D3D5	1	0	06	0000	0	1	1
00D3D6	1	0	06	0000	0	1	1
00D3D7	1	0	06	0000	0	3	1
00D3DA	1	0	06	0000	0	3	1
00D3DD	1	0	06	0000	0	2	1
00D3DF	1	0	06	0000	0	2	1
00D3E1	1	0	06	0000	0	2	1
00D3E3	1	0	06	0000	0	2	1
00D3E5	1	0	06	0000	0	1	1
00D3E6	1	0	06	0000	0	2	1
00D3E8	1	0	06	0000	0	2	1
00D3EA	1	0	06	0000	0	2	1
00D3EC	1	0	06	0000	0	1	1
00D3ED	1	0	06	0000	0	1	1
00D3EE	1	0	06	0000	0	3	1
00D3F1	1	0	06	0000	0	3	1
00D3F4	1	0	06	0000	0	2	1
00D3F6	1	0	06	0000	0	2	1
00D3F8	1	0	06	0000	0	1	1
00D3F9	1	0	06	0000	0	3	1
00D3FC	1	0	06	0000	0	2	1
00D409	1	0	06	0000	0	3	1
00D40C	1	0	06	0000	0	2	1
00D419	1	0	06	0000	0	3	1
00D41C	1	0	06	0000	0	2	1
00D429	1	0	06	0000	0	1	1
00D42A	1	0	06	0000	0	2	1
00D42C	1	0	06	0000	0	1	1
00D42D	1	0	06	0000	0	3	1
00D430	1	0	06	0000	0	3	1
00D433	1	0	06	0000	0	2	1
00D435	0	0	06	0000	0	3	1
00D438	0	0	06	0000	0	1	1
00D439	0	0	06	0000	0	1	1
00D43A	0	0	06	0000	0	1	1
00D43B	0	0	06	0000	0	1	1
00D43C	0	0	06	0000	0	1	1
00D43D	0	0	06	0000	0	2	1
00D43F	1	0	06	0000	0	2	1
00D441	1	0	06	0000	0	2	1
00D443	1	0	06	0000	0	3	1
00D446	1	0	06	0000	0	2	1
00D448	1	0	06	0000	0	2	1
00D44A	1	0	06	0000	0	3	1
00D44D	1	0	06	0000	0	2	1
00D44F	1	0	06	0000	0	3	1
00D452	1	0	06	0000	0	2	1
00D454	0	0	06	0000	0	2	1
00D456	0	0	06	0000	0	3	1
00D459	0	0	06	0000	0	2	1
00D45B	0	0	06	0000	0	3	1
00D45E	0	0	06	0000	0	1	1
00D45F	0	0	06	0000	0	2	1
00D461	0	0	06	0000	0	3	1
00D464	0	0	06	0000	0	2	1
00D466	0	0	06	0000	0	1	1
00D467	0	0	06	0000	0	1	1
00D468	0	0	06	0000	0	2	1
00D46A	0	0	06	0000	0	1	1
00D46B	0	0	06	0000	0	4	1
00D46F	0	0	06	0000	0	2	1
00D471	0	0	06	0000	0	4	1
00D475	0	0	06	0000	0	2	1
00D477	0	0	06	0000	0	1	1
00D478	0	0	06	0000	0	1	1
00D479	0	0	06	0000	0	2	1
00D47B	0	0	06	0000	0	3	1
00D47E	0	0	06	0000	0	2	1
00D480	0	0	06	0000	0	1	1
00D481	0	0	06	0000	0	1	1
00D482	0	0	06	0000	0	2	1
00D484	0	0	06	0000	0	1	1
00D485	0	0	06	0000	0	2	1
00D487	0	0	06	0000	0	2	1
00D489	0	0	06	0000	0	1	1
00D48A	0	0	06	0000	0	2	1
00D48C	0	0	06	0000	0	2	1
00D48E	0	0	06	0000	0	1	1
00D48F	0	0	06	0000	0	2	1
00D491	0	0	06	0000	0	3	1
00D494	0	0	06	0000	0	2	1
00D496	0	0	06	0000	0	3	1
00D499	0	0	06	0000	0	2	1
00D49B	1	0	06	0000	0	1	1
00D49C	1	0	06	0000	0	3	1
00D49F	1	0	06	0000	0	2	1
00D4A1	1	0	06	0000	0	2	1
00D4A3	1	0	06	0000	0	3	1
00D4A6	1	0	06	0000	0	1	1
00D4A7	1	0	06	0000	0	2	1
00D4A9	1	0	06	0000	0	1	1
00D4AA	1	0	06	0000	0	3	1
00D4AD	1	0	06	0000	0	1	1
00D4AE	1	0	06	0000	0	3	1
00D4BB	1	0	06	0000	0	2	1
00D4BD	1	0	06	0000	0	2	1
00D4BF	1	0	06	0000	0	2	1
00D4C1	1	0	06	0000	0	2	1
00D4C3	1	0	06	0000	0	2	1
00D4C5	1	0	06	0000	0	2	1
00D4C7	1	0	06	0000	0	3	1
00D4CA	1	0	06	0000	0	2	1
00D4CC	1	0	06	0000	0	3	1
00D4CF	1	0	06	0000	0	3	1
00D4D2	1	0	06	0000	0	3	1
00D4D5	1	0	06	0000	0	2	1
00D4D7	1	0	06	0000	0	3	1
00D4DA	1	0	06	0000	0	3	1
00D4DD	1	0	06	0000	0	2	1
00D4DF	1	0	06	0000	0	3	1
00D4E2	1	0	06	0000	0	2	1
00D4E4	1	0	06	0000	0	3	1
00D4E7	1	0	06	0000	0	2	1
00D4E9	1	0	06	0000	0	3	1
00D4EC	1	0	06	0000	0	2	1
00D4EE	1	0	06	0000	0	3	1
00D4F1	1	0	06	0000	0	1	1
00D4F2	1	0	06	0000	0	1	1
00D4F3	1	0	06	0000	0	1	1
00D4F4	1	0	06	0000	0	1	1
00D4F5	1	0	06	0000	0	3	1
00D4F8	1	0	06	0000	0	2	1
00D4FA	1	0	06	0000	0	2	1
00D4FC	1	0	06	0000	0	3	1
00D4FF	1	0	06	0000	0	2	1
00D501	1	0	06	0000	0	3	1
00D504	1	0	06	0000	0	2	1
00D506	1	0	06	0000	0	2	1
00D508	1	0	06	0000	0	2	1
00D50A	1	0	06	0000	0	2	1
00D50C	1	0	06	0000	0	2	1
00D50E	1	0	06	0000	0	3	1
00D511	1	0	06	0000	0	2	1
00D516	1	0	06	0000	0	2	1
00D518	1	0	06	0000	0	3	1
00D51B	1	0	06	0000	0	2	1
00D51D	1	0	06	0000	0	3	1
00D520	1	0	06	0000	0	3	1
00D523	1	0	06	0000	0	2	1
00D525	1	0	06	0000	0	2	1
00D527	1	0	06	0000	0	2	1
00D529	1	0	06	0000	0	3	1
00D52C	1	0	06	0000	0	2	1
00D52E	1	0	06	0000	0	2	1
00D530	1	0	06	0000	0	1	1
00D531	1	0	06	0000	0	2	1
00D533	1	0	06	0000	0	2	1
00D535	1	0	06	0000	0	2	1
00D537	1	0	06	0000	0	2	1
00D539	1	0	06	0000	0	3	1
00D53C	1	0	06	0000	0	1	1
00D53D	1	0	06	0000	0	2	1
00D53F	1	0	06	0000	0	2	1
00D541	1	0	06	0000	0	2	1
00D543	1	0	06	0000	0	3	1
00D546	1	0	06	0000	0	1	1
00D547	1	0	06	0000	0	1	1
00D548	1	0	06	0000	0	1	1
00D549	1	0	06	0000	0	1	1
00D54A	1	0	06	0000	0	2	1
00D564	1	0	06	0000	0	2	1
00D566	1	0	06	0000	0	3	1
00D569	1	0	06	0000	0	3	1
00D56C	1	0	06	0000	0	1	1
00D56D	1	0	06	0000	0	3	1
00D570	1	0	06	0000	0	2	1
00D572	1	0	06	0000	0	2	1
00D574	1	0	06	0000	0	1	1
00D575	1	0	06	0000	0	2	1
00D577	1	0	06	0000	0	2	1
00D579	1	0	06	0000	0	2	1
00D57B	1	0	06	0000	0	2	1
00D57D	1	0	06	0000	0	3	1
00D580	1	0	06	0000	0	1	1
00D581	1	0	06	0000	0	2	1
00D583	1	0	06	0000	0	2	1
00D585	1	0	06	0000	0	2	1
00D587	1	0	06	0000	0	3	1
00D58A	1	0	06	0000	0	1	1
00D58B	1	0	06	0000	0	1	1
00D58C	1	0	06	0000	0	1	1
00D58D	1	0	06	0000	0	1	1
00D58E	1	0	06	0000	0	2	1
00D590	1	0	06	0000	0	2	1
00D592	1	0	06	0000	0	2	1
00D594	1	0	06	0000	0	1	1
00D595	1	0	06	0000	0	2	1
00D597	1	0	06	0000	0	3	1
00D59A	1	0	06	0000	0	1	1
00D59B	1	0	06	0000	0	2	1
00D59D	1	0	06	0000	0	2	1
00D59F	1	0	06	0000	0	2	1
00D5A1	1	0	06	0000	0	3	1
00D5A4	1	0	06	0000	0	1	1
00D5A5	1	0	06	0000	0	1	1
00D5A6	1	0	06	0000	0	1	1
00D5A7	1	0	06	0000	0	1	1
00D5A8	1	0	06	0000	0	2	1
00D5AA	1	0	06	0000	0	3	1
00D5AD	1	0	06	0000	0	2	1
00D5AF	1	0	06	0000	0	3	1
00D5B2	1	0	06	0000	0	1	1
00D5B3	1	0	06	0000	0	3	1
00D5B6	1	0	06	0000	0	2	1
00D5B8	1	0	06	0000	0	3	1
00D5BB	1	0	06	0000	0	1	1
00D5BC	1	0	06	0000	0	1	1
00D5BD	1	0	06	0000	0	1	1
00D5BE	1	0	06	0000	0	1	1
00D5BF	1	0	06	0000	0	2	1
00D5C1	1	0	06	0000	0	2	1
00D5C3	1	0	06	0000	0	3	1
00D5C6	1	0	06	0000	0	2	1
00D5C8	1	0	06	0000	0	2	1
00D5CA	1	0	06	0000	0	2	1
00D5CC	1	0	06	0000	0	2	1
00D5CE	1	0	06	0000	0	2	1
00D5D0	1	0	06	0000	0	1	1
00D5D1	1	0	06	0000	0	2	1
00D5D3	1	0	06	0000	0	1	1
00D5D4	1	0	06	0000	0	3	1
00D5D7	1	0	06	0000	0	1	1
00D5D8	1	0	06	0000	0	3	1
00D6D1	1	0	06	0000	0	3	1
00D6D4	1	0	06	0000	0	2	1
00D6D6	1	0	06	0000	0	3	1
00D6D9	1	0	06	0000	0	1	1
00D6DA	1	0	06	0000	0	1	1
00D6DB	1	0	06	0000	0	1	1
00D6DC	1	0	06	0000	0	1	1
00D6DD	1	0	06	0000	0	2	1
00D6DF	1	0	06	0000	0	2	1
00D6E1	1	0	06	0000	0	3	1
00D6E4	1	0	06	0000	0	1	1
00D6E5	1	0	06	0000	0	3	1
00D6E8	1	0	06	0000	0	2	1
00D6EA	1	0	06	0000	0	2	1
00D6EC	1	0	06	0000	0	2	1
00D6EE	1	0	06	0000	0	2	1
00D6F0	1	0	06	0000	0	2	1
00D6F2	1	0	06	0000	0	2	1
00D6F4	1	0	06	0000	0	2	1
00D6F6	1	0	06	0000	0	1	1
00D6F7	1	0	06	0000	0	3	1
00D6FA	1	0	06	0000	0	1	1
00D6FB	1	0	06	0000	0	3	1
00D708	1	0	06	0000	0	2	1
00D70A	1	0	06	0000	0	3	1
00D70D	1	0	06	0000	0	3	1
00D710	1	0	06	0000	0	3	1
00D713	1	0	06	0000	0	3	1
00D716	1	0	06	0000	0	2	1
00D718	1	0	06	0000	0	3	1
00D71B	1	0	06	0000	0	2	1
00D71D	1	0	06	0000	0	3	1
00D720	1	0	06	0000	0	2	1
00D722	1	0	06	0000	0	3	1
00D725	1	0	06	0000	0	2	1
00D727	1	0	06	0000	0	3	1
00D72A	1	0	06	0000	0	1	1
00D72B	1	0	06	0000	0	1	1
00D72C	1	0	06	0000	0	1	1
00D72D	1	0	06	0000	0	1	1
00D72E	1	0	06	0000	0	3	1
00D731	1	0	06	0000	0	2	1
00D733	1	0	06	0000	0	2	1
00D735	1	0	06	0000	0	3	1
00D738	1	0	06	0000	0	2	1
00D73A	1	0	06	0000	0	3	1
00D73D	1	0	06	0000	0	3	1
00D740	1	0	06	0000	0	3	1
00D743	1	0	06	0000	0	2	1
00D745	1	0	06	0000	0	3	1
00D748	1	0	06	0000	0	3	1
00D74B	1	0	06	0000	0	3	1
00D74E	1	0	06	0000	0	2	1
00D753	1	0	06	0000	0	2	1
00D755	1	0	06	0000	0	2	1
00D757	1	0	06	0000	0	2	1
00D759	1	0	06	0000	0	2	1
00D75B	1	0	06	0000	0	3	1
00D75E	1	0	06	0000	0	2	1
00D760	1	0	06	0000	0	2	1
00D762	1	0	06	0000	0	1	1
00D763	1	0	06	0000	0	2	1
00D765	1	0	06	0000	0	2	1
00D767	1	0	06	0000	0	2	1
00D769	1	0	06	0000	0	2	1
00D76B	1	0	06	0000	0	3	1
00D76E	1	0	06	0000	0	1	1
00D76F	1	0	06	0000	0	2	1
00D771	1	0	06	0000	0	2	1
00D773	1	0	06	0000	0	2	1
00D775	1	0	06	0000	0	3	1
00D778	1	0	06	0000	0	1	1
00D779	1	0	06	0000	0	1	1
00D77A	1	0	06	0000	0	1	1
00D77B	1	0	06	0000	0	1	1
00D77C	1	0	06	0000	0	2	1
00D77E	1	0	06	0000	0	2	1
00D780	1	0	06	0000	0	2	1
00D782	1	0	06	0000	0	1	1
00D783	1	0	06	0000	0	2	1
00D785	1	0	06	0000	0	3	1
00D788	1	0	06	0000	0	1	1
00D789	1	0	06	0000	0	2	1
00D78B	1	0	06	0000	0	2	1
00D78D	1	0	06	0000	0	2	1
00D78F	1	0	06	0000	0	3	1
00D792	1	0	06	0000	0	1	1
00D793	1	0	06	0000	0	1	1
00D794	1	0	06	0000	0	1	1
00D795	1	0	06	0000	0	1	1
00D796	1	0	06	0000	0	3	1
00D799	1	0	06	0000	0	2	1
00D79B	1	0	06	0000	0	3	1
00D79E	1	0	06	0000	0	2	1
00D7A0	1	0	06	0000	0	1	1
00D7A1	1	0	06	0000	0	3	1
00D7A4	1	0	06	0000	0	2	1
00D7A6	1	0	06	0000	0	2	1
00D7A8	1	0	06	0000	0	1	1
00D7A9	1	0	06	0000	0	2	1
00D7AB	1	0	06	0000	0	2	1
00D7AD	1	0	06	0000	0	2	1
00D7AF	1	0	06	0000	0	2	1
00D7B1	1	0	06	0000	0	3	1
00D7B4	1	0	06	0000	0	1	1
00D7B5	1	0	06	0000	0	2	1
00D7B7	1	0	06	0000	0	2	1
00D7B9	1	0	06	0000	0	2	1
00D7BB	1	0	06	0000	0	3	1
00D7BE	1	0	06	0000	0	1	1
00D7BF	1	0	06	0000	0	1	1
00D7C0	1	0	06	0000	0	1	1
00D7C1	1	0	06	0000	0	1	1
00D7C2	1	0	06	0000	0	2	1
00D7C4	1	0	06	0000	0	2	1
00D7C6	1	0	06	0000	0	2	1
00D7C8	1	0	06	0000	0	1	1
00D7C9	1	0	06	0000	0	2	1
00D7CB	1	0	06	0000	0	3	1
00D7CE	1	0	06	0000	0	1	1
00D7CF	1	0	06	0000	0	2	1
00D7D1	1	0	06	0000	0	2	1
00D7D3	1	0	06	0000	0	2	1
00D7D5	1	0	06	0000	0	3	1
00D7D8	1	0	06	0000	0	1	1
00D7D9	1	0	06	0000	0	1	1
00D7DA	1	0	06	0000	0	1	1
00D7DB	1	0	06	0000	0	1	1
00D7DC	1	0	06	0000	0	2	1
00D7DE	1	0	06	0000	0	3	1
00D7E1	1	0	06	0000	0	2	1
00D7E3	1	0	06	0000	0	3	1
00D7E6	1	0	06	0000	0	1	1
00D813	1	1	06	19F8	0	2	1
00D815	0	1	06	19F8	0	1	1
00D816	0	1	06	19F8	0	2	1
00D818	0	1	06	19F8	0	3	1
00D81B	0	1	06	19F8	0	1	1
00D81C	0	1	06	19F8	0	3	1
00D81F	0	1	06	19F8	0	3	1
00D822	0	1	06	19F8	0	2	1
00D824	0	1	06	19F8	0	1	1
00D825	0	1	06	19F8	0	2	1
00D827	0	1	06	19F8	0	3	1
00D82A	0	1	06	19F8	0	1	1
00D82B	0	1	06	19F8	0	3	1
00D82E	0	1	06	19F8	0	3	1
00D831	0	1	06	19F8	0	2	1
00D833	1	1	06	19F8	0	1	1
00D834	1	1	06	0E98	0	2	1
00D836	0	1	06	0E98	0	1	1
00D837	0	1	06	0E98	0	2	1
00D839	0	1	06	0E98	0	3	1
00D83C	0	1	06	0E98	0	1	1
00D83D	0	1	06	0E98	0	3	1
00D840	0	1	06	0E98	0	3	1
00D843	0	1	06	0E98	0	2	1
00D845	0	1	06	0E98	0	1	1
00D846	0	1	06	0E98	0	2	1
00D848	0	1	06	0E98	0	3	1
00D84B	0	1	06	0E98	0	1	1
00D84C	0	1	06	0E98	0	3	1
00D84F	0	1	06	0E98	0	3	1
00D852	0	1	06	0E98	0	2	1
00D854	0	1	06	0F58	0	2	1
00D856	1	1	06	0F58	0	2	1
00D858	1	1	06	0F58	0	1	1
00D859	1	1	06	1958	0	2	1
00D85B	0	1	06	1958	0	1	1
00D85C	0	1	06	1958	0	2	1
00D85E	0	1	06	1958	0	3	1
00D861	0	1	06	1958	0	1	1
00D862	0	1	06	1958	0	3	1
00D865	0	1	06	1958	0	3	1
00D868	0	1	06	1958	0	2	1
00D86A	0	1	06	1958	0	1	1
00D86B	0	1	06	1958	0	2	1
00D86D	0	1	06	1958	0	3	1
00D870	0	1	06	1958	0	1	1
00D871	0	1	06	1958	0	3	1
00D874	0	1	06	1958	0	3	1
00D877	0	1	06	1958	0	2	1
00D879	0	1	06	1858	0	2	1
00D87B	1	1	06	1858	0	2	1
00D87D	1	1	06	1858	0	1	1
00D87E	0	1	06	1958	0	2	1
00D880	1	1	06	1958	0	2	1
00D882	1	1	06	1958	0	2	1
00D884	1	1	06	1958	0	2	1
00D886	1	1	06	1958	0	2	1
00D888	1	1	06	1958	0	2	1
00D88A	1	1	06	19D8	0	2	1
00D88C	1	1	06	1958	0	3	1
00D89B	1	1	06	19D8	0	3	1
00D89E	1	1	06	19D8	0	2	1
00D8A0	1	1	06	19D8	0	2	1
00D8A2	1	1	06	19D8	0	1	1
00D8A3	1	1	06	19D8	0	1	1
00D8A4	1	1	06	19D8	0	2	1
00D8A6	0	1	06	19D8	0	1	1
00D8A7	0	1	06	19D8	0	3	1
00D8AA	0	1	06	19D8	0	2	1
00D8AC	1	1	06	19D8	0	3	1
00D8AF	1	1	06	19D8	0	1	1
00D8B0	1	1	06	0D98	0	3	1
00D8B3	1	1	06	0D98	0	2	1
00D8B5	1	1	06	0D98	0	2	1
00D8B7	1	1	06	0D98	0	1	1
00D8B8	1	1	06	0D98	0	1	1
00D8B9	1	1	06	0D98	0	2	1
00D8BB	0	1	06	0D98	0	1	1
00D8BC	0	1	06	0D98	0	3	1
00D8BF	0	1	06	0D98	0	2	1
00D8C1	1	1	06	0D98	0	3	1
00D8C4	1	1	06	0D98	0	1	1
00D8C5	1	1	06	1958	0	3	1
00D8C8	1	1	06	1958	0	2	1
00D8CA	1	1	06	1958	0	2	1
00D8CC	1	1	06	1958	0	1	1
00D8CD	1	1	06	1958	0	1	1
00D8CE	1	1	06	1958	0	2	1
00D8D0	0	1	06	1958	0	1	1
00D8D1	0	1	06	1958	0	3	1
00D8D4	0	1	06	1958	0	2	1
00D8D6	1	1	06	1958	0	3	1
00D8D9	1	1	06	1958	0	1	1
00D8DA	1	1	06	0D18	0	3	1
00D8DD	1	1	06	0D18	0	2	1
00D8DF	1	1	06	0D18	0	2	1
00D8E1	1	1	06	0D18	0	1	1
00D8E2	1	1	06	0D18	0	1	1
00D8E3	1	1	06	0D18	0	2	1
00D8E5	0	1	06	0D18	0	1	1
00D8E6	0	1	06	0D18	0	3	1
00D8E9	0	1	06	0D18	0	2	1
00D8EB	1	1	06	0D18	0	3	1
00D8EE	1	1	06	0D18	0	1	1
00D8EF	1	1	06	0D18	0	3	1
00D8F2	1	1	06	0D18	0	2	1
00D8F4	1	1	06	0D18	0	2	1
00D8F6	1	1	06	0D18	0	1	1
00D8F7	1	1	06	0D18	0	1	1
00D8F8	1	1	06	0D18	0	2	1
00D8FA	0	1	06	0D18	0	1	1
00D8FB	0	1	06	0D18	0	3	1
00D8FE	0	1	06	0D18	0	2	1
00D900	1	1	06	0D18	0	3	1
00D903	1	1	06	0D18	0	1	1
00D904	1	1	06	19D8	0	3	1
00D907	1	1	06	19D8	0	2	1
00D909	1	1	06	19D8	0	2	1
00D90B	1	1	06	19D8	0	1	1
00D90C	1	1	06	19D8	0	1	1
00D90D	1	1	06	19D8	0	2	1
00D90F	0	1	06	19D8	0	1	1
00D910	0	1	06	19D8	0	3	1
00D913	0	1	06	19D8	0	2	1
00D915	1	1	06	19D8	0	3	1
00D918	1	1	06	19D8	0	1	1
00D919	1	1	06	09D8	0	1	1
00D91A	1	1	06	09D8	0	2	1
00D91C	0	1	06	09D8	0	1	1
00D91D	0	1	06	09D8	0	2	1
00D91F	0	1	06	09D8	0	3	1
00D922	0	1	06	09D8	0	2	1
00D924	0	1	06	09D8	0	3	1
00D927	0	1	06	09D8	0	1	1
00D928	0	1	06	09D8	0	2	1
00D92A	0	1	06	09D8	0	1	1
00D92B	0	1	06	09D8	0	2	1
00D92D	0	1	06	09D8	0	3	1
00D930	0	1	06	09D8	0	2	1
00D932	0	1	06	09D8	0	3	1
00D935	0	1	06	09D8	0	1	1
00D936	0	1	06	09D8	0	2	1
00D938	0	1	06	09D8	0	2	1
00D93A	1	1	06	1158	0	1	1
00D93B	1	1	06	1158	0	2	1
00D93D	0	1	06	1158	0	1	1
00D93E	0	1	06	1158	0	2	1
00D940	0	1	06	1158	0	3	1
00D943	0	1	06	1158	0	2	1
00D945	0	1	06	1158	0	3	1
00D948	0	1	06	1158	0	1	1
00D949	0	1	06	1158	0	2	1
00D94B	0	1	06	1158	0	1	1
00D94C	0	1	06	1158	0	2	1
00D94E	0	1	06	1158	0	3	1
00D951	0	1	06	1158	0	2	1
00D953	0	1	06	1158	0	2	1
00D955	0	1	06	1158	0	2	1
00D957	1	1	06	1918	0	1	1
00D958	1	1	06	1918	0	2	1
00D95A	0	1	06	1918	0	1	1
00D95B	0	1	06	1918	0	2	1
00D95D	0	1	06	1918	0	3	1
00D960	0	1	06	1918	0	2	1
00D962	0	1	06	1918	0	2	1
00D964	0	1	06	1918	0	1	1
00D965	0	1	06	1918	0	2	1
00D967	0	1	06	1918	0	3	1
00D96A	0	1	06	1918	0	2	1
00D96C	0	1	06	1918	0	3	1
00D96F	0	1	06	1918	0	1	1
00D970	0	1	06	1918	0	2	1
00D972	0	1	06	1918	0	2	1
00D98D	1	1	06	0D18	0	1	1
00D98E	1	1	06	0D18	0	2	1
00D990	0	1	06	0D18	0	1	1
00D991	0	1	06	0D18	0	2	1
00D993	0	1	06	0D18	0	3	1
00D996	0	1	06	0D18	0	2	1
00D998	0	1	06	0D18	0	3	1
00D99B	0	1	06	0D18	0	1	1
00D99C	0	1	06	0D18	0	2	1
00D99E	0	1	06	0D18	0	2	1
00D9A0	1	1	06	0E18	0	1	1
00D9A1	1	1	06	0E18	0	2	1
00D9A3	0	1	06	0E18	0	1	1
00D9A4	0	1	06	0E18	0	2	1
00D9A6	0	1	06	0E18	0	3	1
00D9A9	0	1	06	0E18	0	2	1
00D9AB	0	1	06	0E18	0	2	1
00D9AD	0	1	06	0E18	0	2	1
00D9AF	1	1	06	0D98	0	1	1
00D9B0	1	1	06	0D98	0	2	1
00D9B2	0	1	06	0D98	0	2	1
00D9B4	0	1	06	0D98	0	2	1
00D9B6	0	1	06	0D98	0	2	1
00D9B8	0	1	06	0D98	0	2	1
00D9BA	1	1	06	0D98	0	2	1
00D9BC	1	1	06	0D98	0	2	1
00D9BE	1	1	06	0D98	0	2	1
00D9C0	1	1	06	0D98	0	1	1
00D9C1	1	1	06	0D98	0	2	1
00D9C3	1	1	06	0D98	0	2	1
00D9C5	1	1	06	0D98	0	2	1
00D9C7	0	1	06	0D98	0	1	1
00D9C8	0	1	06	0D98	0	2	1
00D9CA	0	1	06	0D98	0	2	1
00D9CC	0	1	06	0D98	0	2	1
00D9CE	0	1	06	0D98	0	2	1
00D9D0	1	1	06	0D98	0	3	1
00D9D3	1	1	06	0D98	0	2	1
00D9D5	1	1	06	0D98	0	2	1
00D9D7	1	1	06	0D18	0	3	1
00D9DA	1	1	06	0D98	0	2	1
00D9DC	1	1	06	0D98	0	3	1
00D9DF	1	1	06	0D98	0	2	1
00D9E1	1	1	06	0D98	0	1	1
00D9E2	1	1	06	0D98	0	1	1
00D9E3	1	1	06	09D8	0	1	1
00D9E4	1	1	06	09D8	0	2	1
00D9E6	0	1	06	09D8	0	2	1
00D9E8	0	1	06	09D8	0	2	1
00D9EA	0	1	06	09D8	0	2	1
00D9EC	0	1	06	09D8	0	2	1
00D9EE	1	1	06	09D8	0	2	1
00D9F0	1	1	06	09D8	0	2	1
00D9F2	1	1	06	09D8	0	2	1
00D9F4	1	1	06	09D8	0	2	1
00D9F6	1	1	06	09D8	0	2	1
00D9F8	1	1	06	09D8	0	1	1
00D9F9	1	1	06	09D8	0	1	1
00D9FA	1	1	06	09D8	0	2	1
00D9FC	1	1	06	09D8	0	2	1
00D9FE	1	1	06	09D8	0	2	1
00DA00	1	1	06	09D8	0	1	1
00DA01	1	1	06	09D8	0	1	1
00DA02	1	1	06	1978	0	1	1
00DA03	1	1	06	1978	0	2	1
00DA05	0	1	06	1978	0	2	1
00DA07	0	1	06	1978	0	1	1
00DA08	0	1	06	1978	0	2	1
00DA0A	0	1	06	1978	0	2	1
00DA0C	0	1	06	1978	0	2	1
00DA0E	1	1	06	1978	0	2	1
00DA10	1	1	06	1978	0	2	1
00DA12	1	1	06	1978	0	2	1
00DA14	1	1	06	1978	0	2	1
00DA16	1	1	06	1978	0	2	1
00DA18	1	1	06	1978	0	1	1
00DA19	1	1	06	1978	0	1	1
00DA1A	1	0	06	0E18	0	2	1
00DA1C	1	0	06	0E18	0	2	1
00DA1E	1	0	06	0E18	0	2	1
00DA20	1	0	06	0E18	0	1	1
00DA21	0	0	06	0E18	0	1	1
00DA22	1	1	06	0D18	0	2	1
00DA24	1	1	06	0D18	0	2	1
00DA26	1	1	06	0D18	0	2	1
00DA28	1	1	06	0D18	0	2	1
00DA2A	1	1	06	0D18	0	2	1
00DA2C	1	1	06	0D18	0	1	1
00DA2D	1	1	06	0D18	0	1	1
00DA2E	1	1	06	0D18	0	1	1
00DA2F	1	1	06	0D18	0	3	1
00DA32	1	1	06	0D18	0	2	1
00DA34	1	1	06	0D18	0	3	1
00DA37	1	1	06	0D18	0	1	1
00DA38	1	1	06	0D18	0	4	1
00DA3C	1	1	06	0D18	0	2	1
00DA3E	1	1	06	0D18	0	4	1
00DA42	1	1	06	0D18	0	2	1
00DA44	1	1	06	0D18	0	2	1
00DA46	1	1	06	0D18	0	2	1
00DA48	0	1	06	0D18	0	2	1
00DA4A	0	1	06	0D18	0	2	1
00DA4C	0	1	06	0D18	0	2	1
00DA4E	0	1	06	0D18	0	2	1
00DA50	1	1	06	0D18	0	1	1
00DA51	1	1	06	0000	0	3	1
00DA54	1	1	06	0000	0	1	1
00DA55	1	1	06	1E58	0	1	1
00DA56	1	1	06	1E58	0	1	1
00DA57	1	1	06	1E58	0	2	1
00DA59	1	1	06	1E58	0	2	1
00DA5B	1	1	06	1E58	0	1	1
00DA5C	1	1	06	1E58	0	1	1
00DA5D	1	1	00	1E58	0	2	1
00DA5F	0	0	00	1E58	0	3	1
00DA62	0	0	00	1E58	0	3	1
00DA65	0	0	00	0000	0	3	1
00DA68	0	0	00	0000	0	1	1
00DA69	0	0	00	0000	0	1	1
00DA6A	0	0	00	0000	0	1	1
00DA6B	0	0	00	0000	0	2	1
00DA6D	0	0	00	0000	0	1	1
00DA6E	1	1	00	0000	0	1	1
00DA6F	1	1	06	0000	0	1	1
00DA70	0	0	29	0000	0	2	1
00DA72	0	0	29	0000	0	3	1
00DA7D	0	0	29	0000	0	2	1
00DA7F	0	0	29	0000	0	3	1
00DA82	0	0	29	0000	0	3	1
00DA85	0	0	29	0000	0	2	1
00DA87	0	0	29	0000	0	1	1
00DA88	0	0	29	0000	0	1	1
00DA89	0	0	29	0000	0	3	1
00DA8C	0	0	29	0000	0	1	1
00DA8D	0	0	29	0000	0	3	1
00DA90	0	0	29	0000	0	2	1
00DA97	1	0	06	1E58	0	2	1
00DA99	0	0	06	1E58	0	3	1
00DA9C	0	0	06	1E58	0	3	1
00DA9F	0	0	06	1E58	0	2	1
00DAA1	0	0	06	0E18	0	1	1
00DAA2	0	0	06	0E18	0	1	1
00DAA3	0	0	06	0E18	0	3	1
00DAA6	0	0	06	0E18	0	1	1
00DAA7	0	0	06	0E18	0	3	1
00DAAA	0	0	06	0E18	0	2	1
00DAB1	1	1	06	09D8	0	2	1
00DAB3	0	0	06	09D8	0	3	1
00DAB6	0	0	06	09D8	0	3	1
00DAB9	0	0	06	09D8	0	2	1
00DACB	0	0	29	0000	0	2	1
00DACD	0	0	29	0000	0	3	1
00DAD0	0	0	29	0000	0	3	1
00DAD3	0	0	29	0000	0	2	1
00DAD5	0	0	29	0000	0	1	1
00DAD6	0	0	29	0000	0	1	1
00DAD7	0	0	29	0000	0	3	1
00DADA	0	0	29	0000	0	1	1
00DADB	0	0	29	0000	0	3	1
00DADE	0	0	29	0000	0	2	1
00DAE5	0	0	29	0000	0	2	1
00DAE7	0	0	29	0000	0	3	1
00DAEA	0	0	29	0000	0	3	1
00DAED	0	0	29	0000	0	2	1
00DAEF	0	0	29	0000	0	1	1
00DAF0	0	0	29	0000	0	1	1
00DAF1	0	0	29	0000	0	3	1
00DAF4	0	0	29	0000	0	1	1
00DAF5	0	0	29	0000	0	3	1
00DAF8	0	0	29	0000	0	2	1
00DAFF	0	0	06	1E58	0	2	1
00DB01	1	0	06	1E58	0	1	1
00DB02	1	1	06	09D8	0	2	1
00DB04	0	0	06	09D8	0	3	1
00DB07	0	0	06	09D8	0	3	1
00DB0A	0	0	06	09D8	0	2	1
00DB0C	0	0	06	09D8	0	1	1
00DB0D	0	0	06	09D8	0	1	1
00DB0E	0	0	06	09D8	0	3	1
00DB11	0	0	06	09D8	0	1	1
00DB12	0	0	06	09D8	0	3	1
00DB15	0	0	06	09D8	0	2	1
00DB1C	0	0	06	0D18	0	2	1
00DB1E	0	0	06	0D18	0	3	1
00DB21	0	0	06	0D18	0	3	1
00DB24	0	0	06	0D18	0	2	1
00DB26	0	0	06	1998	0	1	1
00DB27	0	0	06	1998	0	1	1
00DB28	0	0	06	1998	0	3	1
00DB2B	0	0	06	1998	0	1	1
00DB2C	0	0	06	1998	0	3	1
00DB2F	0	0	06	1998	0	2	1
00DB31	0	0	06	1998	0	2	1
00DB33	1	0	06	1998	0	2	1
00DB35	1	0	06	1998	0	1	1
00DB4B	1	1	02	1D28	0	2	1
00DB4D	1	1	02	1D28	0	2	1
00DB4F	1	0	02	1D28	0	2	1
00DB51	1	0	02	1D28	0	2	1
00DB53	1	0	02	1D28	0	1	1
00DB54	1	0	02	1D28	0	2	1
00DB56	1	0	02	1D28	0	1	1
00DB57	1	0	02	1D28	0	1	1
00DB58	1	0	7E	1D28	0	3	1
00DB5B	1	0	7E	1D28	0	1	1
00DB5C	1	1	06	1818	0	2	1
00DB5E	0	1	06	1818	0	2	1
00DB60	0	1	06	1818	0	2	1
00DB62	0	1	06	1818	0	2	1
00DB64	0	1	06	1818	0	2	1
00DB66	1	1	06	1818	0	1	1
00DB67	1	1	06	10D8	0	2	1
00DB69	0	1	06	10D8	0	2	1
00DB6B	0	1	06	10D8	0	2	1
00DB6D	0	1	06	10D8	0	2	1
00DB6F	0	1	06	10D8	0	2	1
00DB71	0	1	06	10D8	0	2	1
00DB73	1	1	06	10D8	0	1	1
00DB74	1	1	06	0000	0	1	1
00DB75	1	1	06	0000	0	1	1
00DB76	1	1	06	0000	0	2	1
00DB78	1	1	06	0000	0	1	1
00DB79	1	1	06	0000	0	1	1
00DB7A	1	1	7E	0000	0	2	1
00DB7C	0	0	7E	0000	0	3	1
00DB7F	0	0	7E	0000	0	3	1
00DB82	0	0	7E	0000	0	1	1
00DB83	0	0	7E	0000	0	1	1
00DB84	0	0	7E	0000	0	2	1
00DB86	0	0	7E	0000	0	2	1
00DB88	1	1	7E	0000	0	1	1
00DB89	1	1	7E	0000	0	1	1
00DB8A	1	1	06	0000	0	1	1
00DB8B	1	1	06	0000	0	1	1
00DB8C	1	1	06	0000	0	1	1
00DB8D	1	1	06	0000	0	1	1
00DB8E	1	1	06	0000	0	2	1
00DB90	0	1	06	0000	0	3	1
00DB93	0	1	06	0000	0	1	1
00DB94	0	1	06	0000	0	2	1
00DB96	1	1	06	0000	0	2	1
00DB98	1	1	06	0000	0	1	1
00DB99	1	1	06	0000	0	1	1
00DB9A	1	1	29	0000	0	3	1
00DB9D	1	1	29	0000	0	1	1
00DB9E	1	1	29	0000	0	1	1
00DB9F	1	1	29	0000	0	2	1
00DBA1	0	1	29	0000	0	3	1
00DBA4	0	1	29	0000	0	2	1
00DBA6	0	1	29	0000	0	3	1
00DBA9	0	1	29	0000	0	2	1
00DBAB	0	1	29	0000	0	3	1
00DBAE	0	1	29	0000	0	2	1
00DBB0	0	1	29	0000	0	2	1
00DBB2	0	1	29	0000	0	2	1
00DBB4	0	1	29	0000	0	2	1
00DBB6	0	0	29	0000	0	2	1
00DBB8	0	0	29	0000	0	3	1
00DBBB	0	0	29	0000	0	2	1
00DBBD	0	0	29	0000	0	2	1
00DBBF	0	0	29	0000	0	2	1
00DBC1	0	0	29	0000	0	2	1
00DBC3	0	0	29	0000	0	2	1
00DBC5	1	0	29	0000	0	2	1
00DBC7	1	0	29	0000	0	1	1
00DBC8	1	0	29	0000	0	1	1
00DBC9	1	0	7E	0000	0	2	1
00DBCB	0	0	7E	0000	0	2	1
00DBCD	0	0	7E	0000	0	2	1
00DBCF	0	0	7E	0000	0	2	1
00DBD1	0	0	7E	0000	0	2	1
00DBD3	0	0	7E	0000	0	2	1
00DBD5	0	0	7E	0000	0	2	1
00DBD7	0	0	7E	0000	0	2	1
00DBD9	0	0	7E	0000	0	2	1
00DBDB	0	0	7E	0000	0	2	1
00DBDD	1	0	7E	0000	0	2	1
00DBDF	1	0	7E	0000	0	1	1
00DBE0	1	0	7E	0000	0	1	1
00DBE1	1	0	29	0000	0	2	1
00DBE3	0	0	29	0000	0	2	1
00DBE5	0	0	29	0000	0	2	1
00DBE7	0	0	29	0000	0	3	1
00DBEA	0	0	29	0000	0	2	1
00DBEC	0	0	29	0000	0	2	1
00DBEE	0	0	29	0000	0	2	1
00DBF0	0	0	29	0000	0	2	1
00DBF2	0	0	29	0000	0	2	1
00DBF4	0	0	29	0000	0	2	1
00DBF6	0	0	29	0000	0	1	1
00DBF7	0	0	29	0000	0	2	1
00DBF9	1	0	29	0000	0	2	1
00DBFB	1	0	29	0000	0	1	1
00DBFC	1	0	29	0000	0	1	1
00DBFD	1	0	7E	0000	0	2	1
00DBFF	0	0	7E	0000	0	2	1
00DC01	0	0	7E	0000	0	3	1
00DC04	0	0	7E	0000	0	3	1
00DC07	0	0	7E	0000	0	2	1
00DC09	0	0	7E	0000	0	3	1
00DC0C	0	0	7E	0000	0	2	1
00DC0E	0	0	7E	0000	0	2	1
00DC10	0	0	7E	0000	0	2	1
00DC12	0	0	7E	0000	0	2	1
00DC14	0	0	7E	0000	0	2	1
00DC16	0	0	7E	0000	0	2	1
00DC18	0	0	7E	0000	0	1	1
00DC19	0	0	7E	0000	0	2	1
00DC1B	0	0	7E	0000	0	2	1
00DC1D	0	0	7E	0000	0	2	1
00DC1F	0	0	7E	0000	0	1	1
00DC20	0	0	29	0000	0	2	1
00DC22	0	0	29	0000	0	2	1
00DC24	0	0	29	0000	0	2	1
00DC26	0	0	29	0000	0	2	1
00DC28	0	0	29	0000	0	2	1
00DC2A	0	0	29	0000	0	3	1
00DC2D	0	0	29	0000	0	2	1
00DC2F	0	0	29	0000	0	2	1
00DC31	0	0	29	0000	0	2	1
00DC33	1	0	29	0000	0	2	1
00DC35	1	0	29	0000	0	1	1
00DC36	1	0	29	0000	0	1	1
00DC37	1	0	7E	0000	0	2	1
00DC39	0	0	7E	0000	0	2	1
00DC3B	0	0	7E	0000	0	2	1
00DC3D	0	0	7E	0000	0	2	1
00DC3F	0	0	7E	0000	0	2	1
00DC41	0	0	7E	0000	0	2	1
00DC43	0	0	7E	0000	0	2	1
00DC45	0	0	7E	0000	0	2	1
00DC47	0	0	7E	0000	0	3	1
00DC4A	0	0	7E	0000	0	2	1
00DC4C	0	0	7E	0000	0	1	1
00DC4D	1	1	7E	0000	0	1	1
00DC4E	1	1	7E	0000	0	1	1
00DC4F	1	1	06	0000	0	1	1
00DC50	1	1	06	0000	0	1	1
00DC51	1	1	06	0000	0	1	1
00DC52	1	1	06	0000	0	1	1
00DC53	1	1	06	0000	0	2	1
00DC55	0	0	06	0000	0	3	1
00DC58	0	0	06	0000	0	1	1
00DC59	0	0	06	0000	0	3	1
00DC5C	0	0	06	0000	0	3	1
00DC5F	0	0	06	0000	0	2	1
00DC61	0	0	06	0000	0	3	1
00DC64	0	0	06	0000	0	2	1
00DC66	0	0	06	0000	0	3	1
00DC69	0	0	06	0000	0	3	1
00DC6C	0	0	06	0000	0	2	1
00DC6E	0	0	06	0000	0	2	1
00DC70	0	0	06	0000	0	3	1
00DC73	0	0	06	0000	0	2	1
00DC75	0	0	06	0000	0	2	1
00DC77	0	0	06	0000	0	3	1
00DC7A	0	0	06	0000	0	2	1
00DC7C	0	0	06	0000	0	3	1
00DC7F	0	0	06	0000	0	3	1
00DC82	0	0	06	0000	0	2	1
00DC84	0	0	06	0000	0	2	1
00DC86	0	0	06	0000	0	3	1
00DC89	0	0	06	0000	0	1	1
00DC8A	0	0	06	0000	0	3	1
00DC8D	0	0	06	0000	0	2	1
00DC8F	0	0	06	0000	0	3	1
00DC92	0	0	06	0000	0	1	1
00DC93	0	0	06	0000	0	3	1
00DC96	0	0	06	0000	0	2	1
00DC98	0	0	06	0000	0	3	1
00DC9B	0	0	06	0000	0	2	1
00DC9D	0	0	06	0000	0	3	1
00DCA0	0	0	06	0000	0	3	1
00DCA3	0	0	06	0000	0	3	1
00DCA6	0	0	06	0000	0	2	1
00DCA8	0	0	06	0000	0	2	1
00DCAA	0	0	06	0000	0	3	1
00DCAD	0	0	06	0000	0	1	1
00DCAE	0	0	06	0000	0	3	1
00DCB1	0	0	06	0000	0	2	1
00DCB3	0	0	06	0000	0	3	1
00DCB6	0	0	06	0000	0	2	1
00DCB8	0	0	06	0000	0	2	1
00DCBA	0	0	06	0000	0	3	1
00DCBD	0	0	06	0000	0	1	1
00DCBE	0	0	06	0000	0	3	1
00DCC1	0	0	06	0000	0	2	1
00DCC3	0	0	06	0000	0	3	1
00DCC6	0	0	06	0000	0	2	1
00DCC8	0	0	06	0000	0	3	1
00DCCB	0	0	06	0000	0	1	1
00DCCC	0	0	06	0000	0	3	1
00DCCF	0	0	06	0000	0	2	1
00DCD1	0	0	06	0000	0	3	1
00DCD4	0	0	06	0000	0	2	1
00DCD6	0	0	06	0000	0	3	1
00DCD9	0	0	06	0000	0	2	1
00DCDB	0	0	06	0000	0	1	1
00DCDC	0	0	06	0000	0	3	1
00DCDF	0	0	06	0000	0	2	1
00DCE1	0	0	06	0000	0	2	1
00DCE3	0	0	06	0000	0	2	1
00DCE5	0	0	06	0000	0	1	1
00DCE6	1	1	06	0000	0	1	1
00DCE7	1	1	06	0000	0	1	1
00DCE8	1	1	06	0000	0	1	1
00DCE9	0	0	06	0000	0	1	1
00DCEA	0	0	06	0000	0	2	1
00DCEC	1	0	06	0000	0	2	1
00DCEE	1	0	06	0000	0	1	1
00DCEF	1	0	06	0000	0	1	1
00DCF0	1	0	7E	0000	0	2	1
00DCF2	0	0	7E	0000	0	2	1
00DCF4	0	0	7E	0000	0	3	1
00DCF7	0	0	7E	0000	0	3	1
00DCFA	0	0	7E	0000	0	2	1
00DCFC	0	0	7E	0000	0	3	1
00DCFF	0	0	7E	0000	0	1	1
00DD00	0	0	7E	0000	0	1	1
00DD01	0	0	7E	0000	0	1	1
00DD02	0	0	7E	0000	0	1	1
00DD03	0	0	7E	0000	0	1	1
00DD04	0	0	7E	0000	0	3	1
00DD07	0	0	7E	0000	0	2	1
00DD09	0	0	7E	0000	0	2	1
00DD0B	0	0	7E	0000	0	2	1
00DD0D	0	0	7E	0000	0	2	1
00DD0F	0	0	7E	0000	0	2	1
00DD11	0	0	7E	0000	0	2	1
00DD13	0	0	7E	0000	0	2	1
00DD15	0	0	7E	0000	0	3	1
00DD18	0	0	7E	0000	0	2	1
00DD1A	0	0	7E	0000	0	2	1
00DD1C	0	0	7E	0000	0	2	1
00DD1E	0	0	7E	0000	0	3	1
00DD21	0	0	7E	0000	0	2	1
00DD23	0	0	7E	0000	0	1	1
00DD24	0	0	7E	0000	0	2	1
00DD26	0	0	7E	0000	0	2	1
00DD28	0	0	7E	0000	0	2	1
00DD2A	0	0	7E	0000	0	2	1
00DD2C	0	0	7E	0000	0	1	1
00DD2D	0	0	7E	0000	0	3	1
00DD30	0	0	7E	0000	0	2	1
00DD32	0	0	7E	0000	0	2	1
00DD34	0	0	7E	0000	0	2	1
00DD36	0	0	7E	0000	0	3	1
00DD39	0	0	7E	0000	0	2	1
00DD3B	0	0	7E	0000	0	1	1
00DD3C	0	0	7E	0000	0	1	1
00DD3D	0	0	7E	0000	0	2	1
00DD3F	0	0	7E	0000	0	2	1
00DD41	0	0	7E	0000	0	1	1
00DD42	0	0	7E	0000	0	2	1
00DD44	1	0	7E	0000	0	2	1
00DD46	1	0	7E	0000	0	1	1
00DD47	1	0	7E	0000	0	1	1
00DD48	1	0	29	0000	0	2	1
00DD4A	0	0	29	0000	0	2	1
00DD4C	0	0	29	0000	0	3	1
00DD4F	0	0	29	0000	0	1	1
00DD50	0	0	29	0000	0	1	1
00DD51	0	0	29	0000	0	4	1
00DD55	1	0	29	0000	0	2	1
00DD57	1	0	29	0000	0	2	1
00DD59	1	0	29	0000	0	1	1
00DD5A	1	0	29	0000	0	2	1
00DD5C	1	0	29	0000	0	1	1
00DD5D	1	0	29	0000	0	1	1
00DD5E	1	0	7E	0000	0	2	1
00DD60	1	0	7E	0000	0	2	1
00DD62	1	0	7E	0000	0	1	1
00DD63	1	0	29	0000	0	3	1
00DD66	1	0	29	0000	0	2	1
00DD68	1	0	29	0000	0	1	1
00DD69	1	0	29	0000	0	3	1
00DD6C	1	0	29	0000	0	2	1
00DD6E	1	0	29	0000	0	1	1
00DD6F	1	0	29	0000	0	3	1
00DD72	1	0	29	0000	0	2	1
00DD74	1	0	29	0000	0	1	1
00DD75	1	0	29	0000	0	3	1
00DD78	1	0	29	0000	0	2	1
00DD7A	1	0	29	0000	0	1	1
00DD7B	1	0	29	0000	0	3	1
00DD7E	1	0	29	0000	0	2	1
00DD80	1	0	29	0000	0	1	1
00DD81	1	0	29	0000	0	3	1
00DD84	1	0	29	0000	0	2	1
00DD86	1	0	29	0000	0	2	1
00DD88	1	0	29	0000	0	3	1
00DD8B	1	0	29	0000	0	3	1
00DD8E	1	0	29	0000	0	2	1
00DD90	0	0	29	0000	0	2	1
00DD92	0	0	29	0000	0	3	1
00DD95	0	0	29	0000	0	2	1
00DD97	0	0	29	0000	0	1	1
00DD98	0	0	7E	0000	0	2	1
00DD9A	0	0	7E	0000	0	1	1
00DD9B	0	0	7E	0000	0	3	1
00DD9E	0	0	7E	0000	0	2	1
00DDA0	0	0	7E	0000	0	2	1
00DDA2	0	0	7E	0000	0	2	1
00DDA4	0	0	7E	0000	0	3	1
00DDA7	0	0	7E	0000	0	2	1
00DDA9	0	0	7E	0000	0	1	1
00DDAA	0	0	7E	0000	0	2	1
00DDAC	0	0	7E	0000	0	2	1
00DDAE	0	0	7E	0000	0	2	1
00DDB0	0	0	7E	0000	0	3	1
00DDB3	0	0	7E	0000	0	1	1
00DDB4	0	0	06	0000	0	1	1
00DDDC	1	1	06	1098	0	1	1
00DDDD	1	1	06	1098	0	1	1
00DDDE	1	1	06	1098	0	2	1
00DDE0	0	1	06	1098	0	3	1
00DDE3	0	1	06	1098	0	1	1
00DDE4	0	1	06	1E58	0	2	1
00DDE6	0	1	06	1E58	0	3	1
00DDE9	0	1	06	1E58	0	2	1
00DDEB	0	1	06	1E58	0	3	1
00DDEE	0	1	06	1E58	0	2	1
00DDF3	0	1	06	1E58	0	2	1
00DDF5	0	1	06	1E58	0	3	1
00DDF8	0	1	06	1E58	0	2	1
00DDFA	0	1	06	1E58	0	3	1
00DDFD	0	1	06	1E58	0	3	1
00DE00	0	1	06	1E58	0	2	1
00DE02	0	1	06	1E58	0	2	1
00DE04	0	1	06	1E58	0	3	1
00DE07	0	1	06	1E58	0	2	1
00DE09	0	1	06	1E58	0	3	1
00DE0C	0	1	06	1E58	0	2	1
00DE0E	0	1	06	1E58	0	3	1
00DE11	0	1	06	1E58	0	1	1
00DE12	0	1	06	1098	0	1	1
00DE13	1	1	06	1098	0	1	1
00DE1A	0	1	06	1E58	0	2	1
00DE1C	0	1	06	1E58	0	2	1
00DE1E	0	1	06	1E58	0	2	1
00DE20	0	1	06	1E58	0	2	1
00DE22	0	1	06	1E58	0	2	1
00DE24	0	1	06	1E58	0	2	1
00DE26	0	1	06	1E58	0	2	1
00DE28	0	1	06	1E58	0	2	1
00DE2A	0	1	06	1E58	0	2	1
00DE2C	0	1	06	1E58	0	2	1
00DE2E	0	1	06	1E58	0	2	1
00DE30	0	1	06	1E58	0	2	1
00DE32	0	1	06	1E58	0	3	1
00DE35	0	1	06	1E58	0	2	1
00DE37	0	1	06	1E58	0	3	1
00DE3A	0	1	06	1E58	0	2	1
00DE3C	0	1	06	1E58	0	2	1
00DE3E	0	1	06	1E58	0	2	1
00DE40	0	1	06	1E58	0	1	1
00DE41	0	1	06	1E58	0	2	1
00DE43	0	1	06	1E58	0	2	1
00DE45	0	1	06	1E58	0	2	1
00DE47	0	1	06	1E58	0	2	1
00DE49	0	1	06	1E58	0	2	1
00DE4B	0	1	06	1E58	0	3	1
00DE4E	0	1	06	1E58	0	1	1
00DE4F	0	1	06	1E58	0	2	1
00DE51	0	1	06	1E58	0	3	1
00DE54	0	1	06	1E58	0	3	1
00DE57	0	1	06	1E58	0	3	1
00DE5A	0	1	06	1E58	0	3	1
00DE5D	0	1	06	1E58	0	3	1
00DE60	0	1	06	1E58	0	2	1
00DE62	0	1	06	1E58	0	1	1
00DE63	0	1	06	1E58	0	2	1
00DE65	0	1	06	1E58	0	2	1
00DE67	0	1	06	1E58	0	2	1
00DE69	0	1	06	1E58	0	2	1
00DE6B	0	1	06	1E58	0	2	1
00DE6D	0	1	06	1E58	0	1	1
00DE6E	0	1	06	1E58	0	2	1
00DE70	0	1	06	1E58	0	2	1
00DE72	0	1	06	1E58	0	1	1
00DE73	0	1	06	1E58	0	2	1
00DE75	0	1	06	1E58	0	2	1
00DE77	0	1	06	1E58	0	2	1
00DE79	0	1	06	1E58	0	1	1
00DE7A	0	1	06	1E58	0	2	1
00DE7C	0	1	06	1E58	0	2	1
00DE7E	0	1	06	1E58	0	1	1
00DE7F	0	1	06	1E58	0	2	1
00DE81	0	1	06	1E58	0	1	1
00DE82	0	1	06	1E58	0	2	1
00DE84	0	1	06	1E58	0	2	1
00DE86	0	1	06	1E58	0	2	1
00DE88	0	1	06	1E58	0	2	1
00DE8A	0	1	06	1E58	0	2	1
00DE8C	0	1	06	1E58	0	1	1
00DE8D	0	1	06	1E58	0	2	1
00DE8F	0	1	06	1E58	0	2	1
00DE91	0	1	06	1E58	0	1	1
00DE92	0	1	06	1E58	0	2	1
00DE94	0	1	06	1E58	0	2	1
00DE96	0	1	06	1E58	0	2	1
00DE98	0	1	06	1E58	0	1	1
00DE99	0	1	06	1E58	0	2	1
00DE9B	0	1	06	1E58	0	2	1
00DE9D	0	1	06	1E58	0	1	1
00DE9E	0	1	06	1E58	0	3	1
00DEA1	0	1	06	1E58	0	1	1
00DEA2	0	1	06	1E58	0	2	1
00DEA4	0	1	06	1E58	0	1	1
00DEA5	0	1	06	1E58	0	2	1
00DEA7	0	1	06	1E58	0	2	1
00DEA9	0	1	06	1E58	0	3	1
00DEAC	0	1	06	1E58	0	1	1
00DEAD	0	1	06	1E58	0	2	1
00DEAF	0	1	06	1E58	0	1	1
00DEB0	0	1	06	1E58	0	2	1
00DEB2	0	1	06	1E58	0	2	1
00DEB4	0	1	06	1E58	0	2	1
00DEB6	0	1	06	1E58	0	1	1
00DEB7	0	1	06	1E58	0	1	1
00DEB8	0	1	06	1E58	0	2	1
00DEBA	0	1	06	1E58	0	2	1
00DEBC	0	1	06	1E58	0	1	1
00DEBD	0	1	06	1E58	0	3	1
00DEC0	0	1	06	1E58	0	1	1
00DEC1	0	1	06	1E58	0	2	1
00DEC3	0	1	06	1E58	0	1	1
00DEC4	0	1	06	1E58	0	2	1
00DEC6	0	1	06	1E58	0	2	1
00DEC8	0	1	06	1E58	0	3	1
00DECB	0	1	06	1E58	0	1	1
00DECC	0	1	06	1E58	0	2	1
00DECE	0	1	06	1E58	0	1	1
00DECF	0	1	06	1E58	0	2	1
00DED1	0	1	06	1E58	0	2	1
00DED3	0	1	06	1E58	0	2	1
00DED5	0	1	06	1E58	0	1	1
00DED6	0	1	06	1E58	0	1	1
00DED7	0	1	06	1E58	0	2	1
00DED9	0	1	06	1E58	0	2	1
00DEDB	0	1	06	1E58	0	1	1
00DEDC	1	1	06	1098	0	1	1
00DEDD	1	1	06	1098	0	1	1
00DEDE	1	1	06	1098	0	2	1
00DEE0	0	1	06	1098	0	3	1
00DEE3	0	1	06	1098	0	1	1
00DEE4	0	1	06	1E98	0	2	1
00DEE6	0	1	06	1E98	0	2	1
00DEE8	0	1	06	1E98	0	2	1
00DEEA	0	1	06	1E98	0	2	1
00DEEC	0	1	06	1E98	0	2	1
00DEEE	0	1	06	1E98	0	2	1
00DEF0	0	1	06	1E98	0	2	1
00DEF2	0	1	06	1E98	0	3	1
00DEF5	0	1	06	1E98	0	2	1
00DEF7	0	1	06	1E98	0	2	1
00DEF9	0	1	06	1E98	0	3	1
00DEFC	0	1	06	1E98	0	2	1
00DEFE	0	1	06	1E98	0	3	1
00DF01	0	1	06	1E98	0	2	1
00DF03	0	1	06	1E98	0	3	1
00DF06	0	1	06	1E98	0	1	1
00DF07	0	1	06	1098	0	1	1
00DF08	1	1	06	1098	0	1	1
00DF23	0	1	06	1E98	0	1	1
00DF24	0	1	06	1E98	0	3	1
00DF27	0	1	06	1E98	0	3	1
00DF2A	0	1	06	1E98	0	1	1
00DF2B	0	1	06	1E98	0	2	1
00DF2D	0	1	06	1E98	0	2	1
00DF2F	0	1	06	1E98	0	2	1
00DF31	0	1	06	1E98	0	3	1
00DF34	0	1	06	1E98	0	2	1
00DF36	0	1	06	1E98	0	3	1
00DF39	0	1	06	1E98	0	2	1
00DF3B	0	1	06	1E98	0	1	1
00DF3C	0	1	06	1E98	0	2	1
00DF3E	0	1	06	1E98	0	3	1
00DF41	0	1	06	1E98	0	2	1
00DF43	0	1	06	1E98	0	2	1
00DF45	0	1	06	1E98	0	1	1
00DF46	0	1	06	1E98	0	2	1
00DF48	0	1	06	1E98	0	3	1
00DF4B	0	1	06	1E98	0	2	1
00DF4D	0	1	06	1E98	0	2	1
00DF4F	0	1	06	1E98	0	3	1
00DF52	0	1	06	1E98	0	1	1
00DF53	0	1	06	1E98	0	3	1
00DF56	0	1	06	1E98	0	2	1
00DF58	0	1	06	1E98	0	3	1
00DF5B	0	1	06	1E98	0	2	1
00DF5D	0	1	06	1E98	0	1	1
00DF5E	0	1	06	1E98	0	2	1
00DF60	0	1	06	1E98	0	3	1
00DF63	0	1	06	1E98	0	2	1
00DF65	0	1	06	1E98	0	2	1
00DF67	0	1	06	1E98	0	1	1
00DF68	0	1	06	1E98	0	2	1
00DF6A	0	1	06	1E98	0	3	1
00DF6D	0	1	06	1E98	0	2	1
00DF6F	0	1	06	1E98	0	1	1
00DF70	0	1	06	1E98	0	2	1
00DF72	0	1	06	1E98	0	2	1
00DF74	0	1	06	1E98	0	2	1
00DF76	0	1	06	1E98	0	3	1
00DF79	0	1	06	1E98	0	2	1
00DF7B	0	1	06	1E98	0	3	1
00DF7E	0	1	06	1E98	0	2	1
00DF80	0	1	06	1E98	0	1	1
00DF81	0	1	06	1E98	0	2	1
00DF83	0	1	06	1E98	0	3	1
00DF86	0	1	06	1E98	0	2	1
00DF88	0	1	06	1E98	0	2	1
00DF8A	0	1	06	1E98	0	1	1
00DF8B	0	1	06	1E98	0	2	1
00DF8D	0	1	06	1E98	0	3	1
00DF90	0	1	06	1E98	0	2	1
00DF92	0	1	06	1E98	0	2	1
00DF94	0	1	06	1E98	0	3	1
00DF97	0	1	06	1E98	0	1	1
00DF98	0	1	06	1E98	0	3	1
00DF9B	0	1	06	1E98	0	2	1
00DF9D	0	1	06	1E98	0	3	1
00DFA0	0	1	06	1E98	0	2	1
00DFA2	0	1	06	1E98	0	1	1
00DFA3	0	1	06	1E98	0	2	1
00DFA5	0	1	06	1E98	0	3	1
00DFA8	0	1	06	1E98	0	2	1
00DFAA	0	1	06	1E98	0	2	1
00DFAC	0	1	06	1E98	0	1	1
00DFAD	0	1	06	1E98	0	2	1
00DFAF	0	1	06	1E98	0	3	1
00DFB2	0	1	06	1E98	0	2	1
00DFB4	0	1	06	1E98	0	1	1
00DFDB	0	1	06	1E98	0	2	1
00DFDD	0	1	06	1E98	0	3	1
00DFE4	0	1	06	1E98	0	2	1
00DFE6	0	1	06	1E98	0	2	1
00DFE8	0	1	06	1E98	0	1	1
00DFE9	0	1	06	1E98	0	3	1
00DFEC	0	1	06	1E98	0	2	1
00DFEE	0	1	06	1E98	0	2	1
00DFF0	0	1	06	1E98	0	2	1
00DFF2	0	1	06	1E98	0	1	1
00DFF3	0	1	06	1E98	0	2	1
00DFF5	0	1	06	1E98	0	1	1
00DFF6	0	1	06	1E98	0	3	1
00DFF9	0	1	06	1E98	0	2	1
00DFFB	0	1	06	1E98	0	2	1
00DFFD	0	1	06	1E98	0	2	1
00DFFF	0	1	06	1E98	0	2	1
00E001	0	1	06	1E98	0	2	1
00E003	0	1	06	1E98	0	2	1
00E005	0	1	06	1E98	0	3	1
00E008	0	1	06	1E98	0	1	1
00E009	1	1	06	1D38	0	1	1
00E00A	1	1	06	1D38	0	2	1
00E00C	1	1	06	1D38	0	2	1
00E00E	1	1	06	1D38	0	3	1
00E011	1	1	06	1D38	0	3	1
00E014	1	1	06	1D38	0	3	1
00E017	1	1	06	1D38	0	1	1
00E018	1	1	06	1D38	0	1	1
00E019	1	1	06	1D38	0	3	1
00E01C	1	1	06	1D38	0	1	1
00E01D	1	1	06	1D38	0	1	1
00E01E	1	1	06	1D38	0	2	1
00E020	1	1	06	1D38	0	3	1
00E023	1	1	06	1D38	0	2	1
00E025	1	1	06	1D38	0	2	1
00E027	1	1	06	1D38	0	3	1
00E02A	1	1	06	1D38	0	2	1
00E02C	1	1	06	1D38	0	3	1
00E02F	1	1	06	1D38	0	3	1
00E032	1	1	06	1D38	0	3	1
00E035	1	1	06	1D38	0	1	1
00E036	1	1	06	1D38	0	1	1
00E078	0	1	06	1E98	0	3	1
00E07B	0	1	06	1E98	0	3	1
00E07E	0	1	06	1E98	0	1	1
00E07F	0	1	06	1E98	0	1	1
00E080	0	1	06	1E98	0	2	1
00E082	0	1	06	1E98	0	2	1
00E084	0	1	06	1E98	0	1	1
00E085	0	1	06	1E98	0	3	1
00E088	0	1	06	1E98	0	1	1
00E089	0	1	06	1E98	0	1	1
00E08A	0	1	06	1E98	0	2	1
00E08C	0	1	06	1E98	0	2	1
00E08E	0	1	06	1E98	0	1	1
00E08F	0	1	06	1E58	0	2	1
00E091	0	1	06	1E58	0	2	1
00E093	0	1	06	1E58	0	2	1
00E095	0	1	06	1E58	0	2	1
00E097	0	1	06	1E58	0	1	1
00E098	0	1	06	1E58	0	3	1
00E09B	0	1	06	1E58	0	3	1
00E09E	0	1	06	1E58	0	3	1
00E0A1	0	1	06	1E58	0	1	1
00E0A2	0	1	06	1E58	0	3	1
00E0A5	0	1	06	1E58	0	3	1
00E0A8	0	1	06	1E58	0	2	1
00E0B3	0	1	06	1E58	0	2	1
00E0B5	0	1	06	1E58	0	2	1
00E0B7	0	1	06	1E58	0	2	1
00E0B9	0	1	06	1E58	0	2	1
00E0BB	0	1	06	1E58	0	3	1
00E0BE	0	1	06	1E58	0	1	1
00E0BF	0	1	06	1E58	0	3	1
00E0C2	0	1	06	1E58	0	2	1
00E0C4	0	1	06	1E58	0	2	1
00E0C6	0	1	06	1E58	0	2	1
00E0C8	0	1	06	1E58	0	1	1
00E0C9	0	1	06	1E58	0	3	1
00E0CC	0	1	06	1E58	0	3	1
00E0CF	0	1	06	1E58	0	2	1
00E0D1	0	1	06	1E58	0	2	1
00E0D3	0	1	06	1E58	0	2	1
00E0D5	0	1	06	1E58	0	2	1
00E0D7	0	1	06	1E58	0	1	1
00E0D8	0	1	06	1E58	0	3	1
00E0DB	0	1	06	1E58	0	3	1
00E0DE	0	1	06	1E58	0	3	1
00E0E1	0	1	06	1E58	0	1	1
00E0E2	0	1	06	1E58	0	3	1
00E0E5	0	1	06	1E58	0	3	1
00E0E8	0	1	06	1E58	0	2	1
00E0EA	0	1	06	1E58	0	3	1
00E0ED	0	1	06	1E58	0	3	1
00E0F0	0	1	06	1E58	0	2	1
00E0F2	0	1	06	1E58	0	2	1
00E0F4	0	1	06	1E58	0	3	1
00E0F7	0	1	06	1E58	0	4	1
00E0FB	0	1	06	1E58	0	2	1
00E0FD	0	1	06	1E58	0	2	1
00E0FF	0	1	06	1E58	0	2	1
00E101	0	1	06	1E58	0	2	1
00E103	0	1	06	1E58	0	1	1
00E135	0	1	06	1E58	0	2	1
00E137	1	1	06	1E58	0	2	1
00E139	1	1	06	1E58	0	2	1
00E13B	1	1	06	1E58	0	2	1
00E13D	1	1	06	1E58	0	2	1
00E13F	1	1	06	1E58	0	2	1
00E141	1	1	06	1E58	0	2	1
00E143	1	1	06	1E58	0	2	1
00E145	1	1	06	1E58	0	2	1
00E147	1	1	06	1E58	0	2	1
00E149	1	1	06	1E58	0	2	1
00E14B	1	1	06	1E58	0	2	1
00E14D	1	1	06	1E58	0	2	1
00E14F	1	1	06	1E58	0	3	1
00E152	1	1	06	1E58	0	3	1
00E155	1	1	06	1E58	0	2	1
00E157	0	1	06	1E58	0	2	1
00E159	0	1	06	1E58	0	3	1
00E15C	0	1	06	1E58	0	2	1
00E15E	0	1	06	1E58	0	1	1
00E15F	1	1	06	1E58	0	2	1
00E161	1	1	06	1E58	0	2	1
00E163	1	1	06	1E58	0	2	1
00E165	0	1	06	1E58	0	1	1
00E166	0	1	06	1E58	0	2	1
00E168	0	1	06	1E58	0	2	1
00E16A	0	1	06	1E58	0	2	1
00E16C	0	1	06	1E58	0	2	1
00E16E	0	1	06	1E58	0	2	1
00E170	0	1	06	1E58	0	2	1
00E172	0	1	06	1E58	0	1	1
00E173	0	1	06	1E58	0	2	1
00E175	0	1	06	1E58	0	2	1
00E177	0	1	06	1E58	0	2	1
00E179	0	1	06	1E58	0	2	1
00E17B	0	1	06	1E58	0	3	1
00E17E	0	1	06	1E58	0	1	1
00E17F	0	1	06	1E58	0	2	1
00E181	0	1	06	1E58	0	1	1
00E182	0	1	06	1E58	0	2	1
00E184	0	1	06	1E58	0	3	1
00E187	0	1	06	1E58	0	3	1
00E18A	0	1	06	1E58	0	2	1
00E18C	0	1	06	1E58	0	3	1
00E18F	0	1	06	1E58	0	1	1
00E190	0	1	06	1E58	0	3	1
00E193	0	1	06	1E58	0	2	1
00E195	0	1	06	1E58	0	3	1
00E198	0	1	06	1E58	0	1	1
00E199	0	1	06	1E58	0	2	1
00E19B	0	1	06	1E58	0	1	1
00E19C	0	1	06	1E58	0	2	1
00E19E	0	1	06	1E58	0	2	1
00E1A0	0	1	06	1E58	0	2	1
00E1A2	0	1	06	1E58	0	2	1
00E1A4	0	1	06	1E58	0	2	1
00E1A6	0	1	06	1E58	0	2	1
00E1A8	0	1	06	1E58	0	2	1
00E1AA	0	1	06	1E58	0	2	1
00E1AC	0	1	06	1E58	0	2	1
00E1AE	0	1	06	1E58	0	2	1
00E1B0	0	1	06	1E58	0	2	1
00E1B2	0	1	06	1E58	0	1	1
00E1B3	0	1	06	1E58	0	2	1
00E1B5	0	1	06	1E58	0	2	1
00E1B7	0	1	06	1E58	0	2	1
00E1B9	0	1	06	1E58	0	2	1
00E1BB	0	1	06	1E58	0	3	1
00E1BE	0	1	06	1E58	0	1	1
00E1BF	0	1	06	1E58	0	2	1
00E1C1	0	1	06	1E58	0	1	1
00E1C2	0	1	06	1E58	0	2	1
00E1C4	0	1	06	1E58	0	3	1
00E1C7	0	1	06	1E58	0	3	1
00E1CA	0	1	06	1E58	0	2	1
00E1CC	0	1	06	1E58	0	3	1
00E1CF	0	1	06	1E58	0	1	1
00E1D0	0	1	06	1E58	0	3	1
00E1D3	0	1	06	1E58	0	2	1
00E1D5	0	1	06	1E58	0	3	1
00E1D8	0	1	06	1E58	0	1	1
00E1D9	0	1	06	1E58	0	2	1
00E1DB	0	1	06	1E58	0	1	1
00E1DC	0	1	06	1E58	0	2	1
00E1DE	0	1	06	1E58	0	2	1
00E1E0	0	1	06	1E58	0	2	1
00E1E2	0	1	06	1E58	0	2	1
00E1E4	0	1	06	1E58	0	2	1
00E1E6	0	1	06	1E58	0	2	1
00E1E8	0	1	06	1E58	0	2	1
00E1EA	0	1	06	1E58	0	2	1
00E1EC	0	1	06	1E58	0	2	1
00E1EE	0	1	06	1E58	0	2	1
00E1F0	0	1	06	1E58	0	2	1
00E1F2	0	1	06	1E58	0	1	1
00E1F3	0	1	06	1E58	0	2	1
00E1F5	0	1	06	1E58	0	2	1
00E1F7	0	1	06	1E58	0	2	1
00E1F9	0	1	06	1E58	0	2	1
00E1FB	0	1	06	1E58	0	3	1
00E1FE	0	1	06	1E58	0	1	1
00E1FF	0	1	06	1E58	0	2	1
00E201	0	1	06	1E58	0	1	1
00E202	0	1	06	1E58	0	2	1
00E204	0	1	06	1E58	0	3	1
00E207	0	1	06	1E58	0	3	1
00E20A	0	1	06	1E58	0	3	1
00E20D	0	1	06	1E58	0	2	1
00E20F	0	1	06	1E58	0	3	1
00E212	0	1	06	1E58	0	1	1
00E213	0	1	06	1E58	0	3	1
00E216	0	1	06	1E58	0	2	1
00E218	0	1	06	1E58	0	3	1
00E21B	0	1	06	1E58	0	1	1
00E21C	0	1	06	1E58	0	2	1
00E21E	0	1	06	1E58	0	1	1
00E21F	0	1	06	1E58	0	2	1
00E221	0	1	06	1E58	0	2	1
00E223	0	1	06	1E58	0	2	1
00E225	0	1	06	1E58	0	2	1
00E227	0	1	06	1E58	0	2	1
00E229	0	1	06	1E58	0	2	1
00E22B	0	1	06	1E58	0	2	1
00E22D	0	1	06	1E58	0	2	1
00E22F	0	1	06	1E58	0	2	1
00E231	0	1	06	1E58	0	2	1
00E23E	0	1	06	1E58	0	3	1
00E241	0	1	06	1E58	0	1	1
00E242	0	1	06	1E58	0	2	1
00E244	0	1	06	1E58	0	1	1
00E245	0	1	06	1E58	0	2	1
00E247	0	1	06	1E58	0	3	1
00E24A	0	1	06	1E58	0	3	1
00E24D	0	1	06	1E58	0	3	1
00E250	0	1	06	1E58	0	2	1
00E252	0	1	06	1E58	0	3	1
00E255	0	1	06	1E58	0	1	1
00E256	0	1	06	1E58	0	3	1
00E259	0	1	06	1E58	0	2	1
00E25B	0	1	06	1E58	0	3	1
00E25E	0	1	06	1E58	0	1	1
00E25F	0	1	06	1E58	0	2	1
00E261	0	1	06	1E58	0	1	1
00E262	0	1	06	1E58	0	2	1
00E264	0	1	06	1E58	0	2	1
00E266	0	1	06	1E58	0	2	1
00E268	0	1	06	1E58	0	2	1
00E26A	0	1	06	1E58	0	2	1
00E26C	0	1	06	1E58	0	1	1
00E26D	1	1	06	0E18	0	1	1
00E26E	1	1	06	0E18	0	2	1
00E270	1	1	06	0E18	0	3	1
00E273	1	1	06	0E18	0	2	1
00E275	1	1	06	0E18	0	2	1
00E277	0	1	06	0E18	0	3	1
00E27A	0	1	06	0E18	0	3	1
00E27D	0	1	06	0E18	0	3	1
00E280	0	1	06	0E18	0	3	1
00E283	0	1	06	0E18	0	1	1
00E284	0	1	06	0E18	0	3	1
00E287	0	1	06	0E18	0	2	1
00E289	1	1	06	0E18	0	1	1
00E28A	1	1	06	0E18	0	1	1
00E52E	1	1	06	0000	0	2	1
00E530	0	1	06	0000	0	3	1
00E533	0	1	06	0000	0	3	1
00E536	0	1	06	0000	0	2	1
00E538	1	1	06	0000	0	2	1
00E53A	1	1	06	0000	0	1	1
00E53B	1	1	06	0000	0	1	1
00E53C	1	1	06	0000	0	2	1
00E53E	1	1	06	0000	0	2	1
00E540	1	1	06	0000	0	2	1
00E542	1	1	06	0000	0	2	1
00E544	1	1	06	0000	0	2	1
00E546	1	1	06	0000	0	2	1
00E548	1	1	06	0000	0	1	1
00E549	1	1	06	0000	0	1	1
00E54A	1	1	06	0000	0	1	1
00E54B	1	1	06	0000	0	1	1
00E54C	1	1	06	0000	0	2	1
00E54E	1	1	06	0000	0	2	1
00E550	1	1	06	0000	0	2	1
00E552	1	1	06	0000	0	2	1
00E554	1	1	06	0000	0	3	1
00E557	1	1	06	0000	0	3	1
00E55A	1	1	06	0000	0	2	1
00E55C	0	1	06	0000	0	3	1
00E55F	0	1	06	0000	0	3	1
00E562	0	1	06	0000	0	3	1
00E565	0	1	06	0000	0	3	1
00E568	0	1	06	0000	0	2	1
00E56A	1	1	06	0000	0	1	1
00E56B	1	1	06	0000	0	2	1
00E56D	1	1	06	0000	0	2	1
00E56F	1	1	06	0000	0	4	1
00E573	1	1	06	0000	0	2	1
00E578	1	1	06	0000	0	2	1
00E57A	1	1	06	0000	0	4	1
00E57E	1	1	06	0000	0	2	1
00E580	1	1	06	0000	0	4	1
00E584	1	1	06	0000	0	2	1
00E589	1	1	06	0000	0	2	1
00E58B	1	1	06	0000	0	4	1
00E58F	1	1	06	0000	0	2	1
00E591	1	1	06	0000	0	2	1
00E593	1	1	06	0000	0	4	1
00E597	1	1	06	0000	0	2	1
00E59C	1	1	06	0000	0	2	1
00E59E	1	1	06	0000	0	4	1
00E5A2	1	1	06	0000	0	2	1
00E5A4	1	1	06	0000	0	1	1
00E5A5	1	1	06	0000	0	3	1
00E5A8	1	1	06	0000	0	4	1
00E5AC	1	1	06	0000	0	2	1
00E5B1	1	1	06	0000	0	2	1
00E5B3	1	1	06	0000	0	4	1
00E5B7	1	1	06	0000	0	2	1
00E5B9	1	1	06	0000	0	2	1
00E5BB	1	1	06	0000	0	4	1
00E5BF	1	1	06	0000	0	2	1
00E5C4	1	1	06	0000	0	2	1
00E5C6	1	1	06	0000	0	4	1
00E5CA	1	1	06	0000	0	2	1
00E5CC	1	1	06	0000	0	4	1
00E5D0	1	1	06	0000	0	2	1
00E5D5	1	1	06	0000	0	2	1
00E5D7	1	1	06	0000	0	4	1
00E5DB	1	1	06	0000	0	2	1
00E5DD	1	1	06	0000	0	1	1
00E5DE	1	1	06	0000	0	3	1
00E5E1	1	1	06	0000	0	1	1
00E5E2	1	1	06	0000	0	1	1
00E5E3	1	1	06	0000	0	2	1
00E5E5	1	1	06	0000	0	2	1
00E5E7	1	0	06	0000	0	2	1
00E5E9	1	0	06	0000	0	3	1
00E5EC	1	0	06	0000	0	3	1
00E5EF	1	0	06	0000	0	2	1
00E5F1	0	0	06	0000	0	3	1
00E5F4	0	0	06	0000	0	3	1
00E5F7	0	0	06	0000	0	3	1
00E5FA	0	0	06	0000	0	3	1
00E5FD	0	0	06	0000	0	3	1
00E600	0	0	06	0000	0	3	1
00E603	0	0	06	0000	0	3	1
00E606	0	0	06	0000	0	3	1
00E609	0	0	06	0000	0	3	1
00E60C	0	0	06	0000	0	3	1
00E60F	0	0	06	0000	0	3	1
00E612	0	0	06	0000	0	3	1
00E615	0	0	06	0000	0	3	1
00E618	0	0	06	0000	0	3	1
00E61B	0	0	06	0000	0	3	1
00E61E	0	0	06	0000	0	3	1
00E621	0	0	06	0000	0	3	1
00E624	0	0	06	0000	0	3	1
00E627	0	0	06	0000	0	3	1
00E62A	0	0	06	0000	0	3	1
00E62D	0	0	06	0000	0	3	1
00E630	0	0	06	0000	0	3	1
00E633	0	0	06	0000	0	3	1
00E636	0	0	06	0000	0	3	1
00E639	0	0	06	0000	0	3	1
00E63C	0	0	06	0000	0	3	1
00E63F	0	0	06	0000	0	3	1
00E642	0	0	06	0000	0	3	1
00E645	0	0	06	0000	0	3	1
00E648	0	0	06	0000	0	3	1
00E64B	0	0	06	0000	0	3	1
00E64E	0	0	06	0000	0	3	1
00E651	0	0	06	0000	0	3	1
00E654	0	0	06	0000	0	1	1
00E655	0	0	06	0000	0	4	1
00E659	0	0	06	0000	0	1	1
00E65A	1	1	06	0000	0	1	1
00E65B	0	1	06	09D8	0	1	1
00E65C	0	1	06	09D8	0	2	1
00E65E	1	1	06	09D8	0	2	1
00E660	1	0	06	09D8	0	3	1
00E663	1	0	06	09D8	0	3	1
00E666	1	0	06	09D8	0	2	1
00E668	1	0	06	09D8	0	3	1
00E66B	1	0	06	09D8	0	2	1
00E66D	1	0	06	09D8	0	2	1
00E66F	0	0	06	09D8	0	3	1
00E672	0	0	06	09D8	0	2	1
00E674	0	0	06	09D8	0	3	1
00E677	0	0	06	09D8	0	2	1
00E679	0	0	06	09D8	0	1	1
00E67A	0	1	06	09D8	0	1	1
00E67B	1	1	06	09D8	0	1	1
00E67C	1	1	06	09D8	0	2	1
00E67E	1	1	06	09D8	0	2	1
00E680	1	0	06	09D8	0	3	1
00E683	1	0	06	09D8	0	2	1
00E685	0	0	06	09D8	0	3	1
00E688	0	0	06	09D8	0	3	1
00E68B	0	0	06	09D8	0	3	1
00E68E	0	0	06	09D8	0	1	1
00E68F	1	1	06	09D8	0	1	1
00E690	1	0	06	09D8	0	2	1
00E692	0	0	06	09D8	0	3	1
00E695	0	0	06	09D8	0	3	1
00E698	0	0	06	09D8	0	1	1
00E699	0	0	06	09D8	0	3	1
00E69C	0	0	06	09D8	0	3	1
00E69F	0	0	06	09D8	0	3	1
00E6A2	0	0	06	09D8	0	1	1
00E6A3	0	0	06	09D8	0	1	1
00E6A4	0	0	06	09D8	0	3	1
00E6A7	0	0	06	09D8	0	1	1
00E6A8	0	0	06	09D8	0	3	1
00E6AB	0	0	06	09D8	0	1	1
00E6AC	0	0	06	09D8	0	3	1
00E6AF	0	0	06	09D8	0	1	1
00E6B0	0	0	06	09D8	0	2	1
00E6B2	1	0	06	09D8	0	1	1
00E6B3	1	1	06	0000	0	2	1
00E6B5	1	1	06	0000	0	3	1
00E6B8	1	1	06	0000	0	3	1
00E6BB	1	1	06	0000	0	2	1
00E6BD	1	1	06	0000	0	2	1
00E6BF	1	1	06	0000	0	3	1
00E6C2	1	1	06	0000	0	3	1
00E6C5	1	1	06	0000	0	2	1
00E6C7	1	1	06	0000	0	2	1
00E6C9	1	1	06	0000	0	2	1
00E6CB	1	1	06	0000	0	2	1
00E6CD	1	1	06	0000	0	3	1
00E6D0	1	1	06	0000	0	2	1
00E6D2	1	1	06	0000	0	1	1
00E6D3	1	1	06	0000	0	1	1
00E6D4	1	1	06	0000	0	2	1
00E6D6	0	1	06	0000	0	4	1
00E6DA	0	1	06	0000	0	2	1
00E6DC	0	1	06	0000	0	2	1
00E6DE	0	1	06	0000	0	2	1
00E6E0	0	1	06	0000	0	3	1
00E6E3	0	1	06	0000	0	2	1
00E6E5	0	1	06	0000	0	2	1
00E6E7	0	1	06	0000	0	2	1
00E6E9	0	1	06	0000	0	3	1
00E6EC	0	1	06	0000	0	2	1
00E6EE	1	1	06	0000	0	3	1
00E6F1	1	1	06	0000	0	3	1
00E6F4	1	1	06	0000	0	2	1
00E6F6	1	1	06	0000	0	2	1
00E6F8	1	1	06	0000	0	3	1
00E6FB	1	1	06	0000	0	3	1
00E6FE	1	1	06	0000	0	3	1
00E701	1	1	06	0000	0	2	1
00E703	1	1	06	0000	0	2	1
00E705	1	1	06	0000	0	3	1
00E708	1	1	06	0000	0	2	1
00E70A	1	1	06	0000	0	3	1
00E70D	1	1	06	0000	0	2	1
00E70F	1	1	06	0000	0	3	1
00E712	1	1	06	0000	0	2	1
00E714	1	1	06	0000	0	3	1
00E717	1	1	06	0000	0	2	1
00E719	0	1	06	0000	0	2	1
00E71B	0	1	06	0000	0	2	1
00E71D	0	1	06	0000	0	1	1
00E71E	0	1	06	0000	0	3	1
00E721	0	1	06	0000	0	3	1
00E724	0	1	06	0000	0	3	1
00E727	0	1	06	0000	0	3	1
00E72A	0	1	06	0000	0	2	1
00E72C	0	1	06	0000	0	2	1
00E72E	1	1	06	0000	0	2	1
00E730	1	1	06	0000	0	3	1
00E733	1	1	06	0000	0	1	1
00E734	1	1	06	0000	0	1	1
00E735	1	1	06	0000	0	2	1
00E737	1	1	06	0000	0	2	1
00E739	1	1	06	0000	0	3	1
00E73C	1	1	06	0000	0	2	1
00E776	1	1	06	0000	0	3	1
00E779	1	1	06	0000	0	2	1
00E77B	1	1	06	0000	0	3	1
00E77E	1	1	06	0000	0	2	1
00E780	1	1	06	0000	0	3	1
00E783	1	1	06	0000	0	2	1
00E785	1	1	06	0000	0	2	1
00E787	1	1	06	0000	0	2	1
00E789	1	1	06	0000	0	2	1
00E78B	1	1	06	0000	0	3	1
00E78E	1	1	06	0000	0	2	1
00E790	1	1	06	0000	0	1	1
00E791	1	1	06	0000	0	3	1
00E794	1	1	06	0000	0	2	1
00E7A1	1	1	06	0000	0	2	1
00E7A3	1	1	06	0000	0	3	1
00E7A6	1	1	06	0000	0	1	1
00E7A7	1	1	06	0000	0	2	1
00E7A9	1	1	06	0000	0	3	1
00E7AC	1	1	06	0000	0	2	1
00E7AE	1	1	06	0000	0	2	1
00E7B0	1	1	06	0000	0	1	1
00E7B1	1	1	06	0000	0	3	1
00E7B4	1	1	06	0000	0	3	1
00E7B7	1	1	06	0000	0	3	1
00E7BA	1	1	06	0000	0	2	1
00E7BC	1	1	06	0000	0	2	1
00E7BE	1	1	06	0000	0	2	1
00E7C0	1	1	06	0000	0	3	1
00E7C3	1	1	06	0000	0	3	1
00E7C6	1	1	06	0000	0	2	1
00E7C8	1	1	06	0000	0	2	1
00E7CA	1	1	06	0000	0	2	1
00E7CC	1	1	06	0000	0	1	1
00E7CD	1	1	06	0000	0	1	1
00E7CE	1	1	06	0000	0	3	1
00E7EB	1	1	06	0000	0	2	1
00E7ED	1	1	06	0000	0	1	1
00E7EE	1	1	06	0000	0	1	1
00E7EF	1	1	06	0000	0	2	1
00E7F1	1	1	06	0000	0	2	1
00E7F3	1	1	06	0000	0	3	1
00E7F6	1	1	06	0000	0	2	1
00E7F8	1	1	06	0000	0	1	1
00E7F9	1	1	06	0000	0	2	1
00E7FB	1	1	06	0000	0	3	1
00E7FE	1	1	06	0000	0	2	1
00E800	0	1	06	0000	0	2	1
00E802	0	1	06	0000	0	3	1
00E805	0	1	06	0000	0	3	1
00E808	0	1	06	0000	0	3	1
00E80B	0	1	06	0000	0	2	1
00E80D	0	1	06	0000	0	2	1
00E80F	0	1	06	0000	0	1	1
00E810	0	1	06	0000	0	2	1
00E812	0	1	06	0000	0	2	1
00E814	0	1	06	0000	0	2	1
00E816	1	1	06	0000	0	2	1
00E818	1	1	06	0000	0	3	1
00E81B	1	1	06	0000	0	3	1
00E81E	1	1	06	0000	0	3	1
00E821	1	1	06	0000	0	3	1
00E824	1	1	06	0000	0	2	1
00E826	1	1	06	0000	0	3	1
00E829	1	1	06	0000	0	2	1
00E82B	1	1	06	0000	0	2	1
00E82D	1	1	06	0000	0	3	1
00E830	1	1	06	0000	0	2	1
00E832	1	1	06	0000	0	3	1
00E835	1	1	06	0000	0	3	1
00E838	1	1	06	0000	0	2	1
00E83A	1	1	06	0000	0	3	1
00E83D	1	1	06	0000	0	3	1
00E840	1	1	06	0000	0	3	1
00E843	1	1	06	0000	0	3	1
00E846	1	1	06	0000	0	3	1
00E849	1	1	06	0000	0	2	1
00E84B	1	1	06	0000	0	3	1
00E84E	1	1	06	0000	0	3	1
00E851	1	1	06	0000	0	2	1
00E853	1	1	06	0000	0	1	1
00E854	1	1	06	0000	0	3	1
00E857	1	1	06	0000	0	2	1
00E859	0	1	06	0000	0	2	1
00E85B	0	1	06	0000	0	2	1
00E85D	0	1	06	0000	0	2	1
00E85F	1	1	06	0000	0	3	1
00E8BC	1	1	06	0000	0	3	1
00E8BF	1	1	06	0000	0	3	1
00E8C2	1	1	06	0000	0	3	1
00E8C5	0	1	06	0000	0	2	1
00E8C7	0	1	06	0000	0	3	1
00E8CA	0	1	06	0000	0	2	1
00E8D4	0	1	06	0000	0	3	1
00E8D7	0	1	06	0000	0	3	1
00E8DA	0	1	06	0000	0	2	1
00E8DC	0	1	06	0000	0	2	1
00E8DE	0	1	06	0000	0	3	1
00E8E1	0	1	06	0000	0	2	1
00E8E3	0	1	06	0000	0	3	1
00E8E6	0	1	06	0000	0	3	1
00E8E9	0	1	06	0000	0	2	1
00E8EB	0	1	06	0000	0	2	1
00E8ED	0	1	06	0000	0	3	1
00E8F0	0	1	06	0000	0	2	1
00E8F2	0	1	06	0000	0	2	1
00E8F4	0	1	06	0000	0	3	1
00E8F7	0	1	06	0000	0	2	1
00E8F9	0	1	06	0000	0	1	1
00E8FA	0	1	06	0000	0	3	1
00E8FD	0	1	06	0000	0	3	1
00E900	0	1	06	0000	0	1	1
00E901	0	1	06	0000	0	1	1
00E902	0	1	06	0000	0	3	1
00E905	0	1	06	0000	0	3	1
00E908	0	1	06	0000	0	3	1
00E90B	0	1	06	0000	0	2	1
00E90D	1	1	06	0000	0	2	1
00E90F	1	1	06	0000	0	3	1
00E912	1	1	06	0000	0	2	1
00E914	1	1	06	0000	0	3	1
00E917	1	1	06	0000	0	1	1
00E918	1	1	06	0000	0	2	1
00E91A	0	1	06	0000	0	3	1
00E91D	0	1	06	0000	0	2	1
00E91F	0	1	06	0000	0	3	1
00E922	0	1	06	0000	0	3	1
00E925	0	1	06	0000	0	1	1
00E926	0	1	06	0000	0	1	1
00E927	0	1	06	0000	0	2	1
00E929	0	1	06	0000	0	2	1
00E92B	0	1	06	0000	0	2	1
00E92D	1	1	06	0000	0	1	1
00E92E	1	1	06	0000	0	1	1
00E92F	1	1	06	0000	0	2	1
00E931	1	1	06	0000	0	2	1
00E933	1	1	06	0000	0	3	1
00E936	1	1	06	0000	0	3	1
00E939	1	1	06	0000	0	2	1
00E93B	1	1	06	0000	0	3	1
00E93E	1	1	06	0000	0	3	1
00E941	1	1	06	0000	0	2	1
00E943	1	1	06	0000	0	3	1
00E946	1	1	06	0000	0	3	1
00E949	1	1	06	0000	0	3	1
00E94C	1	1	06	0000	0	3	1
00E94F	1	1	06	0000	0	3	1
00E952	1	1	06	0000	0	2	1
00E954	1	1	06	0000	0	3	1
00E957	1	1	06	0000	0	2	1
00E959	1	1	06	0000	0	3	1
00E95C	1	1	06	0000	0	3	1
00E95F	1	1	06	0000	0	3	1
00E962	1	1	06	0000	0	3	1
00E965	1	1	06	0000	0	3	1
00E968	1	1	06	0000	0	3	1
00E96B	1	1	06	0000	0	3	1
00E96E	1	1	06	0000	0	2	1
00E970	1	1	06	0000	0	3	1
00E973	1	1	06	0000	0	3	1
00E976	1	1	06	0000	0	2	1
00E978	1	1	06	0000	0	3	1
00E97B	1	1	06	0000	0	2	1
00E97D	1	1	06	0000	0	2	1
00E97F	0	1	06	0000	0	2	1
00E981	0	1	06	0000	0	3	1
00E984	0	1	06	0000	0	1	1
00E985	0	1	06	0000	0	1	1
00E986	0	1	06	0000	0	1	1
00E987	0	1	06	0000	0	2	1
00E989	0	1	06	0000	0	2	1
00E98B	0	1	06	0000	0	2	1
00E98D	0	1	06	0000	0	2	1
00E98F	1	1	06	0000	0	3	1
00E9AD	1	1	06	0000	0	3	1
00E9B0	1	1	06	0000	0	1	1
00E9B1	1	1	27	0000	0	2	1
00E9B3	1	1	27	0000	0	1	1
00E9B4	1	1	27	0000	0	1	1
00E9B5	1	1	06	0000	0	1	1
00E9B6	1	1	06	0000	0	2	1
00E9B8	1	1	06	0000	0	2	1
00E9BA	1	1	06	0000	0	2	1
00E9BC	1	1	06	0000	0	2	1
00E9BE	1	1	06	0000	0	2	1
00E9C0	1	1	06	0000	0	2	1
00E9C2	1	1	06	0000	0	2	1
00E9C4	1	1	06	0000	0	2	1
00E9C6	1	1	06	0000	0	2	1
00E9C8	1	1	06	0000	0	3	1
00E9CB	1	1	06	0000	0	2	1
00E9CD	1	1	06	0000	0	3	1
00E9D0	1	1	06	0000	0	2	1
00E9D2	0	1	06	0000	0	2	1
00E9D4	0	1	06	0000	0	2	1
00E9D6	0	1	06	0000	0	1	1
00E9D7	0	1	06	0000	0	3	1
00E9DA	0	1	06	0000	0	3	1
00E9DD	0	1	06	0000	0	3	1
00E9E0	0	1	06	0000	0	3	1
00E9E3	0	1	06	0000	0	2	1
00E9E5	0	1	06	0000	0	3	1
00E9E8	0	1	06	0000	0	2	1
00E9EA	1	1	06	0000	0	1	1
00E9EB	1	1	06	0000	0	1	1
00E9EC	1	1	06	0000	0	2	1
00E9EE	1	1	06	0000	0	2	1
00E9F0	1	1	06	0000	0	1	1
00E9F1	1	1	06	0000	0	3	1
00E9F4	1	1	06	0000	0	2	1
00E9F6	1	1	06	0000	0	2	1
00E9FD	1	1	06	0000	0	1	1
00E9FE	1	1	06	0000	0	3	1
00EA01	1	1	06	0000	0	3	1
00EA04	1	1	06	0000	0	2	1
00EA06	1	1	06	0000	0	1	1
00EA07	1	1	06	0DD8	0	1	1
00EA08	1	1	06	0DD8	0	1	1
00EA09	1	1	06	0DD8	0	1	1
00EA0A	1	1	06	0DD8	0	1	1
00EA0B	1	1	06	0DD8	0	2	1
00EA0D	1	1	06	0DD8	0	3	1
00EA10	1	1	06	0DD8	0	3	1
00EA13	1	1	06	0DD8	0	3	1
00EA16	1	1	06	0DD8	0	2	1
00EA18	1	1	06	0DD8	0	3	1
00EA1B	1	1	06	0DD8	0	2	1
00EA1D	1	1	06	0DD8	0	3	1
00EA20	1	1	06	0DD8	0	2	1
00EA22	0	1	06	0DD8	0	3	1
00EA25	0	1	06	0DD8	0	1	1
00EA26	0	1	06	0000	0	2	1
00EA28	0	1	06	0000	0	3	1
00EA2B	0	1	06	0000	0	3	1
00EA2E	0	1	06	0000	0	3	1
00EA31	0	1	06	0000	0	1	1
00EA32	0	1	06	0DD8	0	1	1
00EA33	1	1	06	0DD8	0	1	1
00EA34	1	1	06	0DD8	0	1	1
00EA35	1	1	06	0DD8	0	1	1
00EA36	1	1	06	0000	0	1	1
00EA37	1	1	06	0000	0	2	1
00EA39	0	1	06	0000	0	1	1
00EA3A	0	1	06	0000	0	3	1
00EA3D	0	1	06	0000	0	1	1
00EA3E	0	1	06	0000	0	2	1
00EA40	1	1	06	0000	0	3	1
00EA43	1	1	06	0000	0	3	1
00EA46	1	1	06	0000	0	2	1
00EA48	1	1	06	0000	0	4	1
00EA4C	1	1	06	0000	0	4	1
00EA50	1	1	06	0000	0	4	1
00EA54	1	1	06	0000	0	4	1
00EA58	1	1	06	0000	0	4	1
00EA5C	1	1	06	0000	0	4	1
00EA60	1	1	06	0000	0	3	1
00EA63	1	1	06	0000	0	2	1
00EA65	1	1	06	0000	0	1	1
00EA66	1	1	06	0000	0	3	1
00EA69	1	1	06	0000	0	3	1
00EA6C	1	1	06	0000	0	1	1
00EA6D	1	1	06	0000	0	1	1
00EA6E	1	1	06	0000	0	2	1
00EA70	1	1	06	0000	0	2	1
00EA72	1	1	06	0000	0	3	1
00EA75	1	1	06	0000	0	3	1
00EA78	1	1	06	0000	0	3	1
00EA7B	1	1	06	0000	0	3	1
00EA7E	1	1	06	0000	0	3	1
00EA81	1	1	06	0000	0	2	1
00EA83	1	1	06	0000	0	3	1
00EA86	1	1	06	0000	0	2	1
00EA88	1	1	06	0000	0	3	1
00EA8B	1	1	06	0000	0	3	1
00EA8E	1	1	06	0000	0	2	1
00EA90	1	1	06	0000	0	3	1
00EA93	1	1	06	0000	0	3	1
00EA96	1	1	06	0000	0	2	1
00EA98	1	0	06	0000	0	3	1
00EA9B	1	0	06	0000	0	4	1
00EA9F	1	0	06	0000	0	2	1
00EAA1	1	1	06	0000	0	3	1
00EAA4	1	1	06	0000	0	4	1
00EAA8	1	1	06	0000	0	2	1
00EAAA	1	1	06	0000	0	2	1
00EAB0	1	1	06	0000	0	2	1
00EAB2	1	1	06	0000	0	3	1
00EAB5	1	1	06	0000	0	3	1
00EAB8	1	1	06	0000	0	4	1
00EABC	1	1	06	0000	0	4	1
00EAC0	1	1	06	0000	0	4	1
00EAC4	1	1	06	0000	0	2	1
00EACB	1	1	06	0000	0	2	1
00EACD	1	1	06	0000	0	2	1
00EACF	1	1	06	0000	0	2	1
00EAD1	1	1	06	0000	0	4	1
00EAD5	1	1	06	0000	0	1	1
00EAD6	1	1	06	0000	0	4	1
00EADA	1	1	06	0000	0	2	1
00EADC	1	1	06	0000	0	2	1
00EADE	1	1	06	0000	0	2	1
00EAE0	1	1	06	0000	0	4	1
00EAE4	1	1	06	0000	0	1	1
00EAE5	1	1	06	0000	0	4	1
00EAE9	1	1	06	0000	0	2	1
00EAEB	1	1	06	0000	0	3	1
00EAEE	1	1	06	0000	0	4	1
00EAF2	1	1	06	0000	0	2	1
00EAF4	1	1	06	0000	0	2	1
00EAF6	1	1	06	0000	0	4	1
00EAFA	1	1	06	0000	0	2	1
00EAFC	1	1	06	0000	0	2	1
00EAFE	1	1	06	0000	0	2	1
00EB00	1	1	06	0000	0	2	1
00EB02	1	1	06	0000	0	4	1
00EB06	1	1	06	0000	0	4	1
00EB0A	1	1	06	0000	0	4	1
00EB0E	1	1	06	0000	0	2	1
00EB10	1	1	06	0000	0	3	1
00EB13	1	1	06	0000	0	4	1
00EB17	1	1	06	0000	0	1	1
00EB18	1	1	06	0000	0	3	1
00EB1B	1	1	06	0000	0	2	1
00EB1D	1	1	06	0000	0	2	1
00EB1F	1	1	06	0000	0	4	1
00EB23	1	1	06	0000	0	2	1
00EB25	1	1	06	0000	0	2	1
00EB2B	1	1	06	0000	0	2	1
00EB2D	1	1	06	0000	0	3	1
00EB30	1	1	06	0000	0	4	1
00EB34	1	1	06	0000	0	1	1
00EB35	1	1	06	0000	0	3	1
00EB38	1	1	06	0000	0	1	1
00EB39	1	1	06	0000	0	2	1
00EB3B	1	1	06	0000	0	2	1
00EB3D	1	1	06	0000	0	4	1
00EB41	1	1	06	0000	0	2	1
00EB43	1	1	06	0000	0	2	1
00EB49	1	1	06	0000	0	2	1
00EB4B	1	1	06	0000	0	3	1
00EB4E	1	1	06	0000	0	3	1
00EB51	1	1	06	0000	0	3	1
00EB54	1	1	06	0000	0	4	1
00EB58	1	1	06	0000	0	1	1
00EB59	1	1	06	0000	0	1	1
00EB5A	1	1	06	0000	0	3	1
00EB6D	1	1	06	0000	0	2	1
00EB6F	1	1	06	0000	0	2	1
00EB71	1	1	06	0000	0	1	1
00EB72	1	1	06	0000	0	1	1
00EB73	1	1	06	0000	0	2	1
00EB75	1	1	06	0000	0	2	1
00EB77	1	1	06	0000	0	2	1
00EB79	1	1	06	0000	0	2	1
00EB7B	1	1	06	0000	0	2	1
00EB7D	1	1	06	0000	0	1	1
00EB7E	1	1	06	0000	0	1	1
00EB7F	1	1	06	0000	0	1	1
00EB80	1	1	06	0000	0	1	1
00EB81	1	1	06	0000	0	2	1
00EB83	1	1	06	0000	0	2	1
00EB85	1	1	06	0000	0	2	1
00EB87	1	1	06	0000	0	2	1
00EB89	1	1	06	0000	0	2	1
00EB8B	1	1	06	0000	0	2	1
00EB8D	1	1	06	0000	0	2	1
00EBB8	1	1	06	0000	0	2	1
00EBBA	1	1	06	0000	0	2	1
00EBBC	1	1	06	0000	0	2	1
00EBBE	1	1	06	0000	0	2	1
00EBC0	1	1	06	0000	0	1	1
00EBC1	1	1	06	0000	0	2	1
00EBC3	1	1	06	0000	0	2	1
00EBC5	1	1	06	0000	0	1	1
00EBC6	1	1	06	0000	0	2	1
00EBC8	1	1	06	0000	0	2	1
00EBCA	1	1	06	0000	0	2	1
00EBCC	1	1	06	0000	0	2	1
00EBCE	1	1	06	0000	0	4	1
00EBD2	1	1	06	0000	0	2	1
00EBD4	1	1	06	0000	0	2	1
00EBD6	1	1	06	0000	0	2	1
00EBD8	1	1	06	0000	0	1	1
00EBD9	1	1	06	0000	0	2	1
00EBDD	1	1	06	0000	0	1	1
00EBDE	1	1	06	0000	0	4	1
00EBE2	1	1	06	0000	0	1	1
00EBE3	1	1	06	0000	0	4	1
00EBE7	1	1	06	0000	0	1	1
00EBE8	1	1	06	0000	0	4	1
00EBEC	1	1	06	0000	0	4	1
00EBF0	1	1	06	0000	0	1	1
00EBF1	1	1	06	0000	0	2	1
00EBF3	1	1	06	0000	0	4	1
00EBF7	1	1	06	0000	0	3	1
00EBFA	1	1	06	0000	0	3	1
00EBFD	1	1	06	0000	0	3	1
00EC00	1	1	06	0000	0	2	1
00EC02	1	1	06	0000	0	2	1
00EC04	1	1	06	0000	0	2	1
00EC06	1	1	06	0000	0	3	1
00EC09	1	1	06	0000	0	3	1
00EC48	1	1	06	0000	0	2	1
00EC4A	1	1	06	0000	0	2	1
00EC4C	1	1	06	0000	0	2	1
00EC4E	1	1	06	0000	0	2	1
00EC50	1	1	06	0000	0	2	1
00EC52	1	1	06	0000	0	2	1
00EC54	1	1	06	0000	0	2	1
00EC56	1	1	06	0000	0	3	1
00EC59	1	1	06	0000	0	2	1
00EC5B	1	1	06	0000	0	3	1
00EC5E	1	1	06	0000	0	1	1
00EC5F	1	1	06	0000	0	1	1
00EC60	1	1	06	0000	0	3	1
00EC63	1	1	06	0000	0	3	1
00EC66	1	1	06	0000	0	3	1
00EC69	1	1	06	0000	0	2	1
00EC6B	0	1	06	0000	0	3	1
00EC6E	0	1	06	0000	0	2	1
00EC70	0	1	06	0000	0	2	1
00EC72	1	1	06	0000	0	4	1
00EC76	1	1	06	0000	0	3	1
00EC79	1	1	06	0000	0	2	1
00EC7B	0	1	06	0000	0	3	1
00EC7E	0	1	06	0000	0	2	1
00EC80	0	1	06	0000	0	2	1
00EC82	1	1	06	0000	0	4	1
00EC86	1	1	06	0000	0	3	1
00EC89	1	1	06	0000	0	2	1
00EC8B	0	1	06	0000	0	3	1
00EC8E	0	1	06	0000	0	2	1
00EC90	0	1	06	0000	0	2	1
00EC92	1	1	06	0000	0	4	1
00EC96	1	1	06	0000	0	3	1
00EC99	1	1	06	0000	0	2	1
00EC9B	0	1	06	0000	0	3	1
00EC9E	0	1	06	0000	0	2	1
00ECA0	0	1	06	0000	0	2	1
00ECA2	1	1	06	0000	0	4	1
00ECA6	1	1	06	0000	0	3	1
00ECA9	1	1	06	0000	0	2	1
00ECAB	0	1	06	0000	0	3	1
00ECAE	0	1	06	0000	0	2	1
00ECB0	0	1	06	0000	0	2	1
00ECB2	1	1	06	0000	0	4	1
00ECB6	1	1	06	0000	0	3	1
00ECB9	1	1	06	0000	0	2	1
00ECBB	0	1	06	0000	0	3	1
00ECBE	0	1	06	0000	0	2	1
00ECC0	0	1	06	0000	0	2	1
00ECC2	1	1	06	0000	0	4	1
00ECC6	1	1	06	0000	0	3	1
00ECC9	1	1	06	0000	0	1	1
00ECCA	1	1	06	0000	0	2	1
00ECCC	1	1	06	0000	0	1	1
00ECCD	1	1	06	0000	0	2	1
00ECCF	1	1	06	0000	0	1	1
00ECD0	1	1	06	0000	0	2	1
00ECD2	1	1	06	0000	0	2	1
00ECD4	1	1	06	0000	0	1	1
00ECD5	1	1	06	0000	0	2	1
00ECD7	1	1	06	0000	0	1	1
00ECD8	1	1	06	0000	0	1	1
00ECD9	1	1	06	0000	0	2	1
00ECDB	1	1	06	0000	0	1	1
00ECDC	1	1	06	0000	0	1	1
00ECDD	1	1	06	0000	0	2	1
00ECDF	1	1	06	0000	0	2	1
00ECE1	1	1	06	0000	0	3	1
00ECE4	1	1	06	0000	0	2	1
00ECE6	1	1	06	0000	0	3	1
00ECE9	1	1	06	0000	0	2	1
00ECEB	1	1	06	0000	0	3	1
00ECEE	1	1	06	0000	0	2	1
00ECF0	1	1	06	0000	0	3	1
00ECF3	1	1	06	0000	0	3	1
00ECF6	1	1	06	0000	0	3	1
00ECF9	1	1	06	0000	0	3	1
00ECFC	1	1	06	0000	0	3	1
00ECFF	1	1	06	0000	0	3	1
00ED02	1	1	06	0000	0	3	1
00ED05	1	1	06	0000	0	3	1
00ED08	1	1	06	0000	0	3	1
00ED0B	1	1	06	0000	0	3	1
00ED0E	1	1	06	0000	0	3	1
00ED11	1	1	06	0000	0	3	1
00ED14	1	1	06	0000	0	3	1
00ED17	1	1	06	0000	0	2	1
00ED19	1	1	06	0000	0	3	1
00ED1C	1	1	06	0000	0	3	1
00ED1F	1	1	06	0000	0	3	1
00ED22	1	1	06	0000	0	3	1
00ED25	1	1	06	0000	0	3	1
00ED28	1	1	06	0000	0	3	1
00ED2B	1	1	06	0000	0	2	1
00ED2D	1	1	06	0000	0	1	1
00ED2E	1	1	06	0000	0	2	1
00ED30	1	1	06	0000	0	2	1
00ED32	1	1	06	0000	0	1	1
00ED33	1	1	06	0000	0	4	1
00ED37	1	1	06	0000	0	1	1
00ED38	1	1	06	0000	0	3	1
00ED3F	1	1	06	0000	0	2	1
00ED41	1	1	06	0000	0	2	1
00ED43	1	1	06	0000	0	2	1
00ED45	1	1	06	0000	0	2	1
00ED47	1	1	06	0000	0	4	1
00ED4B	1	1	06	0000	0	2	1
00ED4D	1	1	06	0000	0	4	1
00ED51	1	1	06	0000	0	1	1
00ED52	1	1	06	0000	0	2	1
00ED54	1	1	06	0000	0	2	1
00ED56	1	1	06	0000	0	2	1
00ED58	1	1	06	0000	0	2	1
00ED5A	1	1	06	0000	0	2	1
00ED5C	1	1	06	0000	0	4	1
00ED60	1	1	06	0000	0	1	1
00ED61	1	1	06	0000	0	4	1
00ED65	1	1	06	0000	0	1	1
00ED66	1	1	06	0000	0	2	1
00ED80	1	1	06	0000	0	4	1
00ED84	1	1	06	0000	0	1	1
00ED85	1	1	06	0000	0	4	1
00ED89	1	1	06	0000	0	2	1
00ED8B	1	1	06	0000	0	2	1
00ED8D	1	1	06	0000	0	2	1
00ED8F	1	1	06	0000	0	2	1
00ED91	1	1	06	0000	0	2	1
00ED93	1	1	06	0000	0	2	1
00ED95	1	1	06	0000	0	2	1
00ED97	1	1	06	0000	0	2	1
00ED99	1	1	06	0000	0	1	1
00ED9A	1	1	06	0000	0	2	1
00ED9C	1	1	06	0000	0	3	1
00ED9F	1	1	06	0000	0	2	1
00EDA1	1	1	06	0000	0	3	1
00EDA4	1	1	06	0000	0	2	1
00EDA6	1	1	06	0000	0	3	1
00EDA9	1	1	06	0000	0	2	1
00EDAB	1	1	06	0000	0	3	1
00EDAE	1	1	06	0000	0	2	1
00EDB0	1	1	06	0000	0	3	1
00EDB3	1	1	06	0000	0	2	1
00EDB5	1	1	06	0000	0	3	1
00EDB8	1	1	06	0000	0	2	1
00EDBA	1	1	06	0000	0	2	1
00EDBC	1	1	06	0000	0	1	1
00EDBD	1	1	06	0000	0	1	1
00EDBE	1	1	06	0000	0	3	1
00EDC1	1	1	06	0000	0	3	1
00EDC4	1	1	06	0000	0	1	1
00EDC5	1	1	06	0000	0	1	1
00EDC6	1	1	06	0000	0	1	1
00EDC7	1	1	06	0000	0	1	1
00EDC8	1	1	06	0000	0	2	1
00EDCA	1	1	06	0000	0	1	1
00EF41	1	1	06	0000	0	1	1
00EF42	1	1	06	0000	0	1	1
00EF43	1	1	06	0000	0	2	1
00EF45	1	1	06	0000	0	3	1
00EF48	1	1	06	0000	0	1	1
00EF49	1	1	06	1E58	0	2	1
00EF4B	1	1	06	1E58	0	3	1
00EF4E	1	1	06	1E58	0	2	1
00EF50	1	1	06	1E58	0	2	1
00EF52	1	1	06	1E58	0	3	1
00EF55	1	1	06	1E58	0	1	1
00EF56	1	1	06	0000	0	4	1
00EF5A	1	1	06	0000	0	3	1
00EF5D	1	1	06	0000	0	3	1
00EF60	1	1	06	0000	0	3	1
00EF63	1	1	06	0000	0	2	1
00EF65	1	1	06	1E58	0	3	1
00EF68	1	1	06	1E58	0	1	1
00EF69	1	1	06	0000	0	3	1
00EF6C	1	1	06	0000	0	3	1
00EF6F	1	1	06	0000	0	1	1
00EF70	1	1	06	0000	0	1	1
00EF71	1	1	06	0000	0	1	1
00EF7A	1	1	06	1E58	0	3	1
00EF7D	1	1	06	1E58	0	2	1
00EF7F	1	1	06	1E58	0	2	1
00EF81	1	1	06	1E58	0	2	1
00EF83	1	1	06	1E58	0	2	1
00EF85	1	1	06	1E58	0	2	1
00EF87	1	1	06	1E58	0	2	1
00EF89	1	1	06	1E58	0	2	1
00EF8B	1	1	06	1E58	0	3	1
00EF8E	1	1	06	1E58	0	3	1
00EF91	1	1	06	1E58	0	3	1
00EF94	1	1	06	1E58	0	2	1
00EF96	1	1	06	1E58	0	4	1
00EF9A	1	1	06	1E58	0	1	1
00EF9B	1	1	06	1E58	0	3	1
00EF9E	1	1	06	1E58	0	1	1
00EF9F	1	1	06	0000	0	2	1
00EFA1	1	1	06	0000	0	3	1
00EFA4	1	1	06	0000	0	3	1
00EFA7	1	1	06	0000	0	2	1
00EFA9	1	1	06	0000	0	3	1
00EFAC	1	1	06	0000	0	3	1
00EFAF	1	1	06	0000	0	2	1
00EFB1	1	1	06	0000	0	3	1
00EFB4	1	1	06	0000	0	3	1
00EFB7	1	1	06	0000	0	2	1
00EFB9	1	1	06	0000	0	4	1
00EFBD	1	1	06	0000	0	2	1
00EFBF	1	0	06	0000	0	3	1
00EFC2	1	0	06	0000	0	3	1
00EFC5	1	0	06	0000	0	4	1
00EFC9	1	0	06	0000	0	2	1
00EFCB	1	1	06	0000	0	1	1
00EFCC	1	1	06	1E58	0	3	1
00EFCF	1	1	06	1E58	0	1	1
00EFD0	1	1	06	1E58	0	1	1
00EFD1	1	1	06	1E58	0	3	1
00EFD4	1	1	06	1E58	0	1	1
00EFD5	1	1	06	0000	0	3	1
00EFD8	1	1	06	0000	0	3	1
00EFDB	1	1	06	0000	0	1	1
00EFDC	1	1	06	1E58	0	2	1
00EFDE	1	1	06	1E58	0	2	1
00EFE0	1	1	06	1E58	0	1	1
00EFE1	1	1	06	1E58	0	3	1
00EFE4	1	1	06	1E58	0	2	1
00EFE6	1	1	06	1E58	0	2	1
00EFE8	1	1	06	1E58	0	3	1
00EFEB	1	1	06	1E58	0	2	1
00EFED	1	1	06	1E58	0	2	1
00EFEF	1	1	06	1E58	0	2	1
00EFF1	1	1	06	1E58	0	2	1
00EFF3	1	1	06	1E58	0	1	1
00EFF4	1	1	06	1E58	0	2	1
00EFF6	1	1	06	1E58	0	3	1
00EFF9	1	1	06	1E58	0	1	1
00EFFA	1	1	06	1E58	0	3	1
00EFFD	1	1	06	1E58	0	1	1
00EFFE	1	1	06	0000	0	3	1
00F001	1	1	06	0000	0	2	1
00F003	1	1	06	0000	0	3	1
00F006	1	1	06	0000	0	3	1
00F009	1	1	06	0000	0	1	1
00F00A	1	1	06	1E58	0	2	1
00F00C	1	1	06	1E58	0	2	1
00F00E	1	1	06	1E58	0	2	1
00F010	1	1	06	1E58	0	2	1
00F012	1	1	06	1E58	0	1	1
00F013	1	1	06	1E58	0	3	1
00F016	1	1	06	1E58	0	2	1
00F018	1	1	06	1E58	0	3	1
00F01B	1	1	06	1E58	0	2	1
00F01D	1	1	06	1E58	0	2	1
00F01F	1	1	06	1E58	0	2	1
00F021	1	1	06	1E58	0	3	1
00F024	1	1	06	1E58	0	1	1
00F025	1	1	06	1E58	0	1	1
00F026	1	1	06	1E58	0	2	1
00F028	1	1	06	1E58	0	1	1
00F029	1	1	06	1E58	0	1	1
00F02A	1	1	06	1E58	0	2	1
00F02C	1	1	06	1E58	0	2	1
00F02E	1	1	06	1E58	0	2	1
00F030	1	1	06	1E58	0	2	1
00F032	1	1	06	1E58	0	2	1
00F034	1	1	06	1E58	0	2	1
00F036	1	1	06	1E58	0	2	1
00F038	1	1	06	1E58	0	2	1
00F03A	1	1	06	1E58	0	3	1
00F03D	1	1	06	1E58	0	2	1
00F03F	1	1	06	1E58	0	2	1
00F041	1	1	06	1E58	0	2	1
00F043	1	1	06	1E58	0	4	1
00F047	1	1	06	1E58	0	2	1
00F049	1	1	06	1E58	0	2	1
00F04B	1	1	06	1E58	0	3	1
00F04E	1	1	06	1E58	0	2	1
00F054	1	1	06	1E58	0	3	1
00F057	1	1	06	1E58	0	2	1
00F059	1	1	06	1E58	0	2	1
00F061	1	1	06	1E58	0	2	1
00F063	1	1	06	1E58	0	2	1
00F065	1	1	06	1E58	0	2	1
00F067	1	1	06	1E58	0	1	1
00F068	1	1	06	1E58	0	2	1
00F06A	1	1	06	1E58	0	1	1
00F06B	1	1	06	1E58	0	1	1
00F06C	1	1	06	1E58	0	2	1
00F06E	1	1	06	1E58	0	1	1
00F06F	1	1	06	1E58	0	2	1
00F071	1	1	06	1E58	0	1	1
00F072	1	1	06	1E58	0	1	1
00F073	1	1	06	1E58	0	1	1
00F074	1	1	06	1E58	0	2	1
00F076	1	1	06	1E58	0	2	1
00F078	1	1	06	1E58	0	2	1
00F07A	1	1	06	1E58	0	2	1
00F07C	1	1	06	1E58	0	1	1
00F07D	1	1	06	1E58	0	2	1
00F080	1	1	06	1E58	0	1	1
00F081	1	1	06	1E58	0	2	1
00F083	1	1	06	1E58	0	1	1
00F084	1	1	06	1E58	0	2	1
00F086	1	1	06	1E58	0	1	1
00F087	1	1	06	1E58	0	1	1
00F088	1	1	06	1E58	0	1	1
00F089	1	1	06	1E58	0	1	1
00F08A	1	1	06	1E58	0	2	1
00F08C	1	1	06	1E58	0	2	1
00F08E	1	1	06	1E58	0	2	1
00F090	1	1	06	1E58	0	2	1
00F092	1	1	06	1E58	0	1	1
00F093	1	1	06	1E58	0	2	1
00F095	1	1	06	1E58	0	1	1
00F096	1	1	06	1E58	0	1	1
00F097	1	1	06	1E58	0	2	1
00F099	1	1	06	1E58	0	1	1
00F09A	1	1	06	1E58	0	2	1
00F09C	1	1	06	1E58	0	1	1
00F09D	1	1	06	1E58	0	1	1
00F09E	1	1	06	1E58	0	1	1
00F09F	1	1	06	1E58	0	1	1
00F0A0	1	1	06	1E58	0	1	1
00F0A1	1	1	06	1E58	0	2	1
00F0A3	1	1	06	1E58	0	2	1
00F0A5	1	1	06	1E58	0	2	1
00F0A7	1	1	06	1E58	0	2	1
00F0A9	1	1	06	1E58	0	1	1
00F0AA	1	1	06	1E58	0	2	1
00F0AC	1	1	06	1E58	0	1	1
00F0AD	1	1	06	1E58	0	1	1
00F0AE	1	1	06	1E58	0	2	1
00F0B0	1	1	06	1E58	0	1	1
00F0B1	1	1	06	1E58	0	2	1
00F0B3	1	1	06	1E58	0	1	1
00F0B4	1	1	06	1E58	0	1	1
00F0B5	1	1	06	1E58	0	1	1
00F0B6	1	1	06	1E58	0	1	1
00F0B7	1	1	06	1E58	0	1	1
00F0B8	1	1	06	1E58	0	1	1
00F0B9	1	1	06	1E58	0	2	1
00F0BB	1	1	06	1E58	0	2	1
00F0BD	1	1	06	1E58	0	2	1
00F0BF	1	1	06	1E58	0	2	1
00F0C1	1	1	06	1E58	0	1	1
00F0C2	1	1	06	1E58	0	2	1
00F0C4	1	1	06	1E58	0	1	1
00F0C5	1	1	06	1E58	0	1	1
00F0C6	1	1	06	1E58	0	2	1
00F0C8	1	1	06	1E58	0	1	1
00F0C9	1	1	06	1E58	0	2	1
00F0CB	1	1	06	1E58	0	1	1
00F0CC	1	1	06	1E58	0	1	1
00F0CD	1	1	06	1E58	0	1	1
00F0CE	1	1	06	1E58	0	1	1
00F0CF	1	1	06	1E58	0	1	1
00F0D0	1	1	06	1E58	0	1	1
00F0D1	1	1	06	1E58	0	1	1
00F0D2	1	1	06	1E58	0	2	1
00F0D4	1	1	06	1E58	0	2	1
00F0D6	1	1	06	1E58	0	2	1
00F0D8	1	1	06	1E58	0	2	1
00F0DA	1	1	06	1E58	0	1	1
00F0DB	1	1	06	1E58	0	1	1
00F0DC	1	1	06	1E58	0	1	1
00F0DD	1	1	06	1E58	0	1	1
00F0DE	1	1	06	1E58	0	2	1
00F0E0	1	1	06	1E58	0	2	1
00F0E2	1	1	06	1E58	0	2	1
00F0E4	1	1	06	1E58	0	2	1
00F0E6	1	1	06	1E58	0	2	1
00F0E8	1	1	06	1E58	0	2	1
00F0EA	1	1	06	1E58	0	2	1
00F0EC	1	1	06	1E58	0	2	1
00F0EE	1	1	06	1E58	0	2	1
00F0F0	1	1	06	1E58	0	2	1
00F0F2	1	1	06	1E58	0	2	1
00F0F4	1	1	06	1E58	0	2	1
00F0F6	1	1	06	1E58	0	2	1
00F0F8	1	1	06	1E58	0	2	1
00F0FA	1	1	06	1E58	0	2	1
00F0FC	1	1	06	1E58	0	2	1
00F0FE	1	1	06	1E58	0	2	1
00F100	1	1	06	1E58	0	2	1
00F102	1	1	06	1E58	0	2	1
00F104	1	1	06	1E58	0	3	1
00F107	1	1	06	1E58	0	2	1
00F109	1	1	06	1E58	0	2	1
00F10B	1	1	06	1E58	0	3	1
00F10E	1	1	06	1E58	0	2	1
00F110	1	1	06	1E58	0	3	1
00F113	1	1	06	1E58	0	2	1
00F115	1	1	06	1E58	0	2	1
00F117	1	1	06	1E58	0	3	1
00F11A	1	1	06	1E58	0	2	1
00F11C	1	1	06	1E58	0	3	1
00F11F	1	1	06	1E58	0	2	1
00F121	1	1	06	1E58	0	2	1
00F123	1	1	06	1E58	0	3	1
00F126	1	1	06	1E58	0	2	1
00F128	1	1	06	1E58	0	3	1
00F12B	1	1	06	1E58	0	2	1
00F12D	1	1	06	1E58	0	2	1
00F12F	1	1	06	1E58	0	3	1
00F132	1	1	06	1E58	0	2	1
00F134	1	1	06	1E58	0	3	1
00F137	1	1	06	1E58	0	2	1
00F139	1	1	06	1E58	0	2	1
00F13B	1	1	06	1E58	0	3	1
00F13E	1	1	06	1E58	0	2	1
00F140	1	1	06	1E58	0	3	1
00F143	1	1	06	1E58	0	2	1
00F145	1	1	06	1E58	0	2	1
00F147	1	1	06	1E58	0	3	1
00F14A	1	1	06	1E58	0	2	1
00F14C	1	1	06	1E58	0	2	1
00F14E	1	1	06	1E58	0	2	1
00F150	1	1	06	1E58	0	1	1
00F151	1	1	06	1E58	0	1	1
00F152	1	1	06	1E58	0	1	1
00F153	1	1	06	1E58	0	1	1
00F154	1	1	06	1E58	0	1	1
00F155	1	1	06	1E58	0	2	1
00F157	1	1	06	1E58	0	1	1
00F158	1	1	06	1E58	0	3	1
00F15B	1	1	06	1E58	0	4	1
00F15F	1	1	06	1E58	0	1	1
00F160	1	1	06	1E58	0	2	1
00F162	1	1	06	1E58	0	1	1
00F342	1	1	06	1E58	0	3	1
00F345	1	1	06	1E58	0	2	1
00F347	1	1	06	1E58	0	2	1
00F34F	1	1	06	1E58	0	3	1
00F352	1	1	06	1E58	0	2	1
00F354	1	1	06	1E58	0	2	1
00F360	1	1	06	1E58	0	3	1
00F363	1	1	06	1E58	0	2	1
00F365	1	1	06	1E58	0	2	1
00F36C	1	1	06	1E58	0	3	1
00F36F	1	1	06	1E58	0	2	1
00F371	1	1	06	1E58	0	2	1
00F37D	1	1	06	1E58	0	3	1
00F380	1	1	06	1E58	0	2	1
00F382	1	1	06	1E58	0	2	1
00F38C	1	1	06	1E58	0	3	1
00F38F	1	1	06	1E58	0	2	1
00F391	1	1	06	1E58	0	2	1
00F39D	1	1	06	1E58	0	2	1
00F39F	1	1	06	1E58	0	2	1
00F3A1	1	1	06	1E58	0	2	1
00F3A3	1	1	06	1E58	0	1	1
00F418	1	1	06	0000	0	1	1
00F419	1	1	06	0000	0	1	1
00F41A	1	1	06	0000	0	2	1
00F41C	0	1	06	0000	0	3	1
00F41F	0	1	06	19D8	0	1	1
00F420	0	1	06	19F8	0	2	1
00F422	1	1	06	19F8	0	3	1
00F425	1	1	06	19F8	0	2	1
00F427	0	1	06	19F8	0	1	1
00F428	0	1	06	19F8	0	1	1
00F429	0	1	06	19F8	0	3	1
00F42C	0	1	06	19F8	0	3	1
00F42F	0	1	06	19F8	0	2	1
00F431	0	1	06	19F8	0	1	1
00F432	0	1	06	0000	0	1	1
00F433	1	1	06	0000	0	1	1
00F434	1	1	06	19F8	0	2	1
00F436	1	1	06	19F8	0	2	1
00F438	1	1	06	19F8	0	2	1
00F43A	1	1	06	19F8	0	2	1
00F43C	1	1	06	19F8	0	2	1
00F43E	1	1	06	19F8	0	2	1
00F440	1	1	06	19F8	0	2	1
00F442	0	1	06	19F8	0	1	1
00F443	0	1	06	19F8	0	1	1
00F444	0	1	06	19F8	0	3	1
00F447	0	1	06	19F8	0	1	1
00F448	0	1	06	19F8	0	1	1
00F449	0	1	06	19F8	0	1	1
00F44A	0	1	06	19F8	0	1	1
00F44B	0	1	06	19F8	0	1	1
00F44C	0	1	06	19F8	0	2	1
00F44E	1	1	06	19F8	0	2	1
00F450	1	1	06	19F8	0	2	1
00F452	1	1	06	19F8	0	2	1
00F454	1	1	06	19F8	0	2	1
00F456	1	1	06	19F8	0	1	1
00F457	1	1	06	19F8	0	2	1
00F459	1	1	06	19F8	0	2	1
00F45B	1	1	06	19F8	0	1	1
00F45C	1	1	06	19F8	0	2	1
00F45E	1	1	06	19F8	0	1	1
00F45F	1	1	06	19F8	0	3	1
00F462	1	1	06	19F8	0	2	1
00F464	1	1	06	19F8	0	2	1
00F466	1	1	06	19F8	0	2	1
00F468	1	1	06	19F8	0	3	1
00F46B	1	1	06	19F8	0	2	1
00F46D	1	1	06	19F8	0	2	1
00F46F	1	1	06	19F8	0	3	1
00F472	1	1	06	19F8	0	2	1
00F47D	1	1	06	19F8	0	2	1
00F47F	1	1	06	19F8	0	3	1
00F482	1	1	06	19F8	0	3	1
00F485	1	1	06	19F8	0	2	1
00F487	1	1	06	19F8	0	1	1
00F488	1	1	06	19F8	0	1	1
00F489	1	1	06	19F8	0	1	1
00F48A	1	1	06	19F8	0	1	1
00F48B	1	1	06	19F8	0	3	1
00F48E	1	1	06	19F8	0	1	1
00F48F	1	1	06	19F8	0	3	1
00F492	1	1	06	19F8	0	1	1
00F493	1	1	06	19F8	0	3	1
00F496	1	1	06	19F8	0	2	1
00F498	1	1	06	19F8	0	2	1
00F49A	1	1	06	19F8	0	1	1
00F49B	1	1	06	19F8	0	4	1
00F49F	1	1	06	19F8	0	4	1
00F4A3	1	1	06	19F8	0	1	1
00F4A4	1	1	06	1E58	0	1	1
00F4A5	1	1	06	1E58	0	2	1
00F4A7	1	1	06	1E58	0	2	1
00F4A9	1	1	06	1E58	0	3	1
00F4AC	1	1	06	1E58	0	2	1
00F4AE	0	1	06	1E58	0	3	1
00F4B1	0	1	06	1E58	0	1	1
00F4B2	0	1	06	1A38	0	2	1
00F4B4	1	1	06	1A38	0	2	1
00F4B6	1	1	06	1A38	0	2	1
00F4B8	1	1	06	1A38	0	2	1
00F4BA	1	1	06	1A38	0	2	1
00F4BC	1	1	06	1A38	0	2	1
00F4BE	1	1	06	1A38	0	2	1
00F4C0	1	1	06	1A38	0	2	1
00F4C2	1	1	06	1A38	0	2	1
00F4C4	0	1	06	1A38	0	3	1
00F4C7	0	1	06	1A38	0	1	1
00F4C8	0	1	06	1A58	0	2	1
00F4CA	1	1	06	1A58	0	2	1
00F4CC	1	1	06	1A58	0	2	1
00F4CE	1	1	06	1A58	0	2	1
00F4D0	1	1	06	1A58	0	2	1
00F4D2	1	1	06	1A58	0	2	1
00F4D4	1	1	06	1A58	0	2	1
00F4D6	1	1	06	1A58	0	2	1
00F4D8	1	1	06	1A58	0	1	1
00F4D9	1	1	06	1E58	0	1	1
00F4DA	1	1	06	0000	0	1	1
00F4DB	1	1	06	0000	0	2	1
00F4DD	0	1	06	0000	0	3	1
00F4E0	0	1	06	0000	0	1	1
00F4E1	0	1	06	1A38	0	2	1
00F4E3	1	1	06	1A38	0	4	1
00F4E7	1	1	06	1A38	0	2	1
00F4E9	0	1	06	1A38	0	3	1
00F4EC	0	1	06	1A38	0	1	1
00F4ED	0	1	06	1A58	0	2	1
00F4EF	1	1	06	1A58	0	4	1
00F4F3	1	1	06	1A58	0	1	1
00F4F4	1	1	06	0000	0	1	1
00F5D1	1	1	06	1518	0	4	1
00F5D5	1	1	06	1518	0	1	1
00F5D6	1	1	06	1518	0	4	1
00F5DA	1	1	06	1518	0	1	1
00F5DB	1	1	06	16F8	0	4	1
00F5DF	1	1	06	16F8	0	1	1
00F5E0	1	1	06	1518	0	4	1
00F5E4	1	1	06	1518	0	1	1
00F5E5	1	1	06	1518	0	4	1
00F5E9	1	1	06	1518	0	1	1
00F5EA	1	1	06	1518	0	4	1
00F5EE	1	1	06	1518	0	1	1
00F5EF	1	1	06	1548	0	4	1
00F5F3	1	1	06	1548	0	1	1
00F5F4	1	1	06	15D8	0	4	1
00F5F8	1	1	06	15D8	0	1	1
00F5F9	1	1	06	16C8	0	4	1
00F5FD	1	1	06	16C8	0	1	1
00F603	1	1	06	1518	0	4	1
00F607	1	1	06	1518	0	1	1
00F621	1	1	06	1548	0	4	1
00F625	1	1	06	1548	0	1	1
00F644	1	1	06	1518	0	4	1
00F648	1	1	06	1518	0	1	1
00F649	1	1	06	1518	0	4	1
00F64D	1	1	06	1518	0	1	1
00F64E	1	1	06	1518	0	4	1
00F652	1	1	06	1518	0	1	1
00F6E0	1	1	06	19B8	0	4	1
00F6E4	1	1	06	19B8	0	1	1
00F6E5	1	1	06	1838	0	4	1
00F6E9	1	1	06	1838	0	1	1
00F6EA	1	1	06	1818	0	4	1
00F6EE	1	1	06	1818	0	1	1
00F6EF	1	1	06	18B8	0	4	1
00F6F3	1	0	06	18B8	0	1	1
00F6F4	1	1	06	1958	0	4	1
00F6F8	1	1	06	1958	0	1	1
00F6FE	1	1	06	1AD8	0	4	1
00F702	1	1	06	1AD8	0	1	1
00F703	1	1	06	1818	0	4	1
00F707	1	1	06	1818	0	1	1
00F708	1	1	06	19D8	0	4	1
00F70C	1	1	06	19D8	0	1	1
00F70D	1	1	06	1CF8	0	4	1
00F711	1	1	06	1CF8	0	1	1
00F712	1	1	06	1878	0	4	1
00F716	1	1	06	1878	0	1	1
00F71C	1	1	06	1898	0	4	1
00F720	1	1	06	1898	0	1	1
00F721	1	1	06	18B8	0	4	1
00F725	1	1	06	1898	0	1	1
00F72B	1	1	06	1838	0	4	1
00F72F	1	1	06	1838	0	1	1
00F735	1	1	06	1818	0	4	1
00F739	1	1	06	1818	0	1	1
00F73B	1	1	06	1898	0	4	1
00F73F	1	1	06	1898	0	1	1
00F740	1	1	06	1938	0	4	1
00F744	1	1	06	1938	0	1	1
00F754	1	1	06	1878	0	4	1
00F758	1	1	06	1878	0	1	1
00F768	1	1	06	18B8	0	4	1
00F76C	1	1	06	18B8	0	1	1
00F76D	1	1	06	1898	0	4	1
00F771	1	1	06	1898	0	1	1
00F772	1	1	06	1838	0	4	1
00F776	1	1	06	1838	0	1	1
00F77C	1	1	06	1838	0	4	1
00F780	1	1	06	1838	0	1	1
00F790	1	1	06	1958	0	4	1
00F794	1	1	06	1958	0	1	1
00F7A9	1	1	06	1858	0	4	1
00F7AD	1	1	06	1858	0	1	1
00F7AE	1	1	06	1A58	0	4	1
00F7B2	1	1	06	1A58	0	1	1
00F7CC	1	1	06	1918	0	4	1
00F7D0	1	1	06	1918	0	1	1
00F7D6	1	1	06	18F8	0	4	1
00F7DA	1	1	06	18F8	0	1	1
00F7FE	1	1	06	1818	0	4	1
00F802	1	0	06	1818	0	1	1
00F808	1	1	06	1818	0	4	1
00F80C	1	1	06	1818	0	1	1
00F821	1	1	06	19F8	0	4	1
00F825	1	1	06	19F8	0	1	1
00F826	1	1	06	1818	0	4	1
00F82A	1	1	06	1818	0	1	1
00F87E	1	1	06	1D38	0	4	1
00F882	1	1	06	1D38	0	1	1
00F88D	1	1	06	1D88	0	4	1
00F891	1	1	06	1D88	0	1	1
00F897	1	1	06	1D18	0	4	1
00F89B	1	1	06	1D18	0	1	1
00F89C	1	1	06	1D28	0	4	1
00F8A0	1	1	06	1D28	0	1	1
00F8A1	1	1	06	1D38	0	4	1
00F8A5	1	0	06	1D38	0	1	1
00F8B1	1	1	06	1D18	0	4	1
00F8B5	1	1	06	1D18	0	1	1
00F8B6	1	1	06	1D38	0	4	1
00F8BA	1	1	06	1D38	0	1	1
00F8DF	1	1	06	1D18	0	4	1
00F8E3	1	1	06	1D18	0	1	1
00F8E4	1	1	06	1D28	0	4	1
00F8E8	1	1	06	1D28	0	1	1
00F8E9	1	1	06	1D18	0	4	1
00F8ED	1	1	06	1D18	0	1	1
00F8EE	1	1	06	1D48	0	4	1
00F8F2	1	1	06	1D48	0	1	1
00F8F3	1	1	06	1D18	0	4	1
00F8F7	1	1	06	1D18	0	1	1
00F8F8	1	1	06	1D48	0	4	1
00F8FC	1	1	06	1D48	0	1	1
00F902	1	1	06	1D38	0	4	1
00F906	1	1	06	1D38	0	1	1
00F959	1	1	06	1118	0	4	1
00F95D	1	1	06	1118	0	1	1
00F95E	1	1	06	10D8	0	4	1
00F962	1	1	06	10D8	0	1	1
00F968	1	1	06	1118	0	4	1
00F96C	1	1	06	1118	0	1	1
00F977	1	1	06	10D8	0	4	1
00F97B	1	1	06	10D8	0	1	1
00FA05	1	1	06	0B48	0	4	1
00FA09	1	1	06	0B48	0	1	1
00FA9D	1	1	06	1318	0	4	1
00FAA1	1	1	06	1318	0	1	1
00FAB1	1	1	06	13D8	0	4	1
00FAB5	1	1	06	13D8	0	1	1
00FAC0	1	1	06	1358	0	4	1
00FAC4	1	1	06	1358	0	1	1
00FAE8	1	1	06	1318	0	4	1
00FAEC	1	1	06	1318	0	1	1
00FB15	1	1	06	1318	0	4	1
00FB19	1	0	06	1318	0	1	1
00FB65	1	1	06	1358	0	4	1
00FB69	1	1	06	1358	0	1	1
00FC6A	1	1	06	0D58	0	1	1
00FC70	1	1	06	0D98	0	4	1
00FC74	1	1	06	0D98	0	1	1
00FC76	1	1	06	0DD8	0	4	1
00FC7A	1	1	06	0DD8	0	1	1
00FC7B	1	1	06	0E58	0	4	1
00FC7F	1	1	06	0E58	0	1	1
00FC80	1	1	06	0E58	0	4	1
00FC84	1	1	06	0E58	0	1	1
00FC85	1	1	06	0E98	0	4	1
00FC89	1	1	06	0E98	0	1	1
00FC8F	1	1	06	0D58	0	4	1
00FC93	1	1	06	0D58	0	1	1
00FC94	1	1	06	0ED8	0	4	1
00FC98	1	1	06	0ED8	0	1	1
00FC9E	1	1	06	0D18	0	4	1
00FCA2	1	1	06	0D18	0	1	1
00FCA4	1	1	06	0E98	0	4	1
00FCA8	1	1	06	0E98	0	1	1
00FCA9	1	1	06	0F18	0	4	1
00FCAD	1	1	06	0F18	0	1	1
00FCBD	1	1	06	0ED8	0	4	1
00FCC1	1	1	06	0ED8	0	1	1
00FCD1	1	1	06	0E58	0	4	1
00FCD5	1	0	06	0E58	0	1	1
00FCD6	1	1	06	0E98	0	4	1
00FCDA	1	1	06	0E98	0	1	1
00FCE0	1	1	06	0E18	0	4	1
00FCE4	1	1	06	0E18	0	1	1
00FCE5	1	1	06	0D58	0	4	1
00FCE9	1	1	06	0D58	0	1	1
00FCEA	1	1	06	0FD8	0	4	1
00FCEE	1	1	06	0FD8	0	1	1
00FCFE	1	1	06	0D18	0	4	1
00FD02	1	1	06	0D18	0	1	1
00FD03	1	1	06	0D18	0	4	1
00FD07	1	1	06	0D18	0	1	1
00FD0D	1	1	06	0D18	0	4	1
00FD11	1	1	06	0D18	0	1	1
00FD12	1	1	06	0E18	0	4	1
00FD16	1	1	06	0E18	0	1	1
00FD1D	1	1	06	0E58	0	4	1
00FD21	1	1	06	0E58	0	1	1
00FD22	1	1	06	0E58	0	4	1
00FD26	1	1	06	0E58	0	1	1
00FD31	1	1	06	0DD8	0	4	1
00FD35	1	1	06	0DD8	0	1	1
00FD36	1	1	06	0D58	0	4	1
00FD3A	1	1	06	0D58	0	1	1
00FE21	1	1	06	0E18	0	4	1
00FE25	1	1	06	0E18	0	1	1
00FE5E	1	1	06	0E58	0	4	1
00FE62	1	1	06	0E58	0	1	1
00FE6D	1	1	06	0D18	0	4	1
00FE71	1	1	06	0D18	0	1	1
00FE72	1	1	06	0D18	0	4	1
00FE76	1	1	06	0D18	0	1	1
018000	0	0	06	1818	0	1	1
018001	0	0	06	1818	0	1	1
018002	0	0	06	1818	0	2	1
018004	1	0	06	1818	0	2	1
018006	1	0	06	1818	0	3	1
018009	1	0	06	1818	0	3	1
01800C	1	0	06	1818	0	3	1
01800F	1	0	06	1818	0	2	1
018011	1	0	06	1E58	0	1	1
018012	1	0	06	1E58	0	1	1
018013	1	0	06	1E58	0	2	1
018015	1	0	06	1E58	0	2	1
018017	1	0	06	1E58	0	3	1
01801A	1	0	06	1E58	0	3	1
01801D	1	0	06	1818	0	3	1
018020	1	0	06	1818	0	1	1
018021	1	0	06	0000	0	3	1
018024	1	0	06	0000	0	2	1
018026	1	0	06	0000	0	3	1
018029	1	0	06	0000	0	2	1
01802B	1	0	06	0000	0	2	1
01802D	1	0	06	0000	0	2	1
01802F	1	0	06	0000	0	2	1
018031	0	0	06	0000	0	2	1
018033	1	1	06	0000	0	2	1
018035	1	1	06	0000	0	2	1
018037	1	1	06	0000	0	2	1
018039	1	1	06	0000	0	2	1
01803B	1	1	06	0000	0	1	1
01803C	1	1	06	0000	0	2	1
01803E	0	0	06	0000	0	2	1
018040	0	0	06	0000	0	2	1
018042	0	0	06	0000	0	1	1
018043	0	0	06	0000	0	1	1
018044	0	0	06	0000	0	2	1
018046	0	0	06	0000	0	3	1
018049	0	0	06	0000	0	1	1
01804A	0	0	06	0000	0	1	1
01804B	0	0	06	0000	0	2	1
01804D	0	0	06	0000	0	1	1
01804E	0	0	06	0000	0	2	1
018050	0	0	06	0000	0	3	1
018053	0	0	06	0000	0	2	1
018055	0	0	06	0000	0	3	1
018058	0	0	06	0000	0	2	1
01805A	0	0	06	0000	0	3	1
01805D	0	0	06	0000	0	1	1
01805E	0	0	06	0000	0	1	1
01805F	0	0	06	0000	0	1	1
018060	0	0	06	0000	0	1	1
018061	0	0	06	0000	0	2	1
018063	0	0	06	0000	0	2	1
018065	0	0	06	0000	0	2	1
018067	1	1	06	0000	0	2	1
018069	1	1	06	0000	0	2	1
01806B	1	1	06	0000	0	1	1
01806C	1	1	06	1818	0	1	1
01806D	0	0	06	1818	0	1	1
018098	1	1	06	0D18	0	2	1
01809A	1	1	06	0D18	0	2	1
01809C	1	0	06	0D18	0	2	1
01809E	1	0	06	0D18	0	2	1
0180A0	1	0	06	0D18	0	4	1
0180A4	1	0	06	0D18	0	3	1
0180A7	1	0	06	0D18	0	2	1
0180A9	1	0	06	0D18	0	3	1
0180AC	1	0	06	0D18	0	2	1
0180AE	1	0	06	0D18	0	3	1
0180B1	1	0	06	0D18	0	3	1
0180B4	1	0	06	0D18	0	3	1
0180B7	1	0	06	0D18	0	3	1
0180BA	1	0	06	0D18	0	2	1
0180BC	0	0	06	0D18	0	1	1
0180BD	0	0	06	0D18	0	2	1
0180BF	0	0	06	0D18	0	1	1
0180C0	0	0	06	0D18	0	3	1
0180C3	0	0	06	0D18	0	1	1
0180C4	0	0	06	0D18	0	1	1
0180C5	0	0	06	0D18	0	2	1
0180C7	0	0	06	0D18	0	2	1
0180C9	1	0	06	0D18	0	2	1
0180CB	1	0	06	0D18	0	2	1
0180CD	1	0	06	0D18	0	2	1
0180CF	1	1	06	0D18	0	1	1
0180D0	1	1	06	0D18	0	2	1
0180D2	1	1	06	0D18	0	2	1
0180D4	1	0	06	0D18	0	4	1
0180D8	1	0	06	0D18	0	3	1
0180DB	1	0	06	0D18	0	2	1
0180DD	1	0	06	0D18	0	3	1
0180E0	1	0	06	0D18	0	2	1
0180E2	1	0	06	0D18	0	3	1
0180E5	1	0	06	0D18	0	2	1
0180E7	1	0	06	0D18	0	2	1
0180E9	1	0	06	0D18	0	3	1
0180EC	1	0	06	0D18	0	3	1
0180EF	1	0	06	0D18	0	2	1
0180F1	1	0	06	0D18	0	3	1
0180F4	1	0	06	0D18	0	3	1
0180F7	1	0	06	0D18	0	2	1
0180F9	0	0	06	0D18	0	2	1
0180FB	0	0	06	0D18	0	3	1
0180FE	0	0	06	0D18	0	2	1
018100	0	0	06	0D18	0	3	1
018103	0	0	06	0D18	0	2	1
018105	1	0	06	0D18	0	2	1
018107	1	0	06	0D18	0	1	1
018108	1	1	06	0D18	0	2	1
01810A	0	0	06	0D18	0	2	1
01810C	0	0	06	0D18	0	3	1
01810F	0	0	06	0D18	0	3	1
018112	0	0	06	0D18	0	2	1
018114	1	1	06	0D18	0	1	1
018115	1	1	06	0D18	0	2	1
018117	1	1	06	0D18	0	2	1
018119	1	1	06	0D18	0	3	1
01811C	1	1	06	0D18	0	1	1
01811D	1	1	06	0D18	0	2	1
01811F	1	1	06	0D18	0	3	1
018122	1	1	06	0D18	0	1	1
018123	1	1	06	0D18	0	2	1
018125	0	0	06	0D18	0	1	1
018126	0	0	06	0D18	0	3	1
018129	0	0	06	0D18	0	3	1
01812C	0	0	06	0D18	0	3	1
01812F	0	0	00	0D18	0	3	1
018132	0	0	00	0D18	0	1	1
018133	0	0	06	0D18	0	2	1
018135	1	1	06	0D18	0	3	1
018138	1	1	06	0D18	0	1	1
018139	1	1	06	0D18	0	2	1
01813B	1	1	06	0D18	0	3	1
01813E	1	1	06	0D18	0	3	1
018141	1	1	06	0D18	0	3	1
018144	1	1	06	0D18	0	1	1
01815C	1	1	06	0D18	0	2	1
01815E	0	1	06	0D18	0	3	1
018161	0	1	06	0D18	0	2	1
018163	0	1	06	0D18	0	2	1
018165	0	1	06	0D18	0	2	1
018167	0	1	06	0D18	0	3	1
01816A	0	1	06	0D18	0	2	1
01816C	0	1	06	0D18	0	3	1
01816F	0	1	06	0D18	0	3	1
018172	0	1	06	0D18	0	2	1
018174	1	1	06	0D18	0	2	1
018176	1	1	06	0D18	0	4	1
01817A	1	1	06	0E58	0	2	1
01817C	1	1	06	0E58	0	3	1
01817F	1	1	06	0E58	0	2	1
018181	1	1	06	0E58	0	2	1
018183	1	1	06	0E58	0	4	1
018187	1	1	06	0E58	0	4	1
01818F	1	1	06	0E58	0	2	1
018191	1	1	06	0E58	0	2	1
018193	1	1	06	0E58	0	2	1
018195	1	1	06	0E58	0	1	1
018196	1	1	06	0E58	0	1	1
018197	1	1	06	0E58	0	1	1
018198	1	1	06	0E58	0	2	1
01819A	1	1	06	0E58	0	1	1
01819B	1	1	06	0E58	0	3	1
01819E	1	1	06	0E58	0	2	1
0181A0	1	1	06	0E58	0	2	1
0181A2	0	1	06	0E58	0	3	1
0181A5	0	1	06	0E58	0	2	1
0181A7	0	1	06	0E58	0	3	1
0181AA	0	1	06	0E58	0	2	1
0181AC	0	1	06	0E58	0	3	1
0181AF	0	1	06	0E58	0	2	1
0181B1	0	1	06	0E58	0	2	1
0181B3	1	1	06	0E58	0	2	1
0181B5	1	1	06	0E58	0	2	1
0181B7	1	1	06	0E58	0	2	1
0181B9	1	1	06	0E58	0	2	1
0181BB	1	1	06	0E58	0	2	1
0181BD	1	1	06	0E58	0	1	1
0181BE	1	1	06	0E58	0	2	1
0181C0	1	1	06	0E58	0	2	1
0181C2	1	1	06	0E58	0	2	1
0181C4	1	1	06	0E58	0	2	1
0181C6	1	1	06	0E58	0	1	1
0181C7	1	1	06	0E58	0	2	1
0181C9	1	1	06	0E58	0	3	1
0181D2	1	1	06	0D98	0	2	1
0181D4	1	1	06	0D98	0	2	1
0181D6	1	1	06	0D98	0	1	1
0181D7	1	1	06	0D98	0	2	1
0181D9	1	1	06	0D98	0	4	1
0181DD	1	1	06	0D98	0	1	1
0181DE	1	1	06	0D98	0	2	1
0181E0	1	1	06	0D98	0	4	1
0181E4	1	1	06	0D98	0	2	1
0181E6	1	1	06	0D98	0	2	1
0181E8	1	1	06	0D98	0	1	1
0181E9	1	1	06	0E58	0	3	1
0181EC	1	1	06	0E58	0	2	1
0181EE	1	1	06	0E58	0	4	1
0181F2	1	1	06	0E58	0	1	1
0181F3	1	1	06	0E58	0	2	1
0181F5	1	1	06	0E58	0	2	1
0181F7	1	1	06	0E58	0	2	1
0181F9	1	1	06	0E58	0	4	1
0181FD	1	1	06	0E58	0	1	1
0181FE	1	1	06	0E58	0	2	1
018200	1	1	06	0E58	0	2	1
018202	1	1	06	0E18	0	4	1
018206	1	1	06	0E58	0	4	1
01820A	1	1	06	0E58	0	1	1
01820B	0	0	06	0000	0	3	1
01820E	0	0	06	0000	0	1	1
01820F	0	0	06	0000	0	1	1
018210	0	0	06	0000	0	1	1
018211	0	0	06	0000	0	2	1
018213	0	0	06	0000	0	3	1
018216	0	0	06	0000	0	1	1
018217	0	0	06	0000	0	2	1
018219	1	1	06	0000	0	3	1
01821C	1	1	06	0000	0	2	1
01821E	1	1	06	0000	0	3	1
018221	1	1	06	0000	0	2	1
018223	1	1	06	0000	0	2	1
018225	1	1	06	0000	0	2	1
018227	1	1	06	0000	0	2	1
018229	1	1	06	0000	0	1	1
01822A	1	1	06	0000	0	2	1
01822C	1	1	06	0000	0	2	1
01822E	1	1	06	0000	0	1	1
01822F	1	1	06	0000	0	2	1
018231	1	1	06	0000	0	2	1
018233	1	1	06	0000	0	1	1
018234	1	1	06	0000	0	2	1
018236	1	1	06	0000	0	2	1
018238	1	1	06	0000	0	1	1
018239	1	1	06	0000	0	2	1
01823B	1	1	06	0000	0	2	1
01823D	1	1	06	0000	0	2	1
01823F	1	1	06	0000	0	1	1
018240	1	1	06	0000	0	2	1
018242	1	1	06	0000	0	1	1
018243	1	1	06	0000	0	2	1
01824D	1	1	06	0000	0	2	1
01824F	1	1	06	0000	0	2	1
018251	1	1	06	0000	0	2	1
018253	1	1	06	0000	0	1	1
018254	0	0	06	0000	0	1	1
018255	0	0	06	0000	0	1	1
0185B6	1	1	06	1118	0	2	1
0185B8	1	1	06	1118	0	3	1
0185BB	1	1	06	1118	0	1	1
0185C6	1	1	06	1118	0	3	1
0185C9	1	1	06	1118	0	2	1
0185CB	0	1	06	1118	0	3	1
0185CE	0	1	06	1118	0	2	1
0185D0	0	1	06	1118	0	2	1
0185D2	0	1	06	10D8	0	3	1
0185D5	0	1	06	1118	0	2	1
0185D7	0	1	06	1118	0	2	1
0185D9	0	1	06	1118	0	3	1
0185DC	0	1	06	1118	0	2	1
0185DE	0	1	06	1118	0	2	1
0185E0	1	1	06	1118	0	2	1
0185E2	1	1	06	1118	0	2	1
0185E4	1	1	06	1118	0	2	1
0185E6	1	1	06	1118	0	2	1
0185E8	1	1	06	1118	0	4	1
0185EC	1	1	06	1118	0	2	1
0185EE	1	1	06	1118	0	2	1
0185F0	1	1	06	1118	0	2	1
0185F2	1	1	06	1118	0	4	1
0185F6	1	1	06	1118	0	1	1
0185F7	1	1	06	1158	0	2	1
0185F9	1	1	06	1158	0	2	1
0185FB	1	1	06	10D8	0	4	1
0185FF	1	1	06	10D8	0	2	1
018601	0	1	06	10D8	0	3	1
018604	0	1	06	10D8	0	2	1
018606	0	1	06	10D8	0	2	1
018608	0	1	06	1158	0	2	1
01860A	0	1	06	10D8	0	2	1
01860C	1	1	06	10D8	0	2	1
01860E	1	1	06	1158	0	4	1
018612	1	1	06	1158	0	2	1
018614	0	1	06	1158	0	3	1
018617	0	1	06	1158	0	2	1
018619	0	1	06	1158	0	2	1
01861B	0	1	06	10D8	0	2	1
01861D	0	1	06	1158	0	2	1
01861F	1	1	06	1158	0	4	1
018623	1	1	06	1158	0	2	1
018625	1	1	06	1158	0	2	1
018627	1	1	06	1158	0	4	1
01862B	1	1	06	1158	0	1	1
01862C	1	1	06	1158	0	2	1
01862E	0	1	06	1158	0	2	1
018630	0	1	06	1158	0	3	1
018633	0	1	06	1158	0	1	1
018634	0	1	06	1158	0	2	1
018636	0	1	06	1158	0	3	1
018639	0	1	06	1158	0	2	1
01863B	0	1	06	1158	0	2	1
01863D	0	1	06	1158	0	2	1
01863F	1	1	06	1158	0	4	1
018643	1	1	06	1158	0	2	1
018645	1	1	06	1158	0	2	1
018647	1	1	06	1158	0	2	1
018649	1	1	06	1158	0	1	1
01864A	1	1	06	1118	0	2	1
01864C	1	1	06	1118	0	4	1
018650	1	1	06	1118	0	3	1
018653	1	1	06	1118	0	4	1
018657	1	1	06	1118	0	1	1
018658	1	1	06	10D8	0	2	1
01865A	1	1	06	10D8	0	3	1
01865D	1	1	06	10D8	0	4	1
018661	1	1	06	10D8	0	1	1
01866C	1	1	06	10D8	0	3	1
01866F	1	1	06	10D8	0	3	1
018672	1	1	06	10D8	0	2	1
018674	1	1	06	10D8	0	2	1
018676	1	1	06	10D8	0	2	1
018678	0	1	06	10D8	0	3	1
01867B	0	1	06	10D8	0	3	1
01867E	0	1	06	10D8	0	2	1
018680	0	1	06	10D8	0	3	1
018683	0	1	06	10D8	0	2	1
018685	0	1	06	10D8	0	3	1
018688	0	1	06	10D8	0	2	1
01868A	0	1	06	10D8	0	3	1
01868D	0	1	06	10D8	0	2	1
01868F	0	1	06	10D8	0	2	1
018691	0	1	06	10D8	0	3	1
018694	0	1	06	10D8	0	2	1
018696	0	1	06	10D8	0	2	1
018698	0	1	06	10D8	0	2	1
01869A	1	1	06	10D8	0	4	1
01869E	1	1	06	10D8	0	2	1
0186A0	1	1	06	10D8	0	2	1
0186A2	1	1	06	10D8	0	2	1
0186A4	1	1	06	10D8	0	4	1
0186A8	1	1	06	10D8	0	1	1
0186A9	1	1	06	10D8	0	2	1
0186AB	1	1	06	10D8	0	2	1
0186AD	1	1	06	10D8	0	2	1
0186AF	1	1	06	10D8	0	3	1
0186B2	1	1	06	10D8	0	4	1
0186B6	1	1	06	10D8	0	2	1
0186B8	1	1	06	10D8	0	2	1
0186BA	1	1	06	10D8	0	2	1
0186BC	1	1	06	10D8	0	2	1
0186BE	1	1	06	10D8	0	2	1
0186C0	1	1	06	10D8	0	2	1
0186C2	1	1	06	10D8	0	2	1
0186C4	1	1	06	10D8	0	1	1
0186C9	1	1	06	10D8	0	2	1
0186CB	1	1	06	10D8	0	2	1
0186CD	1	1	06	10D8	0	2	1
0186CF	1	1	06	10D8	0	2	1
0186D1	1	1	06	10D8	0	4	1
0186D5	1	1	06	10D8	0	2	1
0186D7	1	1	06	10D8	0	2	1
0186D9	1	1	06	10D8	0	2	1
0186DB	1	1	06	10D8	0	2	1
0186DD	1	1	06	10D8	0	2	1
0186DF	1	1	06	10D8	0	4	1
0186E3	1	1	06	10D8	0	3	1
0186E6	1	1	06	10D8	0	2	1
0186E8	0	1	06	10D8	0	2	1
0186EA	0	1	06	10D8	0	3	1
0186ED	0	1	06	10D8	0	1	1
0186EE	0	1	06	10D8	0	3	1
0186F1	0	1	06	10D8	0	2	1
0186F3	0	1	06	10D8	0	2	1
0186F5	1	1	06	10D8	0	1	1
0186F6	1	1	06	10D8	0	2	1
0186F8	1	1	06	10D8	0	2	1
0186FA	1	1	06	10D8	0	2	1
0186FC	1	1	06	10D8	0	2	1
0186FE	0	1	06	10D8	0	3	1
018701	0	1	06	10D8	0	2	1
018703	0	1	06	10D8	0	2	1
018705	1	1	06	10D8	0	2	1
018707	1	1	06	10D8	0	4	1
01870B	1	1	06	10D8	0	4	1
01870F	1	1	06	10D8	0	4	1
018713	1	1	06	10D8	0	1	1
018714	1	1	06	1118	0	2	1
018716	1	1	06	1118	0	3	1
018719	1	1	06	1118	0	4	1
01871D	1	1	06	1118	0	1	1
018722	1	1	06	1118	0	2	1
018724	0	0	06	1118	0	2	1
018726	0	0	06	1118	0	2	1
018728	0	0	06	1118	0	2	1
01872A	0	0	06	1118	0	2	1
01872C	0	0	06	1118	0	2	1
01872E	1	1	06	1118	0	2	1
018730	1	1	06	1118	0	2	1
018732	1	1	06	1118	0	2	1
018734	1	1	06	1118	0	2	1
018736	1	1	06	1118	0	4	1
01873A	1	1	06	1118	0	1	1
01873B	1	1	06	1118	0	2	1
01873D	1	1	06	1118	0	2	1
01873F	1	1	06	1118	0	2	1
018741	1	1	06	1118	0	2	1
018743	1	1	06	1118	0	2	1
018745	1	1	06	1118	0	2	1
018747	1	1	06	1118	0	1	1
018748	1	1	06	1118	0	4	1
01874C	1	1	06	1118	0	1	1
01874D	1	1	06	10D8	0	2	1
01874F	1	1	06	10D8	0	3	1
018758	1	1	06	10D8	0	2	1
01875A	0	0	06	10D8	0	2	1
01875C	0	0	06	10D8	0	2	1
01875E	0	0	06	10D8	0	2	1
018760	0	0	06	10D8	0	2	1
018762	0	0	06	10D8	0	2	1
018764	1	1	06	10D8	0	2	1
018766	1	1	06	10D8	0	2	1
018768	1	1	06	10D8	0	2	1
01876A	1	1	06	10D8	0	4	1
01876E	1	1	06	10D8	0	2	1
018770	1	1	06	10D8	0	4	1
018774	1	1	06	10D8	0	1	1
018775	1	1	06	10D8	0	2	1
018777	1	1	06	10D8	0	2	1
018779	1	1	06	10D8	0	2	1
01877B	1	1	06	10D8	0	2	1
01877D	1	1	06	10D8	0	4	1
018781	1	1	06	10D8	0	4	1
018785	1	1	06	10D8	0	1	1
018786	1	1	06	10D8	0	3	1
018789	1	1	06	10D8	0	3	1
01878C	1	1	06	10D8	0	4	1
018790	1	1	06	10D8	0	1	1
01884B	1	1	06	10D8	0	2	1
01884D	1	1	06	10D8	0	3	1
018850	1	1	06	10D8	0	1	1
01885B	1	1	06	10D8	0	3	1
01885E	1	1	06	10D8	0	3	1
018861	1	1	06	10D8	0	2	1
018863	0	1	06	10D8	0	3	1
018866	0	1	06	10D8	0	2	1
018868	0	1	06	10D8	0	2	1
01886D	0	1	06	10D8	0	2	1
01886F	0	1	06	10D8	0	2	1
018871	0	1	06	10D8	0	3	1
018874	0	1	06	10D8	0	2	1
018876	0	1	06	10D8	0	2	1
018878	1	1	06	10D8	0	2	1
01887A	1	1	06	10D8	0	2	1
01887C	1	1	06	10D8	0	4	1
018880	1	1	06	10D8	0	2	1
018882	1	1	06	10D8	0	2	1
018884	1	1	06	10D8	0	2	1
018886	1	1	06	10D8	0	4	1
01888A	1	1	06	10D8	0	1	1
01888B	1	1	06	10D8	0	4	1
01888F	1	1	06	10D8	0	4	1
018893	1	1	06	10D8	0	2	1
018895	1	1	06	10D8	0	2	1
018897	1	1	06	10D8	0	4	1
01889B	1	1	06	10D8	0	1	1
0188C2	1	1	06	10D8	0	3	1
0188C5	1	1	06	10D8	0	3	1
0188C8	1	1	06	10D8	0	4	1
0188CC	1	1	06	10D8	0	1	1
0188CD	1	1	06	1118	0	2	1
0188CF	1	1	06	1118	0	2	1
0188D1	1	1	06	1118	0	2	1
0188D3	1	1	06	1118	0	2	1
0188D5	1	1	06	1118	0	2	1
0188D7	1	1	06	1118	0	2	1
0188D9	1	1	06	10D8	0	2	1
0188DB	1	1	06	1118	0	3	1
0188DE	1	1	06	1118	0	3	1
0188E1	1	1	06	1118	0	3	1
0188E4	1	1	06	1118	0	2	1
0188E6	1	1	06	1118	0	3	1
0188E9	1	1	06	1118	0	2	1
0188EB	1	1	06	1118	0	2	1
0188ED	1	1	06	1118	0	2	1
0188EF	1	1	06	1118	0	3	1
0188F2	1	1	06	1118	0	3	1
0188F5	1	1	06	1118	0	3	1
0188F8	1	1	06	1118	0	3	1
0188FB	1	1	06	1118	0	3	1
0188FE	1	1	06	1118	0	3	1
018901	1	1	06	1118	0	2	1
018903	1	1	06	1118	0	3	1
018906	1	1	06	1118	0	2	1
018908	0	1	06	1118	0	3	1
01890B	0	1	06	1118	0	2	1
01890D	0	1	06	1118	0	2	1
01890F	0	1	06	10D8	0	3	1
018912	0	1	06	10D8	0	1	1
018913	0	1	06	1118	0	1	1
018914	0	1	06	1118	0	3	1
018917	0	1	06	1118	0	2	1
018919	0	1	06	1118	0	2	1
01891B	0	1	06	1118	0	2	1
01891D	0	1	06	1118	0	2	1
01891F	0	1	06	1118	0	3	1
018922	0	1	06	1118	0	1	1
018923	0	1	06	1118	0	3	1
018926	0	1	06	1118	0	2	1
018928	0	1	06	1118	0	2	1
01892A	1	1	06	1118	0	1	1
01892B	1	1	06	1118	0	2	1
01892D	1	1	06	1118	0	3	1
018930	1	1	06	1118	0	3	1
018933	1	1	06	1118	0	3	1
018936	1	1	06	1118	0	3	1
018939	1	1	06	1118	0	3	1
01893C	1	1	06	1118	0	3	1
01893F	1	1	06	1118	0	2	1
018941	1	1	06	1118	0	3	1
018944	1	1	06	1118	0	2	1
018946	0	1	06	1118	0	3	1
018949	0	1	06	1118	0	2	1
01894B	0	1	06	1118	0	2	1
01894D	0	1	06	1118	0	3	1
018950	0	1	06	1118	0	1	1
018951	0	1	06	1118	0	1	1
018952	0	1	06	1118	0	3	1
018955	0	1	06	1118	0	2	1
018957	0	1	06	1118	0	3	1
01895A	0	1	06	1118	0	1	1
01895B	0	1	06	1118	0	3	1
01895E	0	1	06	1118	0	2	1
018960	0	1	06	1118	0	2	1
018962	1	1	06	1118	0	1	1
018A95	1	1	06	1818	0	4	1
018A99	1	1	06	1818	0	2	1
018A9B	1	1	06	1818	0	4	1
018A9F	1	1	06	1818	0	1	1
018AC7	1	1	06	1118	0	2	1
018AC9	1	1	06	1118	0	3	1
018ACC	1	1	06	1118	0	1	1
018AD7	1	1	06	1118	0	2	1
018AD9	1	1	06	1118	0	2	1
018ADB	1	1	06	1118	0	2	1
018ADD	1	1	06	1118	0	3	1
018AE0	1	1	06	1118	0	2	1
018AE2	1	1	06	1118	0	2	1
018AE4	1	1	06	1118	0	3	1
018AE7	1	1	06	1118	0	2	1
018AE9	1	1	06	1118	0	2	1
018AEB	1	1	06	1118	0	2	1
018AED	1	1	06	1118	0	4	1
018AF1	1	1	06	1118	0	2	1
018AF3	1	1	06	1118	0	2	1
018AF5	1	1	06	1118	0	2	1
018AF7	1	1	06	1118	0	2	1
018AF9	1	1	06	1118	0	2	1
018AFB	1	1	06	1118	0	2	1
018AFD	1	1	06	1118	0	1	1
018AFE	1	1	06	10D8	0	2	1
018B00	1	1	06	10D8	0	2	1
018B02	1	1	06	10D8	0	2	1
018B04	1	1	06	1118	0	2	1
018B06	1	1	06	1118	0	3	1
018B09	1	1	06	1118	0	4	1
018B0D	1	1	06	1118	0	4	1
018B11	1	1	06	1118	0	2	1
018B13	1	1	06	1118	0	2	1
018B15	1	1	06	10D8	0	2	1
018B17	1	1	06	10D8	0	2	1
018B19	1	1	06	10D8	0	2	1
018B1B	1	1	06	10D8	0	2	1
018B1D	1	1	06	10D8	0	2	1
018B1F	1	1	06	1118	0	3	1
018B26	1	1	06	1118	0	2	1
018B28	1	1	06	1118	0	2	1
018B2A	1	1	06	1118	0	2	1
018B2C	1	1	06	1118	0	2	1
018B2E	1	1	06	1118	0	2	1
018B30	1	1	06	1118	0	4	1
018B34	1	1	06	1118	0	2	1
018B36	1	1	06	1118	0	2	1
018B38	1	1	06	1118	0	2	1
018B3A	1	1	06	1118	0	2	1
018B3C	1	1	06	1118	0	2	1
018B3E	1	1	06	1118	0	4	1
018B42	1	1	06	1118	0	3	1
018B45	1	1	06	1118	0	2	1
018B47	1	1	06	1118	0	2	1
018B49	1	1	06	1118	0	2	1
018B4B	1	1	06	1118	0	2	1
018B4D	1	1	06	1118	0	2	1
018B4F	0	1	06	1118	0	3	1
018B52	0	1	06	1118	0	2	1
018B54	0	1	06	1118	0	2	1
018B56	0	1	06	1118	0	3	1
018B59	0	1	06	1118	0	2	1
018B5B	0	1	06	1118	0	2	1
018B5D	1	1	06	1118	0	2	1
018B5F	1	1	06	1118	0	4	1
018B63	1	1	06	1118	0	1	1
018B64	1	1	06	1118	0	4	1
018B68	1	1	06	1118	0	4	1
018B6C	1	1	06	1118	0	1	1
018B6D	1	1	06	1118	0	2	1
018B6F	1	1	06	1118	0	3	1
018B78	1	1	06	10D8	0	2	1
018B7A	0	0	06	10D8	0	2	1
018B7C	0	0	06	10D8	0	2	1
018B7E	0	0	06	10D8	0	2	1
018B80	0	0	06	10D8	0	2	1
018B82	0	0	06	10D8	0	2	1
018B84	1	1	06	10D8	0	2	1
018B86	1	1	06	10D8	0	2	1
018B88	1	1	06	10D8	0	2	1
018B8A	1	1	06	10D8	0	4	1
018B8E	1	1	06	10D8	0	2	1
018B90	1	1	06	10D8	0	4	1
018B94	1	1	06	10D8	0	4	1
018B98	1	1	06	10D8	0	1	1
018B99	1	1	06	10D8	0	2	1
018B9B	1	1	06	10D8	0	2	1
018B9D	1	1	06	10D8	0	2	1
018B9F	1	1	06	10D8	0	2	1
018BA1	1	1	06	10D8	0	4	1
018BA5	1	1	06	10D8	0	4	1
018BA9	1	1	06	10D8	0	4	1
018BAD	1	1	06	10D8	0	1	1
018BAE	1	1	06	1118	0	3	1
018BB1	1	1	06	1118	0	3	1
018BB4	1	1	06	1118	0	4	1
018BB8	1	1	06	1118	0	1	1
018BB9	1	1	06	1118	0	2	1
018BBB	1	1	06	1118	0	3	1
018BBE	1	1	06	1118	0	4	1
018BC2	1	1	06	1118	0	4	1
018BC6	1	1	06	1118	0	1	1
018BCB	1	1	06	1118	0	2	1
018BCD	0	0	06	1118	0	2	1
018BCF	0	0	06	1118	0	2	1
018BD1	0	0	06	1118	0	2	1
018BD3	0	0	06	1118	0	2	1
018BD5	0	0	06	1118	0	2	1
018BD7	1	1	06	1118	0	2	1
018BD9	1	1	06	1118	0	2	1
018BDB	1	1	06	1118	0	2	1
018BDD	1	1	06	1118	0	2	1
018BDF	1	1	06	1118	0	4	1
018BE3	1	1	06	1118	0	1	1
018BE4	1	1	06	1118	0	2	1
018BE6	1	1	06	1118	0	2	1
018BE8	1	1	06	1118	0	2	1
018BEA	1	1	06	1118	0	2	1
018BEC	1	1	06	1118	0	2	1
018BEE	1	1	06	1118	0	2	1
018BF0	1	1	06	1118	0	1	1
018BF1	1	1	06	1118	0	4	1
018BF5	1	1	06	1118	0	1	1
018BF6	1	1	06	1118	0	2	1
018BF8	0	1	06	1118	0	2	1
018BFA	0	1	06	1118	0	3	1
018BFD	0	1	06	1118	0	1	1
018BFE	0	1	06	1118	0	1	1
018BFF	0	1	06	1118	0	3	1
018C02	0	1	06	1118	0	2	1
018C04	0	1	06	1118	0	2	1
018C06	1	1	06	1118	0	1	1
018C07	1	1	06	1118	0	2	1
018C09	1	1	06	1118	0	3	1
018C0C	1	1	06	1118	0	3	1
018C0F	1	1	06	1118	0	3	1
018C12	1	1	06	1118	0	3	1
018C15	1	1	06	1118	0	3	1
018C18	1	1	06	1118	0	3	1
018C1B	1	1	06	1118	0	2	1
018C1D	1	1	06	1118	0	3	1
018C20	1	1	06	1118	0	2	1
018C22	0	1	06	1118	0	3	1
018C25	0	1	06	1118	0	2	1
018C27	0	1	06	1118	0	2	1
018C29	0	1	06	1118	0	3	1
018C2C	0	1	06	1118	0	1	1
018C2D	0	1	06	1118	0	1	1
018C2E	0	1	06	1118	0	3	1
018C31	0	1	06	1118	0	2	1
018C33	0	1	06	1118	0	1	1
01ACB9	1	1	06	0D98	0	2	1
01ACBB	1	1	06	0D98	0	3	1
01ACC4	1	1	06	0D98	0	2	1
01ACC6	0	0	06	0D98	0	3	1
01ACC9	0	0	06	0D98	0	3	1
01ACCC	0	0	06	0D98	0	2	1
01ACCE	0	0	06	0D98	0	1	1
01ACCF	0	0	06	0D98	0	3	1
01ACD2	0	0	06	0D98	0	3	1
01ACD5	0	0	06	0D98	0	2	1
01ACD7	0	0	06	0D98	0	3	1
01ACDA	0	0	06	0D98	0	2	1
01ACDC	0	0	06	0D98	0	2	1
01ACDE	0	0	06	0F18	0	4	1
01ACE2	0	0	06	0D98	0	1	1
01ACE3	0	0	06	0D98	0	1	1
01ACE4	0	0	06	0D98	0	3	1
01ACE7	0	0	06	0D98	0	1	1
01ACE8	0	0	06	0D98	0	3	1
01ACEB	0	0	06	0D98	0	2	1
01ACED	0	0	06	0D98	0	2	1
01ACEF	1	1	06	0D98	0	2	1
01ACF1	1	1	06	0D98	0	2	1
01ACF3	1	1	06	0D98	0	2	1
01ACF5	1	1	06	0D98	0	2	1
01ACF7	1	1	06	0D98	0	2	1
01ACF9	1	1	06	0D98	0	1	1
01ACFA	1	1	06	0D98	0	1	1
01ACFB	1	1	06	0D98	0	2	1
01ACFD	0	1	06	0D98	0	3	1
01AD00	0	1	06	0D98	0	2	1
01AD02	0	1	06	0D98	0	2	1
01AD04	1	1	06	0D98	0	2	1
01AD06	1	1	06	0D98	0	3	1
01AD09	1	1	06	0D98	0	2	1
01AD0B	1	1	06	0D98	0	3	1
01AD0E	1	1	06	0D98	0	2	1
01AD10	1	1	06	0D98	0	3	1
01AD13	1	1	06	0D98	0	4	1
01AD17	1	1	06	0D98	0	2	1
01AD19	1	1	06	0D98	0	1	1
01AD1A	1	1	06	0D98	0	1	1
01AD1B	1	1	06	0D98	0	1	1
01AD1C	1	1	06	0D98	0	2	1
01AD1E	0	1	06	0D98	0	3	1
01AD21	0	1	06	0D98	0	3	1
01AD24	0	1	06	0D98	0	2	1
01AD26	0	1	06	0D98	0	3	1
01AD29	0	1	06	0D98	0	2	1
01AD2B	0	1	06	0D98	0	2	1
01AD2D	1	1	06	0D98	0	4	1
01AD31	1	1	06	0D98	0	4	1
01AD35	0	1	06	0D58	0	2	1
01AD37	1	1	06	0D58	0	2	1
01AD39	1	1	06	0D58	0	2	1
01AD3B	1	1	06	0D58	0	1	1
01AD3C	1	1	06	0D58	0	4	1
01AD40	1	1	06	0DD8	0	2	1
01AD42	1	1	06	0DD8	0	2	1
01AD44	1	1	06	0DD8	0	2	1
01AD46	1	1	06	0DD8	0	3	1
01AD49	1	1	06	0DD8	0	2	1
01AD4B	1	1	06	0DD8	0	2	1
01AD4D	1	0	06	0DD8	0	1	1
01AD4E	1	1	06	0DD8	0	4	1
01AD52	1	1	06	0DD8	0	2	1
01AD54	1	1	06	0DD8	0	2	1
01AD56	1	1	06	0DD8	0	2	1
01AD58	1	1	06	0DD8	0	2	1
01AD5A	1	1	06	0DD8	0	2	1
01AD5C	1	1	06	0DD8	0	2	1
01AD5E	1	1	06	0DD8	0	4	1
01AD62	1	1	06	0DD8	0	2	1
01AD64	1	1	06	0DD8	0	4	1
01AD68	1	1	06	0DD8	0	2	1
01AD6A	1	1	06	0DD8	0	4	1
01AD6E	1	1	06	0DD8	0	2	1
01AD70	1	1	06	0DD8	0	4	1
01AD74	1	1	06	0DD8	0	2	1
01AD76	1	1	06	0DD8	0	2	1
01AD78	1	1	06	0DD8	0	2	1
01AD86	1	1	06	0DD8	0	2	1
01AD88	1	1	06	0DD8	0	4	1
01AD8C	1	1	06	0DD8	0	2	1
01AD8E	1	1	06	0DD8	0	2	1
01AD90	1	1	06	0DD8	0	2	1
01AD92	1	0	06	0DD8	0	2	1
01AD94	1	0	06	0DD8	0	3	1
01AD97	1	0	06	0DD8	0	2	1
01AD99	1	0	06	0DD8	0	3	1
01AD9C	1	0	06	0DD8	0	2	1
01AD9E	1	0	06	0DD8	0	2	1
01ADA0	1	0	06	0DD8	0	3	1
01ADA3	1	0	06	0DD8	0	2	1
01ADA5	1	0	06	0DD8	0	2	1
01ADA7	1	0	06	0DD8	0	2	1
01ADA9	1	0	06	0DD8	0	3	1
01ADAC	1	0	06	0DD8	0	2	1
01ADAE	1	0	06	0DD8	0	2	1
01ADB0	1	0	06	0DD8	0	3	1
01ADB3	1	0	06	0DD8	0	2	1
01ADB5	1	0	06	0DD8	0	2	1
01ADB7	1	0	06	0DD8	0	3	1
01ADBA	1	0	06	0DD8	0	2	1
01ADBC	1	0	06	0DD8	0	2	1
01ADBE	1	0	06	0DD8	0	3	1
01ADC1	1	0	06	0DD8	0	2	1
01ADC3	1	0	06	0DD8	0	2	1
01ADC5	1	0	06	0DD8	0	2	1
01ADC7	1	0	06	0DD8	0	2	1
01ADC9	1	0	06	0DD8	0	2	1
01ADCB	1	0	06	0DD8	0	2	1
01ADCD	1	0	06	0DD8	0	3	1
01ADD0	1	0	06	0DD8	0	2	1
01ADD2	1	0	06	0DD8	0	2	1
01ADD4	1	0	06	0DD8	0	2	1
01ADD6	1	0	06	0DD8	0	2	1
01ADD8	1	0	06	0DD8	0	2	1
01ADDA	1	0	06	0DD8	0	2	1
01ADDC	1	0	06	0DD8	0	3	1
01ADDF	1	0	06	0DD8	0	2	1
01ADE1	1	0	06	0DD8	0	3	1
01ADE4	1	0	06	0DD8	0	2	1
01ADE6	1	1	06	0DD8	0	2	1
01ADE8	1	1	06	0DD8	0	2	1
01ADEA	1	1	06	0DD8	0	2	1
01ADEC	1	1	06	0DD8	0	3	1
01ADEF	1	1	06	0DD8	0	4	1
01ADF3	1	0	06	0DD8	0	2	1
01ADF5	1	1	06	0DD8	0	2	1
01ADF7	1	1	06	0DD8	0	2	1
01ADF9	1	1	06	0DD8	0	2	1
01ADFB	1	1	06	0DD8	0	2	1
01ADFD	1	1	06	0DD8	0	2	1
01ADFF	1	1	06	0DD8	0	3	1
01AE02	1	1	06	0DD8	0	2	1
01AE04	1	1	06	0DD8	0	2	1
01AE06	1	1	06	0DD8	0	4	1
01AE0A	1	1	06	0DD8	0	4	1
01AE0E	1	1	06	0DD8	0	1	1
01AE26	1	1	06	0DD8	0	3	1
01AE29	1	1	06	0DD8	0	2	1
01AE30	1	1	06	0DD8	0	3	1
01AE33	1	1	06	0DD8	0	4	1
01AE37	1	1	06	0DD8	0	2	1
01AE39	1	1	06	0DD8	0	2	1
01AE3B	1	1	06	0DD8	0	2	1
01AE3D	1	1	06	0DD8	0	2	1
01AE3F	1	1	06	0DD8	0	2	1
01AE41	1	1	06	0DD8	0	2	1
01AE43	1	1	06	0DD8	0	2	1
01AE45	1	1	06	0DD8	0	2	1
01AE47	1	1	06	0DD8	0	2	1
01AE49	1	1	06	0DD8	0	2	1
01AE4B	1	1	06	0DD8	0	2	1
01AE4D	1	1	06	0DD8	0	2	1
01AE4F	1	1	06	0DD8	0	2	1
01AE51	1	1	06	0DD8	0	2	1
01AE53	0	1	06	0DD8	0	3	1
01AE56	0	1	06	0DD8	0	2	1
01AE58	0	1	06	0DD8	0	2	1
01AE5A	0	1	06	0DD8	0	3	1
01AE5D	0	1	06	0DD8	0	1	1
01AE5E	0	1	06	0DD8	0	1	1
01AE5F	0	1	06	0DD8	0	1	1
01AE60	0	1	06	0DD8	0	3	1
01AE63	0	1	06	0DD8	0	3	1
01AE66	0	1	06	0DD8	0	2	1
01AE68	0	1	06	0DD8	0	3	1
01AE6B	0	1	06	0DD8	0	3	1
01AE6E	0	1	06	0DD8	0	2	1
01AE70	0	1	06	0DD8	0	2	1
01AE72	1	1	06	0DD8	0	3	1
01AE75	1	1	06	0DD8	0	2	1
01AE77	1	1	06	0DD8	0	4	1
01AE7B	1	1	06	0DD8	0	4	1
01AE7F	1	0	06	0DD8	0	2	1
01AE81	1	0	06	0DD8	0	3	1
01AE84	1	0	06	0DD8	0	3	1
01AE87	1	0	06	0DD8	0	4	1
01AE8B	1	0	06	0DD8	0	2	1
01AE8D	1	0	06	0DD8	0	3	1
01AE90	1	0	06	0DD8	0	3	1
01AE93	1	0	06	0DD8	0	2	1
01AE95	1	0	06	0DD8	0	3	1
01AE98	1	0	06	0DD8	0	3	1
01AE9B	1	0	06	0DD8	0	2	1
01AE9D	1	0	06	0DD8	0	3	1
01AEA0	1	0	06	0DD8	0	2	1
01AEA2	1	0	06	0DD8	0	3	1
01AEA5	1	0	06	0DD8	0	2	1
01AEA7	0	0	06	0DD8	0	2	1
01AEA9	0	0	06	0DD8	0	3	1
01AEAC	0	0	06	0DD8	0	2	1
01AEAE	0	0	06	0DD8	0	3	1
01AEB1	0	0	06	0DD8	0	1	1
01AEB2	0	0	06	0DD8	0	3	1
01AEB5	0	0	06	0DD8	0	2	1
01AEB7	1	0	06	0DD8	0	3	1
01AEBA	1	0	06	0DD8	0	3	1
01AEBD	1	0	06	0DD8	0	2	1
01AEBF	1	0	06	0DD8	0	3	1
01AEC2	1	0	06	0DD8	0	3	1
01AEC5	1	0	06	0DD8	0	2	1
01AEC7	1	0	06	0DD8	0	3	1
01AECA	1	0	06	0DD8	0	2	1
01AECC	1	0	06	0DD8	0	3	1
01AECF	1	0	06	0DD8	0	2	1
01AED1	0	0	06	0DD8	0	2	1
01AED3	0	0	06	0DD8	0	3	1
01AED6	0	0	06	0DD8	0	2	1
01AED8	0	0	06	0DD8	0	3	1
01AEDB	0	0	06	0DD8	0	1	1
01AEDC	0	0	06	0DD8	0	3	1
01AEDF	0	0	06	0DD8	0	2	1
01AEE1	1	1	06	0DD8	0	2	1
01AEE3	1	1	06	0DD8	0	2	1
01AEE5	1	1	06	0DD8	0	2	1
01AEFA	1	1	06	0DD8	0	2	1
01AEFC	0	1	06	0DD8	0	3	1
01AEFF	0	1	06	0DD8	0	1	1
01AF00	0	1	06	0DD8	0	2	1
01AF02	0	1	06	0DD8	0	2	1
01AF04	0	1	06	0DD8	0	3	1
01AF07	0	1	06	0DD8	0	1	1
01AF08	0	1	06	0DD8	0	3	1
01AF0B	0	1	06	0DD8	0	2	1
01AF0D	0	1	06	0DD8	0	3	1
01AF10	0	1	06	0DD8	0	1	1
01AF11	0	1	06	0DD8	0	2	1
01AF13	0	1	06	0DD8	0	2	1
01AF19	0	1	06	0DD8	0	3	1
01AF1C	0	1	06	0DD8	0	2	1
01AF1E	0	1	06	0DD8	0	3	1
01AF21	0	1	06	0DD8	0	2	1
01AF23	0	1	06	0DD8	0	3	1
01AF26	0	1	06	0DD8	0	2	1
01AF28	0	1	06	0DD8	0	2	1
01AF2A	1	1	06	0DD8	0	2	1
01AF2C	1	1	06	0DD8	0	4	1
01AF30	1	1	06	0DD8	0	2	1
01AF32	1	1	06	0DD8	0	2	1
01AF34	1	1	06	0DD8	0	2	1
01AF36	1	1	06	0DD8	0	2	1
01AF38	0	1	06	0DD8	0	2	1
01AF3A	1	1	06	0DD8	0	4	1
01AF3E	1	1	06	0DD8	0	3	1
01AF41	1	1	06	0DD8	0	3	1
01AF44	0	1	06	0DD8	0	2	1
01AF46	0	1	06	0DD8	0	1	1
01AF47	0	1	06	0DD8	0	1	1
01AF48	0	1	06	0DD8	0	1	1
01AF49	0	1	06	0DD8	0	2	1
01AF4B	0	1	06	0DD8	0	3	1
01AF4E	0	1	06	0DD8	0	2	1
01AF50	0	1	06	0DD8	0	3	1
01AF53	0	1	06	0DD8	0	2	1
01AF55	0	1	06	0DD8	0	2	1
01AF57	1	1	06	0DD8	0	2	1
01AF59	1	1	06	0DD8	0	2	1
01AF5B	1	1	06	0DD8	0	4	1
01AF5F	1	1	06	0DD8	0	4	1
01AF63	1	1	06	0DD8	0	3	1
01AF66	1	1	06	0DD8	0	2	1
01AF68	1	1	06	0DD8	0	3	1
01AF6B	1	1	06	0DD8	0	2	1
01AF6D	1	1	06	0DD8	0	2	1
01AF6F	1	1	06	0DD8	0	2	1
01AF71	1	1	06	0DD8	0	2	1
01AF73	1	1	06	0DD8	0	2	1
01AF75	1	1	06	0DD8	0	2	1
01AF77	1	1	06	0DD8	0	2	1
01AF79	1	1	06	0DD8	0	2	1
01AF7B	1	1	06	0DD8	0	2	1
01AF7D	1	1	06	0DD8	0	2	1
01AF7F	1	1	06	0DD8	0	2	1
01AF81	1	1	06	0DD8	0	2	1
01AF83	1	1	06	0DD8	0	3	1
01AF86	1	1	06	0DD8	0	2	1
01AF88	1	1	06	0DD8	0	2	1
01AF8A	1	1	06	0DD8	0	2	1
01AF8C	1	1	06	0DD8	0	2	1
01AF8E	1	1	06	0DD8	0	4	1
01AF92	1	1	06	0DD8	0	2	1
01AF94	1	1	06	0DD8	0	2	1
01AF96	1	0	06	0DD8	0	2	1
01AF98	1	0	06	0DD8	0	3	1
01AF9B	1	0	06	0DD8	0	2	1
01AF9D	1	0	06	0DD8	0	3	1
01AFA0	1	0	06	0DD8	0	2	1
01AFA2	1	1	06	0DD8	0	2	1
01AFA4	1	1	06	0DD8	0	2	1
01AFA6	1	1	06	0DD8	0	2	1
01AFA8	1	1	06	0DD8	0	2	1
01AFAA	1	0	06	0DD8	0	2	1
01AFAC	1	0	06	0DD8	0	3	1
01AFAF	1	0	06	0DD8	0	2	1
01AFB1	1	0	06	0DD8	0	3	1
01AFB4	1	0	06	0DD8	0	2	1
01AFB6	1	0	06	0DD8	0	2	1
01AFB8	1	0	06	0DD8	0	2	1
01AFBA	1	0	06	0DD8	0	3	1
01AFBD	1	0	06	0DD8	0	2	1
01AFBF	1	0	06	0DD8	0	3	1
01AFC2	1	0	06	0DD8	0	2	1
01AFC4	1	0	06	0DD8	0	3	1
01AFC7	1	0	06	0DD8	0	2	1
01AFC9	1	0	06	0DD8	0	3	1
01AFCC	1	0	06	0DD8	0	2	1
01AFCE	1	0	06	0DD8	0	3	1
01AFD1	1	0	06	0DD8	0	2	1
01AFD3	1	0	06	0DD8	0	3	1
01AFD6	1	0	06	0DD8	0	2	1
01AFD8	1	1	06	0DD8	0	2	1
01AFDA	1	1	06	0DD8	0	2	1
01AFDC	1	1	06	0DD8	0	2	1
01AFDE	1	1	06	0DD8	0	2	1
01AFE0	1	1	06	0DD8	0	4	1
01AFE4	1	1	06	0DD8	0	2	1
01AFE6	1	1	06	0DD8	0	1	1
01AFE7	1	1	06	0DD8	0	3	1
01AFEA	1	1	06	0DD8	0	2	1
01AFEC	1	1	06	0DD8	0	3	1
01AFEF	1	1	06	0DD8	0	2	1
01AFF1	1	1	06	0DD8	0	3	1
01AFF4	1	1	06	0DD8	0	2	1
01AFF6	1	1	06	0DD8	0	3	1
01AFF9	1	1	06	0DD8	0	2	1
01AFFB	1	1	06	0DD8	0	4	1
01AFFF	1	1	06	0DD8	0	3	1
01B002	1	1	06	0DD8	0	4	1
01B006	1	1	06	0DD8	0	2	1
01B008	1	1	06	0DD8	0	4	1
01B00C	1	1	06	0DD8	0	4	1
01B010	1	1	06	0DD8	0	3	1
01B013	1	1	06	0DD8	0	2	1
01B015	1	1	06	0DD8	0	2	1
01B017	1	1	06	0DD8	0	3	1
01B01A	1	1	06	0DD8	0	1	1
01B01B	1	1	06	0DD8	0	3	1
01B01E	1	1	06	0DD8	0	2	1
01B020	1	1	06	0DD8	0	2	1
01B022	1	1	06	0DD8	0	2	1
01B024	1	1	06	0DD8	0	2	1
01B026	1	1	06	0DD8	0	3	1
01B029	1	1	06	0DD8	0	2	1
01B02B	1	1	06	0DD8	0	2	1
01B02D	1	1	06	0DD8	0	2	1
01B050	1	1	06	0DD8	0	1	1
01B051	1	1	06	0DD8	0	2	1
01B053	0	0	06	0DD8	0	2	1
01B055	0	0	06	0DD8	0	3	1
01B058	0	0	06	0DD8	0	1	1
01B059	0	0	06	0DD8	0	1	1
01B05A	0	0	06	0DD8	0	2	1
01B05C	0	0	06	0DD8	0	3	1
01B05F	0	0	06	0DD8	0	1	1
01B060	0	0	06	0DD8	0	3	1
01B063	0	0	06	0DD8	0	1	1
01B064	0	0	06	0DD8	0	2	1
01B066	1	0	06	0DD8	0	3	1
01B069	1	0	06	0DD8	0	2	1
01B06B	1	0	06	0DD8	0	2	1
01B06D	1	0	06	0DD8	0	2	1
01B06F	0	0	06	0DD8	0	3	1
01B072	0	0	06	0DD8	0	3	1
01B075	0	0	06	0DD8	0	3	1
01B078	0	0	06	0DD8	0	3	1
01B07B	0	0	06	0DD8	0	2	1
01B07D	1	0	06	0DD8	0	3	1
01B080	1	0	06	0DD8	0	2	1
01B082	1	1	06	0DD8	0	4	1
01B086	1	1	06	0DD8	0	2	1
01B088	1	1	06	0DD8	0	2	1
01B08A	1	1	06	0DD8	0	2	1
01B08C	1	1	06	0DD8	0	2	1
01B08E	1	1	06	0DD8	0	2	1
01B090	1	1	06	0DD8	0	4	1
01B094	1	1	06	0DD8	0	4	1
01B098	1	1	06	0DD8	0	1	1
01B099	1	0	06	0DD8	0	2	1
01B09B	1	0	06	0DD8	0	2	1
01B09D	1	0	06	0DD8	0	1	1
01B09E	1	1	06	0DD8	0	4	1
01B0A2	1	1	06	0DD8	0	2	1
01B0AD	1	1	06	0DD8	0	4	1
01B0B1	1	0	06	0DD8	0	3	1
01B0B4	1	0	06	0DD8	0	1	1
01B0B5	1	1	06	0DD8	0	2	1
01B0B7	0	1	06	0DD8	0	2	1
01B0B9	0	1	06	0DD8	0	3	1
01B0BC	0	1	06	0DD8	0	2	1
01B0BE	0	1	06	0DD8	0	3	1
01B0C1	0	1	06	0DD8	0	2	1
01B0C3	0	1	06	0DD8	0	3	1
01B0C6	0	1	06	0DD8	0	2	1
01B0C8	0	1	06	0DD8	0	3	1
01B0CB	0	1	06	0DD8	0	4	1
01B0CF	0	1	06	0DD8	0	1	1
01B0D0	0	1	06	0DD8	0	3	1
01B0D3	0	1	06	0DD8	0	1	1
01B0D4	0	1	06	0DD8	0	1	1
01B0D5	1	1	06	0DD8	0	2	1
01B0D7	0	1	06	0DD8	0	2	1
01B0D9	0	1	06	0DD8	0	1	1
01B0DA	0	1	06	0DD8	0	2	1
01B0DC	0	1	06	0DD8	0	2	1
01B0E2	0	1	06	0DD8	0	3	1
01B0E5	0	1	06	0DD8	0	2	1
01B0E7	0	1	06	0DD8	0	2	1
01B0E9	0	1	06	0DD8	0	1	1
01B0EA	0	1	06	0DD8	0	2	1
01B0EC	0	1	06	0DD8	0	2	1
01B0F2	0	1	06	0DD8	0	3	1
01B0F5	0	1	06	0DD8	0	2	1
01B0F7	1	1	06	0DD8	0	1	1
01B0F8	1	1	06	0DD8	0	2	1
01B0FA	0	1	06	0DD8	0	1	1
01B0FB	0	1	06	0DD8	0	2	1
01B0FD	0	1	06	0DD8	0	3	1
01B100	0	1	06	0DD8	0	1	1
01B101	0	1	06	0DD8	0	3	1
01B104	0	1	06	0DD8	0	3	1
01B107	0	1	06	0DD8	0	2	1
01B109	0	1	06	0DD8	0	2	1
01B10B	0	1	06	0DD8	0	1	1
01B10C	0	1	06	0DD8	0	3	1
01B10F	0	1	06	0DD8	0	1	1
01B110	0	1	06	0DD8	0	3	1
01B113	0	1	06	0DD8	0	1	1
01B114	0	1	06	0DD8	0	1	1
01B115	0	1	06	0DD8	0	3	1
01B118	0	1	06	0DD8	0	3	1
01B11B	0	1	06	0DD8	0	1	1
01B11C	0	1	06	0DD8	0	2	1
01B11E	0	1	06	0DD8	0	3	1
01B121	0	1	06	0DD8	0	1	1
01B122	0	1	06	0DD8	0	3	1
01B125	0	1	06	0DD8	0	3	1
01B128	0	1	06	0DD8	0	2	1
01B12A	1	1	06	0DD8	0	1	1
01B12B	1	1	06	0D18	0	1	1
01B12C	1	1	06	0D18	0	2	1
01B12E	1	1	06	0D18	0	4	1
01B132	1	0	06	0D18	0	2	1
01B134	1	0	06	0D18	0	3	1
01B137	1	0	06	0D18	0	2	1
01B139	1	0	06	0D18	0	3	1
01B13C	1	0	06	0D18	0	2	1
01B13E	1	0	06	0D18	0	3	1
01B141	1	0	06	0D18	0	1	1
01B142	1	0	06	0D18	0	2	1
01B144	1	0	06	0D18	0	3	1
01B147	1	0	06	0D18	0	2	1
01B149	0	0	06	0D18	0	3	1
01B14C	0	0	06	0D18	0	2	1
01B14E	0	0	06	0D18	0	3	1
01B151	0	0	06	0D18	0	2	1
01B153	0	0	06	0D18	0	3	1
01B156	0	0	06	0D18	0	1	1
01B157	1	1	06	0D18	0	1	1
01B158	1	1	06	0E58	0	2	1
01B15A	1	1	06	0E58	0	2	1
01B15C	1	1	06	0E58	0	2	1
01B15E	1	1	06	0E58	0	3	1
01B161	1	1	06	0E58	0	2	1
01B163	1	1	06	0E58	0	2	1
01B165	1	1	06	0E58	0	2	1
01B167	1	1	06	0E58	0	2	1
01B169	1	1	06	0E58	0	2	1
01B16B	1	1	06	0E58	0	2	1
01B16D	1	1	06	0E58	0	2	1
01B16F	1	1	06	0E58	0	2	1
01B171	1	1	06	0E58	0	2	1
01B173	1	1	06	0E58	0	2	1
01B175	1	0	06	0E58	0	2	1
01B177	1	0	06	0E58	0	3	1
01B17A	1	0	06	0E58	0	2	1
01B17C	1	0	06	0E58	0	2	1
01B17E	1	0	06	0E58	0	3	1
01B181	1	0	06	0E58	0	2	1
01B183	1	0	06	0E58	0	2	1
01B185	1	0	06	0E58	0	3	1
01B188	1	0	06	0E58	0	2	1
01B18A	1	0	06	0E58	0	2	1
01B18C	1	0	06	0E58	0	2	1
01B18E	1	1	06	0E58	0	2	1
01B190	1	1	06	0E58	0	2	1
01B192	1	1	06	0E58	0	2	1
01B194	1	1	06	0E58	0	2	1
01B196	1	1	06	0E58	0	2	1
01B198	1	1	06	0E58	0	2	1
01B19A	1	1	06	0E58	0	2	1
01B19C	1	1	06	0E58	0	2	1
01B19E	1	1	06	0E58	0	2	1
01B1A0	1	1	06	0E58	0	2	1
01B1A2	1	1	06	0E58	0	2	1
01B1A4	1	1	06	0E58	0	2	1
01B1A6	1	1	06	0E58	0	2	1
01B1A8	1	1	06	0E58	0	2	1
01B1AA	1	1	06	0E58	0	4	1
01B1AE	1	1	06	0E58	0	2	1
01B1B0	1	1	06	0E58	0	4	1
01B1B4	1	1	06	0E58	0	2	1
01B1B6	1	1	06	0E58	0	2	1
01B1B8	1	1	06	0E58	0	2	1
01B1BA	1	1	06	0E58	0	2	1
01B1BC	1	0	06	0E58	0	2	1
01B1BE	1	0	06	0E58	0	3	1
01B1C1	1	0	06	0E58	0	2	1
01B1C3	1	1	06	0E58	0	2	1
01B1C5	1	1	06	0E58	0	2	1
01B1C7	1	1	06	0E58	0	2	1
01B1C9	1	1	06	0E58	0	2	1
01B1CB	1	1	06	0E58	0	4	1
01B1CF	1	1	06	0E58	0	1	1
01B1DE	1	1	06	0E58	0	4	1
01B1E2	1	1	06	0E58	0	2	1
01B1E4	1	1	06	0E58	0	2	1
01B1E6	1	1	06	0E58	0	2	1
01B1E8	1	1	06	0E58	0	2	1
01B1EA	1	1	06	0E58	0	2	1
01B1EC	1	1	06	0E58	0	2	1
01B1EE	1	1	06	0E58	0	2	1
01B1F0	1	1	06	0E58	0	2	1
01B1F2	0	0	06	0E58	0	2	1
01B1F4	0	0	06	0E58	0	3	1
01B1F7	0	0	06	0E58	0	1	1
01B1F8	0	0	06	0E58	0	1	1
01B1F9	0	0	06	0E58	0	1	1
01B1FA	0	0	06	0E58	0	2	1
01B1FC	0	0	06	0E58	0	3	1
01B1FF	0	0	06	0E58	0	1	1
01B200	0	0	06	0E58	0	3	1
01B203	0	0	06	0E58	0	3	1
01B206	0	0	06	0E58	0	2	1
01B208	0	0	06	0E58	0	2	1
01B20A	0	1	06	0E58	0	3	1
01B20D	0	1	06	0E58	0	2	1
01B20F	0	1	06	0E58	0	2	1
01B211	0	1	06	0E58	0	3	1
01B214	0	1	06	0E58	0	2	1
01B216	0	1	06	0E58	0	2	1
01B218	1	1	06	0E58	0	2	1
01B21A	1	1	06	0E58	0	2	1
01B21C	1	1	06	0E58	0	2	1
01B21E	1	1	06	0E58	0	2	1
01B220	1	1	06	0E58	0	2	1
01B222	1	1	06	0E58	0	2	1
01B224	1	1	06	0E58	0	2	1
01B226	1	1	06	0E58	0	2	1
01B228	1	1	06	0E58	0	2	1
01B22A	1	1	06	0E58	0	2	1
01B22C	1	1	06	0E58	0	2	1
01B22E	1	1	06	0E58	0	2	1
01B230	1	1	06	0E58	0	4	1
01B234	1	1	06	0E58	0	2	1
01B236	0	1	06	0E58	0	2	1
01B238	0	1	06	0E58	0	2	1
01B23A	0	1	06	0E58	0	2	1
01B23C	0	1	06	0E58	0	2	1
01B23E	0	1	06	0E58	0	2	1
01B240	0	1	06	0E58	0	2	1
01B242	1	1	06	0E58	0	2	1
01B244	1	1	06	0E58	0	2	1
01B246	1	1	06	0E58	0	2	1
01B248	1	1	06	0E58	0	4	1
01B24C	1	1	06	0E58	0	2	1
01B24E	1	1	06	0E58	0	2	1
01B250	1	1	06	0E58	0	2	1
01B254	1	1	06	0E58	0	2	1
01B256	1	1	06	0E58	0	2	1
01B258	1	1	06	0E58	0	2	1
01B25A	1	1	06	0E58	0	2	1
01B25C	1	1	06	0E58	0	4	1
01B260	1	1	06	0E58	0	2	1
01B262	1	1	06	0E58	0	1	1
01B263	1	1	06	0E58	0	2	1
01B265	1	1	06	0E58	0	2	1
01B267	1	1	06	0E58	0	2	1
01B269	1	1	06	0E58	0	2	1
01B26B	1	1	06	0E58	0	2	1
01B26D	1	1	06	0E58	0	2	1
01B26F	1	1	06	0E58	0	2	1
01B271	1	1	06	0E58	0	2	1
01B273	1	1	06	0E58	0	2	1
01B275	1	1	06	0E58	0	4	1
01B279	1	0	06	0E58	0	2	1
01B27B	1	0	06	0E58	0	2	1
01B27D	1	0	06	0E58	0	3	1
01B280	1	0	06	0E58	0	2	1
01B282	1	0	06	0E58	0	3	1
01B285	1	0	06	0E58	0	2	1
01B287	1	0	06	0E58	0	3	1
01B28A	1	0	06	0E58	0	2	1
01B28C	1	0	06	0E58	0	3	1
01B28F	1	0	06	0E58	0	2	1
01B291	1	0	06	0E58	0	3	1
01B294	1	0	06	0E58	0	2	1
01B296	1	0	06	0E58	0	3	1
01B299	1	0	06	0E58	0	2	1
01B29B	0	0	06	0E58	0	1	1
01B29C	0	0	06	0E58	0	3	1
01B29F	0	0	06	0E58	0	3	1
01B2A2	0	0	06	0E58	0	2	1
01B2A4	0	0	06	0E58	0	3	1
01B2A7	0	0	06	0E58	0	1	1
01B2A8	0	0	06	0E58	0	3	1
01B2AB	0	0	06	0E58	0	1	1
01B2AC	0	0	06	0E58	0	2	1
01B2AE	0	0	06	0E58	0	3	1
01B2B1	0	0	06	0E58	0	3	1
01B2B4	0	0	06	0E58	0	2	1
01B2B6	0	0	06	0E58	0	3	1
01B2B9	0	0	06	0E58	0	2	1
01B2BB	0	0	06	0E58	0	3	1
01B2BE	0	0	06	0E58	0	2	1
01B2C0	0	0	06	0E58	0	3	1
01B2C3	0	0	06	0E58	0	2	1
01B2C5	1	0	06	0E58	0	2	1
01B2C7	1	1	06	0E58	0	4	1
01B2CB	1	1	06	0E58	0	4	1
01B2CF	1	1	06	0E58	0	1	1
01B2D0	1	1	06	0E58	0	2	1
01B2D2	1	0	06	0E58	0	2	1
01B2D4	1	0	06	0E58	0	3	1
01B2D7	1	0	06	0E58	0	2	1
01B2D9	1	1	06	0E58	0	2	1
01B2DB	1	1	06	0E58	0	2	1
01B2DD	1	1	06	0E58	0	2	1
01B2DF	1	1	06	0E58	0	2	1
01B2E1	1	1	06	0E58	0	2	1
01B2E3	1	1	06	0E58	0	2	1
01B2E5	1	1	06	0E58	0	4	1
01B2E9	1	1	06	0E58	0	2	1
01B2EB	1	1	06	0E58	0	1	1
01B2EC	1	1	06	0E58	0	3	1
01B2EF	1	1	06	0E58	0	2	1
01B2F1	1	1	06	0E58	0	3	1
01B2F4	1	1	06	0E58	0	2	1
01B2F6	1	1	06	0E58	0	2	1
01B2F8	1	1	06	0E58	0	1	1
01B2F9	1	1	06	0E58	0	1	1
01B2FA	1	1	06	0E58	0	2	1
01B2FC	1	1	06	0E58	0	2	1
01B2FE	1	1	06	0E58	0	3	1
01B301	1	1	06	0E58	0	4	1
01B305	1	1	06	0E58	0	1	1
01B306	1	1	06	0E58	0	2	1
01B308	1	1	06	0E58	0	2	1
01B30A	1	1	06	0E58	0	2	1
01B30C	1	1	06	0E58	0	3	1
01B30F	1	1	06	0E58	0	2	1
01B311	1	1	06	0E58	0	2	1
01B313	1	1	06	0E58	0	3	1
01B316	1	1	06	0E58	0	2	1
01B318	1	1	06	0E58	0	2	1
01B31A	1	1	06	0E58	0	4	1
01B31E	1	1	06	0E58	0	2	1
01B326	1	1	06	0E58	0	2	1
01B328	1	1	06	0E58	0	2	1
01B32A	1	1	06	0E58	0	2	1
01B32C	1	1	06	0E58	0	2	1
01B32E	1	1	06	0E58	0	2	1
01B330	1	1	06	0E58	0	2	1
01B332	1	1	06	0E58	0	2	1
01B334	1	1	06	0E58	0	2	1
01B336	1	1	06	0E58	0	4	1
01B33A	1	1	06	0E58	0	4	1
01B33E	1	1	06	0E58	0	1	1
01B33F	1	1	06	0E58	0	2	1
01B341	1	1	06	0E58	0	4	1
01B345	1	1	06	0E58	0	2	1
01B347	1	1	06	0E58	0	2	1
01B349	1	1	06	0E58	0	1	1
01B34A	1	1	06	0E58	0	2	1
01B34C	1	0	06	0E58	0	2	1
01B34E	1	0	06	0E58	0	3	1
01B351	1	0	06	0E58	0	2	1
01B353	1	0	06	0E58	0	2	1
01B355	1	0	06	0E58	0	2	1
01B357	1	0	06	0E58	0	2	1
01B359	1	0	06	0E58	0	2	1
01B35B	1	0	06	0E58	0	1	1
01B361	1	1	06	0E58	0	2	1
01B363	1	1	06	0E58	0	2	1
01B365	1	1	06	0E58	0	2	1
01B36B	1	1	06	0E58	0	4	1
01B36F	1	1	06	0E58	0	1	1
01B370	1	1	06	0E58	0	2	1
01B372	1	1	06	0E58	0	2	1
01B374	1	1	06	0E58	0	2	1
01B376	1	1	06	0E58	0	2	1
01B378	1	1	06	0E58	0	2	1
01B37A	1	1	06	0E58	0	2	1
01B37C	1	0	06	0E58	0	2	1
01B37E	1	0	06	0E58	0	3	1
01B381	1	0	06	0E58	0	2	1
01B383	1	0	06	0E58	0	2	1
01B385	1	0	06	0E58	0	3	1
01B388	1	0	06	0E58	0	2	1
01B38A	1	0	06	0E58	0	3	1
01B38D	1	0	06	0E58	0	2	1
01B38F	1	0	06	0E58	0	2	1
01B391	1	0	06	0E58	0	2	1
01B393	1	1	06	0E58	0	1	1
01B394	1	0	06	0E58	0	2	1
01B396	1	1	06	0E58	0	4	1
01B39A	1	1	06	0E58	0	1	1
01B39B	1	1	06	0E58	0	2	1
01B39D	1	1	06	0E58	0	1	1
01B39E	1	1	06	0E58	0	3	1
01B3A1	1	1	06	0E58	0	2	1
01B3A3	1	0	06	0E58	0	2	1
01B3A5	1	0	06	0E58	0	1	1
01B3A6	1	0	06	0E58	0	2	1
01B3A8	1	0	06	0E58	0	3	1
01B3AB	1	0	06	0E58	0	1	1
01B3AC	1	0	06	0E58	0	1	1
01B3AD	1	0	06	0E58	0	3	1
01B3B0	1	0	06	0E58	0	2	1
01B3B2	0	0	06	0E58	0	1	1
01B3B3	0	0	06	0E58	0	1	1
01B3B4	0	0	06	0E58	0	3	1
01B3B7	0	0	06	0E58	0	2	1
01B3B9	1	0	06	0E58	0	3	1
01B3BC	1	0	06	0E58	0	2	1
01B3BE	1	0	06	0E58	0	1	1
01B3BF	1	0	06	0E58	0	2	1
01B3C1	1	0	06	0E58	0	2	1
01B3C3	1	0	06	0E58	0	4	1
01B3C7	1	0	06	0E58	0	3	1
01B3CA	1	0	06	0E58	0	2	1
01B3CC	1	0	06	0E58	0	3	1
01B3CF	1	0	06	0E58	0	4	1
01B3D3	1	0	06	0E58	0	3	1
01B3D6	1	0	06	0E58	0	3	1
01B3D9	1	0	06	0E58	0	3	1
01B3DC	1	0	06	0E58	0	1	1
01B3DD	1	0	06	0E58	0	3	1
01B3E0	1	0	06	0E58	0	4	1
01B3E4	1	0	06	0E58	0	3	1
01B3E7	1	0	06	0E58	0	1	1
01B3E8	1	0	06	0E58	0	2	1
01B3EA	0	0	06	0E58	0	3	1
01B3ED	0	0	06	0E58	0	2	1
01B3EF	0	0	06	0E58	0	3	1
01B3F2	0	0	06	0E58	0	1	1
01B3F3	0	0	06	0E58	0	1	1
01B3F4	0	0	06	0E58	0	3	1
01B3F7	0	0	06	0E58	0	1	1
01B3F8	0	0	06	0E58	0	2	1
01B3FA	0	0	06	0E58	0	3	1
01B3FD	0	0	06	0E58	0	1	1
01B3FE	0	0	06	0E58	0	1	1
01B3FF	0	0	06	0E58	0	1	1
01B400	0	0	06	0E58	0	3	1
01B403	0	0	06	0E58	0	2	1
01B405	0	0	06	0E58	0	3	1
01B408	0	0	06	0E58	0	3	1
01B40B	0	0	06	0E58	0	2	1
01B40D	0	0	06	0E58	0	3	1
01B410	0	0	06	0E58	0	3	1
01B413	0	0	06	0E58	0	3	1
01B416	0	0	06	0E58	0	2	1
01B418	1	0	06	0E58	0	2	1
01B41A	1	0	06	0E58	0	2	1
01B41C	1	0	06	0E18	0	1	1
01B41D	0	0	06	0E58	0	1	1
01B41E	0	0	06	0E58	0	2	1
01B420	0	0	06	0E58	0	2	1
01B422	0	0	06	0E58	0	3	1
01B425	0	0	06	0E58	0	2	1
01B427	0	0	06	0E58	0	3	1
01B42A	0	0	06	0E58	0	3	1
01B42D	0	0	06	0E58	0	3	1
01B430	0	0	06	0E58	0	1	1
01B431	0	0	06	0E58	0	1	1
01B432	0	0	06	0E18	0	3	1
01B435	0	0	06	0E18	0	3	1
01B438	0	0	06	0E18	0	2	1
01B43A	0	0	06	0E18	0	3	1
01B43D	0	0	06	0E18	0	1	1
01B43E	0	0	06	0E18	0	3	1
01B441	0	0	06	0E18	0	3	1
01B444	0	0	06	0E18	0	3	1
01B447	0	0	06	0E18	0	1	1
01B448	0	0	06	0E18	0	1	1
01B8EF	1	1	06	0F18	0	2	1
01B8F1	1	1	06	0F18	0	2	1
01B8F3	1	1	06	0F18	0	1	1
01B8F4	1	1	06	0F18	0	3	1
01B8FB	1	1	06	0F18	0	2	1
01B8FD	1	1	06	0F18	0	3	1
01B906	1	1	06	0F18	0	2	1
01B908	1	1	06	0F18	0	2	1
01B90A	1	1	06	0F18	0	2	1
01B90C	0	1	06	0F18	0	3	1
01B90F	0	1	06	0F18	0	2	1
01B911	0	1	06	0F18	0	2	1
01B913	1	1	06	0F18	0	2	1
01B915	1	1	06	0F18	0	2	1
01B917	1	1	06	0F18	0	2	1
01B919	1	1	06	0F18	0	2	1
01B91B	1	1	06	0F18	0	2	1
01B91D	1	1	06	0F18	0	2	1
01B91F	1	1	06	0F18	0	2	1
01B921	1	1	06	0F18	0	4	1
01B925	1	1	06	0F18	0	3	1
01B928	1	1	06	0F18	0	2	1
01B92A	1	1	06	0F18	0	2	1
01B92C	1	1	06	0F18	0	2	1
01B92E	1	1	06	0F18	0	2	1
01B930	1	1	06	0F18	0	2	1
01B932	1	1	06	0F18	0	2	1
01B934	1	1	06	0F18	0	2	1
01B936	1	1	06	0F18	0	2	1
01B938	1	1	06	0F18	0	2	1
01B93A	1	1	06	0F18	0	2	1
01B93C	1	1	06	0F18	0	4	1
01B940	1	1	06	0F18	0	2	1
01B942	1	1	06	0F18	0	2	1
01B944	1	1	06	0F18	0	4	1
01B948	1	1	06	0F18	0	4	1
01B94C	1	1	06	0F18	0	2	1
01B94E	1	1	06	0F18	0	2	1
01B950	1	1	06	0F18	0	2	1
01B956	1	1	06	0F18	0	2	1
01B958	1	1	06	0F18	0	3	1
01B95B	1	1	06	0F18	0	4	1
01B9A0	1	1	06	0F18	0	1	1
01B9A1	1	1	06	0F18	0	2	1
01B9A3	1	1	06	0F18	0	3	1
01B9AC	1	1	06	0F18	0	3	1
01B9AF	1	1	06	0F18	0	2	1
01B9B1	1	1	06	0F18	0	2	1
01B9B3	0	1	06	0F18	0	4	1
01B9B7	0	1	06	0F18	0	3	1
01B9BA	0	1	06	0F18	0	1	1
01B9BB	0	1	06	0F18	0	3	1
01B9BE	0	1	06	0F18	0	2	1
01B9C0	0	1	06	0F18	0	3	1
01B9C3	0	1	06	0F18	0	1	1
01B9C4	0	1	06	0F18	0	3	1
01B9C7	0	1	06	0F18	0	2	1
01B9C9	0	1	06	0F18	0	2	1
01B9CB	1	1	06	0F18	0	3	1
01B9CE	1	1	06	0F18	0	2	1
01B9D0	1	1	06	0F18	0	4	1
01B9D4	1	1	06	0F18	0	2	1
01B9D6	1	1	06	0F18	0	2	1
01B9D8	1	1	06	0F18	0	2	1
01B9DA	1	1	06	0F18	0	2	1
01B9DC	1	1	06	0F18	0	4	1
01B9E0	1	1	06	0F18	0	2	1
01B9E2	1	1	06	0F18	0	2	1
01B9E4	1	1	06	0F18	0	2	1
01B9E6	0	1	06	0F18	0	3	1
01B9E9	0	1	06	0F18	0	2	1
01B9EB	0	1	06	0F18	0	4	1
01B9EF	0	1	06	0F18	0	3	1
01B9F2	0	1	06	0F18	0	1	1
01B9F3	0	1	06	0F18	0	1	1
01B9F4	0	1	06	0F18	0	3	1
01B9F7	0	1	06	0F18	0	2	1
01B9F9	0	1	06	0F18	0	3	1
01B9FC	0	1	06	0F18	0	2	1
01B9FE	0	1	06	0F18	0	2	1
01BA00	1	1	06	0F18	0	2	1
01BA02	1	1	06	0F18	0	2	1
01BA04	1	1	06	0F18	0	2	1
01BA06	1	1	06	0F18	0	1	1
01BA07	1	1	06	0F18	0	2	1
01BA09	1	1	06	0F18	0	2	1
01BA0B	1	1	06	0F18	0	3	1
01BA0E	1	1	06	0F18	0	2	1
01BA10	1	1	06	0F18	0	2	1
01BA12	1	1	06	0F18	0	2	1
01BA14	1	1	06	0F18	0	4	1
01BA18	1	1	06	0F18	0	3	1
01BA1B	1	1	06	0F18	0	2	1
01BA1D	1	1	06	0F18	0	4	1
01BA21	1	1	06	0F18	0	2	1
01BA23	1	1	06	0F18	0	2	1
01BA25	1	1	06	0F18	0	2	1
01BA27	1	1	06	0F18	0	2	1
01BA29	1	1	06	0F18	0	2	1
01BA2B	0	1	06	0F18	0	3	1
01BA2E	0	1	06	0F18	0	2	1
01BA30	0	1	06	0F18	0	2	1
01BA32	0	1	06	0F18	0	2	1
01BA34	0	1	06	0F18	0	3	1
01BA37	0	1	06	0F18	0	2	1
01BA39	0	1	06	0F18	0	2	1
01BA3B	1	1	06	0F18	0	2	1
01BA3D	1	1	06	0F18	0	2	1
01BA3F	1	1	06	0F18	0	2	1
01BA41	1	1	06	0F18	0	4	1
01BA45	0	1	06	0F18	0	2	1
01BA47	1	1	06	0F18	0	3	1
01BA4A	1	1	06	0F18	0	1	1
01BA4B	1	1	06	0F18	0	2	1
01BA4D	1	1	06	0F18	0	4	1
01BA51	1	1	06	0F18	0	1	1
01BA52	1	1	06	0F18	0	2	1
01BA54	1	1	06	0F18	0	2	1
01BA56	1	1	06	0F18	0	4	1
01BA68	1	1	06	0F58	0	2	1
01BA6A	1	1	06	0F58	0	3	1
01BA73	1	1	06	0F98	0	2	1
01BA75	1	1	06	0F98	0	2	1
01BA77	1	1	06	0F98	0	2	1
01BA79	0	1	06	0F98	0	3	1
01BA7C	0	1	06	0F98	0	2	1
01BA7E	0	1	06	0F98	0	2	1
01BA80	1	1	06	0F98	0	2	1
01BA82	1	1	06	0F98	0	2	1
01BA84	1	1	06	0F98	0	2	1
01BA86	1	1	06	0F98	0	2	1
01BA88	1	1	06	0F98	0	2	1
01BA8A	1	1	06	0F98	0	2	1
01BA8C	1	1	06	0F98	0	2	1
01BA8E	1	1	06	0F98	0	4	1
01BA92	1	1	06	0F98	0	3	1
01BA95	1	1	06	0F98	0	2	1
01BA97	1	1	06	0F98	0	2	1
01BA99	1	1	06	0F98	0	2	1
01BA9B	1	1	06	0F98	0	2	1
01BA9D	1	1	06	0F98	0	2	1
01BA9F	1	1	06	0F98	0	2	1
01BAA1	1	1	06	0F98	0	2	1
01BAA3	1	1	06	0F98	0	2	1
01BAA5	1	1	06	0F98	0	2	1
01BAA7	1	1	06	0F98	0	2	1
01BAA9	1	1	06	0F98	0	4	1
01BAAD	1	1	06	0F98	0	2	1
01BAAF	1	1	06	0F98	0	2	1
01BAB1	1	1	06	0F98	0	2	1
01BAB3	1	1	06	0F98	0	2	1
01BAB5	1	1	06	0F98	0	2	1
01BAB7	1	1	06	0F58	0	2	1
01BAB9	1	1	06	0F98	0	3	1
01BABC	1	1	06	0F98	0	2	1
01BABE	1	1	06	0F98	0	2	1
01BAC0	1	1	06	0F98	0	2	1
01BAC2	1	1	06	0F98	0	2	1
01BAC4	1	1	06	0F98	0	3	1
01BAC7	1	1	06	0F98	0	4	1
01BACB	1	1	06	0F98	0	4	1
01BACF	1	1	06	0F98	0	4	1
01BAD7	1	1	06	0F98	0	4	1
01BADB	1	1	06	0F98	0	2	1
01BADD	1	1	06	0F98	0	2	1
01BADF	1	1	06	0F98	0	2	1
01BAE1	1	1	06	0F98	0	2	1
01BAE3	1	1	06	0F98	0	2	1
01BAE5	1	1	06	0F58	0	2	1
01BAE7	1	1	06	0F98	0	3	1
01BAEA	1	1	06	0F98	0	2	1
01BAEC	1	1	06	0F98	0	2	1
01BAEE	1	1	06	0F98	0	4	1
01BAF2	1	1	06	0F98	0	1	1
01BAF3	1	1	06	0F58	0	2	1
01BAF5	1	1	06	0F58	0	3	1
01BAFE	1	1	06	0F98	0	3	1
01BB01	1	1	06	0F98	0	2	1
01BB03	1	1	06	0F98	0	2	1
01BB05	0	1	06	0F98	0	4	1
01BB09	0	1	06	0F98	0	3	1
01BB0C	0	1	06	0F98	0	1	1
01BB0D	0	1	06	0F98	0	3	1
01BB10	0	1	06	0F98	0	2	1
01BB12	0	1	06	0F98	0	3	1
01BB15	0	1	06	0F98	0	1	1
01BB16	0	1	06	0F98	0	3	1
01BB19	0	1	06	0F98	0	2	1
01BB1B	0	1	06	0F98	0	2	1
01BB1D	1	1	06	0F98	0	3	1
01BB20	1	1	06	0F98	0	2	1
01BB22	1	1	06	0F98	0	4	1
01BB26	1	1	06	0F98	0	2	1
01BB28	1	1	06	0F98	0	2	1
01BB2A	1	1	06	0F98	0	2	1
01BB2C	1	1	06	0F98	0	2	1
01BB2E	1	1	06	0F98	0	4	1
01BB32	1	1	06	0F98	0	2	1
01BB34	1	1	06	0F98	0	2	1
01BB36	1	1	06	0F98	0	2	1
01BB38	0	1	06	0F98	0	3	1
01BB3B	0	1	06	0F98	0	2	1
01BB3D	0	1	06	0F98	0	4	1
01BB41	0	1	06	0F98	0	3	1
01BB44	0	1	06	0F98	0	1	1
01BB45	0	1	06	0F98	0	1	1
01BB46	0	1	06	0F98	0	3	1
01BB49	0	1	06	0F98	0	2	1
01BB4B	0	1	06	0F98	0	3	1
01BB4E	0	1	06	0F98	0	2	1
01BB50	0	1	06	0F98	0	2	1
01BB52	1	1	06	0F98	0	2	1
01BB54	1	1	06	0F98	0	2	1
01BB56	1	1	06	0F98	0	2	1
01BB58	1	1	06	0F98	0	1	1
01BB59	1	1	06	0F98	0	2	1
01BB5B	1	1	06	0F98	0	2	1
01BB5D	1	1	06	0F98	0	3	1
01BB60	1	1	06	0F98	0	2	1
01BB62	1	1	06	0F98	0	2	1
01BB64	1	1	06	0F98	0	2	1
01BB66	1	1	06	0F98	0	4	1
01BB6A	1	1	06	0F58	0	3	1
01BB6D	1	1	06	0F58	0	2	1
01BB6F	1	1	06	0F58	0	4	1
01BB73	1	1	06	0F58	0	2	1
01BB75	1	1	06	0F58	0	2	1
01BB77	1	1	06	0F58	0	2	1
01BB79	1	1	06	0F58	0	2	1
01BB7B	1	1	06	0F58	0	2	1
01BB7D	0	1	06	0F58	0	3	1
01BB80	0	1	06	0F58	0	2	1
01BB82	0	1	06	0F58	0	2	1
01BB84	0	1	06	0F58	0	2	1
01BB86	0	1	06	0F58	0	3	1
01BB89	0	1	06	0F58	0	2	1
01BB8B	0	1	06	0F58	0	2	1
01BB8D	1	1	06	0F58	0	2	1
01BB8F	1	1	06	0F58	0	2	1
01BB91	1	1	06	0F58	0	2	1
01BB93	1	1	06	0F58	0	4	1
01BB97	1	1	06	0F58	0	2	1
01BB99	1	1	06	0F58	0	3	1
01BB9C	1	1	06	0F58	0	1	1
01BB9D	1	1	06	0F58	0	2	1
01BB9F	1	1	06	0F58	0	4	1
01BBA3	1	1	06	0F58	0	1	1
01BBA4	1	1	06	0F58	0	2	1
01BBA6	1	1	06	0F58	0	2	1
01BBA8	1	1	06	0F58	0	4	1
01CE56	1	1	06	13D8	0	2	1
01CE58	1	1	06	13D8	0	2	1
01CE5A	1	1	06	13D8	0	2	1
01CE5C	1	1	06	13D8	0	2	1
01CE5E	1	1	06	13D8	0	2	1
01CE60	1	1	06	13D8	0	2	1
01CE62	1	1	06	13D8	0	2	1
01CE64	1	1	06	13D8	0	2	1
01CE66	1	1	06	13D8	0	2	1
01CE68	1	1	06	13D8	0	2	1
01CE6A	1	1	06	13D8	0	2	1
01CE6C	1	1	06	13D8	0	2	1
01CE6E	1	1	06	13D8	0	2	1
01CE70	1	1	06	13D8	0	2	1
01CE72	1	1	06	13D8	0	2	1
01CE74	1	1	06	13D8	0	2	1
01CE76	1	1	06	13D8	0	2	1
01CE78	1	1	06	13D8	0	2	1
01CE7A	1	1	06	13D8	0	4	1
01CE7E	1	1	06	13D8	0	2	1
01CE80	1	1	06	13D8	0	2	1
01CE82	1	1	06	13D8	0	2	1
01CE84	1	1	06	13D8	0	1	1
01CE85	1	1	06	13D8	0	4	1
01CE89	1	1	06	13D8	0	2	1
01CE8B	1	1	06	13D8	0	4	1
01CE8F	1	1	06	13D8	0	4	1
01CE93	1	1	06	13D8	0	2	1
01CE95	1	1	06	13D8	0	1	1
01CE96	1	1	06	13D8	0	2	1
01CE98	1	1	06	13D8	0	2	1
01CE9A	1	1	06	13D8	0	2	1
01CE9C	1	1	06	13D8	0	2	1
01CE9E	1	1	06	13D8	0	3	1
01CEA1	1	1	06	13D8	0	2	1
01CEA3	1	1	06	13D8	0	2	1
01CEA5	1	1	06	13D8	0	1	1
01CEA6	1	1	06	13D8	0	4	1
01CEAA	1	1	06	13D8	0	4	1
01D15E	1	1	06	1518	0	2	1
01D160	1	1	06	1518	0	3	1
01D163	1	1	06	1518	0	3	1
01D166	1	1	06	1518	0	1	1
01D16D	1	1	06	1518	0	2	1
01D16F	1	1	06	1518	0	2	1
01D171	1	1	06	1518	0	2	1
01D173	1	1	06	1518	0	2	1
01D175	1	1	06	1518	0	2	1
01D177	1	1	06	1518	0	2	1
01D179	1	1	06	1518	0	2	1
01D17B	1	1	06	1518	0	3	1
01D17E	1	1	06	1518	0	2	1
01D180	1	1	06	1518	0	2	1
01D182	1	1	06	1518	0	2	1
01D184	1	1	06	1518	0	2	1
01D186	1	1	06	1518	0	4	1
01D18A	1	1	06	1518	0	2	1
01D18C	1	1	06	1518	0	2	1
01D18E	1	1	06	1518	0	2	1
01D190	1	1	06	1518	0	2	1
01D192	1	1	06	1518	0	1	1
01D193	1	1	06	1518	0	4	1
01D197	1	1	06	1518	0	1	1
01D198	1	1	06	1518	0	4	1
01D19C	1	1	06	1518	0	2	1
01D19E	1	1	06	1518	0	2	1
01D1A0	1	1	06	1518	0	2	1
01D1A7	1	1	06	1518	0	2	1
01D1A9	1	1	06	1518	0	2	1
01D1AB	1	1	06	1518	0	1	1
01D381	1	1	06	1518	0	4	1
01D385	1	1	06	1518	0	1	1
01D386	1	1	06	1518	0	2	1
01D388	1	1	06	1518	0	2	1
01D38A	1	1	06	1518	0	2	1
01D38C	1	1	06	1518	0	1	1
01D38D	1	1	06	1518	0	2	1
01D38F	1	1	06	1518	0	4	1
01D393	1	1	06	1518	0	1	1
01D394	1	1	06	1518	0	2	1
01D396	1	1	06	1518	0	1	1
01D3ED	1	1	06	1518	0	2	1
01D3EF	1	0	06	1518	0	2	1
01D3F1	1	0	06	1518	0	2	1
01D3FA	1	0	06	1518	0	3	1
01D3FD	1	0	06	1518	0	2	1
01D3FF	1	0	06	1518	0	2	1
01D401	1	0	06	1518	0	2	1
01D403	1	0	06	1518	0	3	1
01D406	1	0	06	1518	0	2	1
01D408	1	0	06	1518	0	2	1
01D40A	1	1	06	1518	0	1	1
01D40B	1	1	06	1518	0	3	1
01D40E	1	1	06	1518	0	2	1
01D410	1	1	06	1518	0	2	1
01D412	1	1	06	1518	0	3	1
01D415	1	1	06	1518	0	2	1
01D417	1	1	06	1518	0	2	1
01D419	1	0	06	1518	0	3	1
01D41C	1	0	06	1518	0	4	1
01D420	1	0	06	1518	0	2	1
01D422	1	1	06	1518	0	2	1
01D424	1	1	06	1518	0	2	1
01D426	1	1	06	1518	0	1	1
01D427	1	1	06	1518	0	2	1
01D429	1	1	06	1518	0	1	1
01D42A	1	1	06	1518	0	2	1
01D42C	1	1	06	1518	0	3	1
01D42F	1	1	06	1518	0	3	1
01D432	1	1	06	1518	0	1	1
01D439	1	1	06	1518	0	2	1
01D43B	1	1	06	1518	0	2	1
01D43D	1	1	06	1518	0	2	1
01D43F	1	1	06	1518	0	2	1
01D441	1	1	06	1518	0	2	1
01D443	1	1	06	1518	0	2	1
01D445	1	1	06	1518	0	2	1
01D447	1	1	06	1518	0	3	1
01D44A	1	1	06	1518	0	2	1
01D44C	1	1	06	1518	0	2	1
01D44E	1	1	06	1518	0	2	1
01D450	1	1	06	1518	0	2	1
01D452	1	1	06	1518	0	2	1
01D454	1	0	06	1518	0	3	1
01D457	1	0	06	1518	0	2	1
01D459	1	0	06	1518	0	2	1
01D45B	1	0	06	1518	0	2	1
01D45D	1	0	06	1518	0	3	1
01D460	1	0	06	1518	0	2	1
01D462	1	0	06	1518	0	2	1
01D464	1	1	06	1518	0	4	1
01D468	1	1	06	1518	0	2	1
01D46A	1	1	06	1518	0	2	1
01D46C	1	1	06	1518	0	2	1
01D46E	1	1	06	1518	0	2	1
01D470	1	1	06	1518	0	1	1
01D471	1	1	06	1518	0	4	1
01D475	1	1	06	1518	0	1	1
01D476	1	1	06	1518	0	4	1
01D47A	1	1	06	1518	0	2	1
01D47C	1	1	06	1518	0	2	1
01D47E	1	1	06	1518	0	2	1
01D480	1	1	06	1518	0	4	1
01D484	1	0	06	1518	0	1	1
01D485	1	1	06	1518	0	2	1
01D487	1	1	06	1518	0	2	1
01D489	1	1	06	1518	0	1	1
01D48A	1	1	06	1518	0	2	1
01D48C	1	1	06	1518	0	3	1
01D497	1	1	06	1518	0	2	1
01D499	1	1	06	1518	0	2	1
01D49B	1	1	06	1518	0	2	1
01D49D	1	1	06	1518	0	2	1
01D49F	0	1	06	1518	0	2	1
01D4A1	0	1	06	1518	0	3	1
01D4A4	0	1	06	1518	0	2	1
01D4A6	0	1	06	1518	0	2	1
01D4A8	0	1	06	1518	0	2	1
01D4AA	0	1	06	1518	0	2	1
01D4AC	0	1	06	1518	0	2	1
01D4AE	1	1	06	1518	0	2	1
01D4B0	1	1	06	1518	0	2	1
01D4B2	1	1	06	1518	0	2	1
01D4B4	1	1	06	1518	0	1	1
01D4B5	1	1	06	1518	0	2	1
01D4B7	1	1	06	1518	0	2	1
01D4B9	1	1	06	1518	0	2	1
01D4BB	1	1	06	1518	0	4	1
01D4BF	1	1	06	1518	0	4	1
01D4C3	1	1	06	1518	0	2	1
01D4C5	1	1	06	1518	0	2	1
01D4C7	1	1	06	1518	0	2	1
01D4C9	1	1	06	1518	0	2	1
01D4CB	1	1	06	1518	0	2	1
01D4CD	1	1	06	1518	0	2	1
01D4CF	1	1	06	1518	0	1	1
01D4D0	1	1	06	1518	0	4	1
01D4D4	1	1	06	1518	0	4	1
01D4D8	1	1	06	1518	0	2	1
01D4DA	1	1	06	1518	0	2	1
01D4DC	1	1	06	1518	0	2	1
01D4DE	1	1	06	1518	0	2	1
01D4E0	1	1	06	1518	0	3	1
01D4E3	1	1	06	1518	0	1	1
01D4E4	1	1	06	1518	0	2	1
01D4E6	1	1	06	1518	0	2	1
01D4E8	1	1	06	1518	0	2	1
01D4EA	1	1	06	1518	0	2	1
01D4EC	1	1	06	1518	0	2	1
01D4EE	1	1	06	1518	0	2	1
01D4F0	1	1	06	1518	0	2	1
01D4F2	1	1	06	1518	0	2	1
01D4F4	1	1	06	1518	0	2	1
01D4F6	1	1	06	1518	0	2	1
01D4F8	1	1	06	1518	0	2	1
01D4FA	1	1	06	1518	0	2	1
01D4FC	1	1	06	1518	0	4	1
01D500	1	1	06	1518	0	2	1
01D502	0	1	06	1518	0	2	1
01D504	0	1	06	1518	0	3	1
01D507	0	1	06	1518	0	2	1
01D509	0	1	06	1518	0	3	1
01D50C	0	1	06	1518	0	2	1
01D50E	0	1	06	1518	0	2	1
01D510	1	1	06	1518	0	2	1
01D512	1	1	06	1518	0	2	1
01D514	1	1	06	1518	0	2	1
01D51C	1	1	06	1518	0	4	1
01D520	1	1	06	1518	0	4	1
01D524	1	1	06	1518	0	4	1
01D528	1	1	06	1518	0	2	1
01D533	1	1	06	1518	0	1	1
01D534	1	1	06	1518	0	2	1
01D536	1	1	06	1518	0	2	1
01D538	1	1	06	1518	0	2	1
01D53A	1	1	06	1518	0	2	1
01D53C	1	1	06	1518	0	2	1
01D53E	1	1	06	1518	0	1	1
01D53F	1	1	06	1518	0	1	1
01D540	1	1	06	1518	0	4	1
01D544	1	1	06	1518	0	4	1
01D548	1	1	06	1518	0	2	1
01D54A	1	1	06	1518	0	2	1
01D54C	1	1	06	1518	0	2	1
01D557	1	1	06	1518	0	2	1
01D559	1	1	06	1518	0	2	1
01D55B	1	1	06	1518	0	2	1
01D55D	1	1	06	1518	0	2	1
01D55F	1	1	06	1518	0	2	1
01D561	1	1	06	1518	0	2	1
01D563	1	1	06	1518	0	2	1
01D567	1	1	06	1518	0	2	1
01D569	1	1	06	1518	0	2	1
01D570	1	1	06	1518	0	2	1
01D572	1	1	06	1518	0	2	1
01D574	1	1	06	1518	0	2	1
01D576	1	1	06	1518	0	4	1
01D57A	1	1	06	1518	0	4	1
01D57E	1	1	06	1518	0	2	1
01D580	1	1	06	1518	0	2	1
01D582	1	1	06	1518	0	2	1
01D584	1	1	06	1518	0	2	1
01D586	1	1	06	1518	0	2	1
01D588	1	1	06	1518	0	4	1
01D58C	1	1	06	1518	0	1	1
01D58D	1	1	06	1518	0	2	1
01D58F	1	1	06	1518	0	3	1
01D59A	1	1	06	1518	0	3	1
01D59D	1	1	06	1518	0	2	1
01D59F	1	1	06	1518	0	3	1
01D5A2	1	1	06	1518	0	2	1
01D5A4	1	1	06	1518	0	2	1
01D5A6	1	1	06	1518	0	2	1
01D5A8	1	1	06	1518	0	3	1
01D5AB	1	1	06	1518	0	2	1
01D5AD	1	1	06	1518	0	3	1
01D5B0	1	1	06	1518	0	2	1
01D5B2	1	1	06	1518	0	2	1
01D5B4	1	1	06	1518	0	2	1
01D5B6	1	1	06	1518	0	1	1
01D5B7	1	1	06	1518	0	2	1
01D5B9	1	1	06	1518	0	4	1
01D5BD	1	1	06	1518	0	1	1
01D5BE	1	1	06	1518	0	1	1
01D5BF	1	1	06	1518	0	3	1
01D5C2	1	1	06	1518	0	2	1
01D5C4	1	1	06	1518	0	2	1
01D5C6	1	1	06	1518	0	3	1
01D5C9	1	1	06	1518	0	2	1
01D5CB	1	1	06	1518	0	1	1
01D5CC	1	1	06	1518	0	3	1
01D5CF	1	1	06	1518	0	2	1
01D5D1	1	1	06	1518	0	2	1
01D5D3	1	1	06	1518	0	2	1
01D5D5	1	1	06	1518	0	2	1
01D5D7	1	1	06	1518	0	2	1
01D5D9	1	1	06	1518	0	2	1
01D5DB	1	1	06	1518	0	1	1
01D5DC	1	1	06	1518	0	1	1
01D5DD	1	1	06	1518	0	2	1
01D5DF	1	1	06	1518	0	2	1
01D5E1	1	1	06	1518	0	2	1
01D5E3	1	1	06	1518	0	2	1
01D5E5	1	1	06	1518	0	1	1
01D684	1	1	06	1518	0	2	1
01D686	1	1	06	1518	0	2	1
01D688	1	1	06	1518	0	2	1
01D68A	1	1	06	1518	0	4	1
01D68E	1	1	06	1518	0	2	1
01D690	1	1	06	1518	0	1	1
01D691	1	1	06	1518	0	4	1
01D695	1	1	06	1518	0	1	1
01D696	1	1	06	16F8	0	2	1
01D698	1	1	06	16F8	0	3	1
01D69B	1	1	06	16F8	0	3	1
01D69E	1	1	06	16F8	0	2	1
01D6A0	1	1	06	16F8	0	4	1
01D6AC	1	1	06	16F8	0	2	1
01D6AE	1	1	06	16F8	0	2	1
01D6B0	1	1	06	16F8	0	1	1
01D6B1	1	1	06	16F8	0	1	1
01D6B2	1	1	06	16F8	0	3	1
01D6B5	1	1	06	16F8	0	2	1
01D6B7	1	1	06	16F8	0	3	1
01D6BA	1	1	06	16F8	0	4	1
01D6BE	1	1	06	16F8	0	2	1
01D6C0	1	1	06	16F8	0	2	1
01D6C2	1	1	06	16F8	0	2	1
01D6C4	1	1	06	16F8	0	4	1
01D6C8	1	1	06	16F8	0	2	1
01D6CA	1	1	06	16F8	0	2	1
01D6CC	1	1	06	16F8	0	2	1
01D6CE	0	1	06	16F8	0	2	1
01D6D0	0	1	06	16F8	0	1	1
01D6D1	0	1	06	16F8	0	1	1
01D6D2	0	1	06	16F8	0	3	1
01D6D5	0	1	06	16F8	0	2	1
01D6D7	0	1	06	16F8	0	2	1
01D6D9	1	1	06	16F8	0	2	1
01D6DB	1	1	06	16F8	0	2	1
01D6DD	1	1	06	16F8	0	2	1
01D6DF	1	1	06	16F8	0	3	1
01D6E2	1	1	06	16F8	0	4	1
01D6E6	1	1	06	16F8	0	2	1
01D6E8	1	1	06	16F8	0	2	1
01D6EA	1	1	06	16F8	0	2	1
01D6EC	0	1	06	16F8	0	3	1
01D6EF	0	1	06	16F8	0	2	1
01D6F1	0	1	06	16F8	0	2	1
01D6F3	0	1	06	1578	0	3	1
01D6F6	0	1	06	16F8	0	2	1
01D6F8	0	1	06	16F8	0	1	1
01D6F9	0	1	06	16F8	0	2	1
01D6FB	0	1	06	16F8	0	2	1
01D6FD	0	1	06	16F8	0	3	1
01D700	0	1	06	16F8	0	2	1
01D702	0	1	06	16F8	0	1	1
01D703	0	1	06	16F8	0	1	1
01D704	0	1	06	16F8	0	2	1
01D706	0	1	06	16F8	0	1	1
01D707	0	1	06	16F8	0	3	1
01D70A	0	1	06	16F8	0	3	1
01D70D	0	1	06	16F8	0	2	1
01D70F	1	1	06	16F8	0	2	1
01D711	1	1	06	16F8	0	3	1
01D714	1	1	06	16F8	0	4	1
01D718	1	1	06	16F8	0	2	1
01D71A	0	0	06	16F8	0	2	1
01D71C	0	0	06	16F8	0	3	1
01D71F	0	0	06	16F8	0	3	1
01D722	0	0	06	16F8	0	2	1
01D746	0	0	06	16F8	0	2	1
01D748	1	0	06	16F8	0	2	1
01D74A	1	0	06	16F8	0	3	1
01D74D	1	0	06	16F8	0	2	1
01D752	1	0	06	16F8	0	3	1
01D755	1	0	06	16F8	0	2	1
01D757	1	0	06	16F8	0	2	1
01D75C	1	0	06	16F8	0	2	1
01D75E	1	0	06	16F8	0	3	1
01D761	1	0	06	16F8	0	2	1
01D763	1	0	06	16F8	0	2	1
01D768	1	0	06	16F8	0	3	1
01D76B	1	0	06	16F8	0	2	1
01D76D	1	0	06	16F8	0	2	1
01D76F	1	0	06	16F8	0	3	1
01D772	1	0	06	16F8	0	3	1
01D775	1	0	06	16F8	0	2	1
01D777	1	0	06	16F8	0	2	1
01D779	1	0	06	16F8	0	3	1
01D77C	1	0	06	16F8	0	2	1
01D77E	1	0	06	16F8	0	2	1
01D780	1	0	06	16F8	0	2	1
01D782	1	1	06	16F8	0	2	1
01D784	1	1	06	16F8	0	2	1
01D786	1	1	06	16F8	0	4	1
01D78A	1	1	06	16F8	0	4	1
01D78E	1	1	06	16F8	0	2	1
01D790	1	1	06	16F8	0	2	1
01D792	1	1	06	1608	0	4	1
01D796	1	1	06	16F8	0	2	1
01D798	1	0	06	16F8	0	2	1
01D79A	1	0	06	16F8	0	3	1
01D79D	1	0	06	16F8	0	2	1
01D79F	1	0	06	16F8	0	2	1
01D7A1	1	1	06	16F8	0	2	1
01D7A3	1	1	06	16F8	0	4	1
01D7A7	1	1	06	16F8	0	4	1
01D7AB	1	1	06	16F8	0	2	1
01D7AD	1	1	06	16F8	0	2	1
01D7AF	1	1	06	16F8	0	2	1
01D7B1	1	1	06	16F8	0	2	1
01D7B3	1	1	06	1608	0	2	1
01D7B5	1	1	06	1608	0	2	1
01D7B7	1	1	06	1608	0	2	1
01D7B9	1	0	06	1608	0	2	1
01D7BB	1	0	06	1608	0	3	1
01D7BE	1	0	06	1608	0	2	1
01D7C0	1	1	06	1608	0	2	1
01D7C2	1	1	06	1608	0	2	1
01D7C4	1	1	06	1608	0	3	1
01D7C7	1	1	06	16F8	0	2	1
01D7C9	0	0	06	16F8	0	2	1
01D7CB	0	0	06	16F8	0	3	1
01D7CE	0	0	06	16F8	0	1	1
01D7CF	0	0	06	16F8	0	2	1
01D7D1	0	0	06	16F8	0	2	1
01D7D3	0	0	06	16F8	0	2	1
01D7D5	0	0	06	16F8	0	2	1
01D7D7	1	1	06	16F8	0	1	1
01D7D8	0	0	06	1608	0	2	1
01D7DA	1	0	06	1608	0	2	1
01D7DC	1	0	06	1608	0	2	1
01D7DE	1	0	06	1608	0	3	1
01D7E1	1	0	06	1608	0	3	1
01D7E4	1	0	06	1608	0	2	1
01D7E6	1	1	06	1608	0	2	1
01D7E8	1	1	06	1608	0	2	1
01D7EA	1	1	06	1608	0	2	1
01D7EC	1	0	06	16F8	0	2	1
01D7EE	1	1	06	16F8	0	2	1
01D7F0	1	1	06	16F8	0	2	1
01D7F2	1	1	06	16F8	0	4	1
01D7F6	1	1	06	16F8	0	4	1
01D7FA	1	1	06	16F8	0	2	1
01D7FC	1	1	06	16F8	0	2	1
01D7FE	1	0	06	16F8	0	2	1
01D800	1	0	06	16F8	0	3	1
01D803	1	0	06	16F8	0	2	1
01D805	1	0	06	16F8	0	2	1
01D807	1	0	06	16F8	0	2	1
01D809	1	0	06	16F8	0	3	1
01D80C	1	0	06	16F8	0	3	1
01D80F	1	0	06	16F8	0	2	1
01D811	1	0	06	16F8	0	2	1
01D813	1	0	06	16F8	0	2	1
01D815	1	0	06	16F8	0	2	1
01D817	1	0	06	16F8	0	2	1
01D819	1	0	06	16F8	0	3	1
01D81C	1	0	06	16F8	0	3	1
01D81F	1	0	06	16F8	0	2	1
01D821	1	1	06	16F8	0	1	1
01D822	1	1	06	16F8	0	1	1
01D823	1	1	06	16F8	0	2	1
01D825	1	1	06	16F8	0	2	1
01D827	1	0	06	16F8	0	3	1
01D82A	1	0	06	16F8	0	2	1
01D82C	1	0	06	16F8	0	2	1
01D82E	1	0	06	16F8	0	3	1
01D831	1	0	06	16F8	0	4	1
01D835	1	0	06	16F8	0	2	1
01D837	1	0	06	16F8	0	1	1
01D838	1	1	06	16F8	0	1	1
01D839	1	0	06	1578	0	2	1
01D83B	0	0	06	1578	0	3	1
01D83E	0	0	06	1578	0	3	1
01D841	0	0	06	1578	0	2	1
01D843	0	0	06	15A8	0	3	1
01D846	0	0	06	15A8	0	3	1
01D849	0	0	06	15A8	0	2	1
01D84B	0	0	06	15A8	0	3	1
01D84E	0	0	06	15A8	0	2	1
01D850	0	0	06	15A8	0	3	1
01D853	0	0	06	15A8	0	3	1
01D856	0	0	06	15A8	0	3	1
01D859	0	0	06	15A8	0	2	1
01D85E	0	0	06	15A8	0	1	1
01D85F	0	0	06	15A8	0	3	1
01D862	0	0	06	15A8	0	1	1
01D863	0	0	06	15A8	0	2	1
01D872	0	0	06	15A8	0	1	1
01D873	0	0	06	15A8	0	3	1
01D876	0	0	06	15A8	0	3	1
01D879	0	0	06	15A8	0	1	1
01D87A	0	0	06	15A8	0	3	1
01D87D	0	0	06	1578	0	2	1
01D87F	0	0	06	1578	0	2	1
01D881	0	0	06	1578	0	3	1
01D884	0	0	06	1578	0	1	1
01D885	0	0	06	1578	0	3	1
01D888	0	0	06	1578	0	2	1
01D88A	1	0	06	1578	0	3	1
01D88D	1	0	06	1578	0	3	1
01D890	1	0	06	1578	0	3	1
01D893	1	0	06	1578	0	1	1
01D894	1	0	06	1578	0	3	1
01D897	1	0	06	1578	0	3	1
01D89A	1	0	06	1578	0	2	1
01D89C	1	0	06	1578	0	3	1
01D89F	1	0	06	1578	0	2	1
01D8A1	1	0	06	1578	0	1	1
01D8A2	1	0	06	1578	0	1	1
01D8A3	1	0	06	1578	0	3	1
01D8A6	1	0	06	1578	0	3	1
01D8A9	1	0	06	1578	0	1	1
01D8AA	1	0	06	1578	0	3	1
01D8AD	1	0	06	1578	0	2	1
01D8AF	1	0	06	1578	0	2	1
01D8B1	1	0	06	1578	0	1	1
01D8B2	1	0	06	1578	0	2	1
01D8B4	1	0	06	1578	0	2	1
01D8B6	1	0	06	1578	0	2	1
01D8B8	0	0	06	1578	0	2	1
01D8BA	0	0	06	1578	0	2	1
01D8BC	0	0	06	1578	0	3	1
01D8BF	0	0	06	1578	0	3	1
01D8C2	0	0	06	1578	0	3	1
01D8C5	0	0	06	1578	0	2	1
01D8CA	0	0	06	1578	0	1	1
01D8CB	0	0	06	1578	0	3	1
01D8CE	0	0	06	1578	0	2	1
01D8D0	0	0	06	16F8	0	2	1
01D8D2	0	0	06	16F8	0	2	1
01D8D4	0	0	06	16F8	0	3	1
01D8D7	0	0	06	16F8	0	3	1
01D8DA	0	0	06	16F8	0	1	1
01D8DB	0	0	06	1578	0	1	1
01D8DC	0	0	06	1578	0	3	1
01D8DF	0	0	06	1578	0	3	1
01D8E2	0	0	06	1578	0	1	1
01D8E3	0	0	06	1578	0	3	1
01D8E6	0	0	06	1578	0	2	1
01D8E8	1	1	06	1578	0	1	1
01D8E9	1	1	06	1578	0	1	1
01D8EA	1	1	06	1608	0	1	1
01D8EB	1	1	06	1608	0	2	1
01D8ED	0	1	06	1608	0	2	1
01D8EF	0	1	06	1608	0	2	1
01D8F1	0	1	06	1608	0	3	1
01D8F4	0	1	06	1608	0	2	1
01D8F6	0	1	06	1608	0	1	1
01D8F7	0	1	06	1608	0	1	1
01D8F8	0	1	06	1608	0	2	1
01D8FA	0	1	06	1608	0	1	1
01D8FB	0	1	06	1608	0	3	1
01D8FE	0	1	06	1608	0	3	1
01D901	0	1	06	1608	0	2	1
01D903	1	1	06	1608	0	2	1
01D905	1	1	06	1608	0	3	1
01D908	1	1	06	1608	0	4	1
01D90C	1	1	06	1608	0	1	1
01D90D	1	1	06	1608	0	1	1
01D90E	1	1	06	1518	0	2	1
01D910	1	1	06	1518	0	3	1
01D913	1	1	06	1518	0	3	1
01D916	1	1	06	1518	0	1	1
01D91D	1	1	06	1518	0	2	1
01D91F	1	1	06	1518	0	2	1
01D921	1	1	06	1518	0	2	1
01D923	1	1	06	1518	0	2	1
01D925	1	1	06	1518	0	2	1
01D927	1	1	06	1518	0	2	1
01D929	1	1	06	1518	0	2	1
01D92B	1	1	06	1518	0	3	1
01D92E	1	1	06	1518	0	2	1
01D930	1	1	06	1518	0	2	1
01D932	1	1	06	1518	0	2	1
01D934	1	1	06	1518	0	2	1
01D936	1	1	06	1518	0	4	1
01D93A	1	1	06	1518	0	2	1
01D93C	1	1	06	1518	0	2	1
01D93E	1	1	06	1518	0	2	1
01D940	1	1	06	1518	0	4	1
01D944	1	1	06	1518	0	1	1
01D945	1	1	06	1518	0	4	1
01D949	1	1	06	1518	0	2	1
01D94B	1	1	06	1518	0	2	1
01D94D	1	1	06	1518	0	2	1
01D94F	1	1	06	1518	0	4	1
01D953	1	0	06	1518	0	1	1
01D959	1	1	06	1518	0	2	1
01D95B	1	1	06	1518	0	3	1
01D964	1	1	06	1518	0	2	1
01D966	1	1	06	1518	0	2	1
01D968	1	1	06	1518	0	2	1
01D96A	1	1	06	1518	0	2	1
01D96C	0	1	06	1518	0	2	1
01D96E	0	1	06	1518	0	3	1
01D971	0	1	06	1518	0	2	1
01D973	0	1	06	1518	0	2	1
01D975	0	1	06	1518	0	2	1
01D977	0	1	06	1518	0	2	1
01D979	0	1	06	1518	0	2	1
01D97B	1	1	06	1518	0	2	1
01D97D	1	1	06	1518	0	2	1
01D97F	1	1	06	1518	0	2	1
01D981	1	1	06	1518	0	1	1
01D982	1	1	06	1518	0	2	1
01D984	1	1	06	1518	0	2	1
01D986	1	1	06	1518	0	2	1
01D988	1	1	06	1518	0	4	1
01D98C	1	1	06	1518	0	4	1
01D990	1	1	06	1518	0	2	1
01D992	1	1	06	1518	0	2	1
01D994	1	1	06	1518	0	2	1
01D996	1	1	06	1518	0	2	1
01D998	1	1	06	1518	0	2	1
01D99A	1	1	06	1518	0	2	1
01D99C	1	1	06	1518	0	1	1
01D9BD	1	1	06	1518	0	2	1
01D9BF	1	1	06	1518	0	2	1
01D9C1	1	1	06	1518	0	2	1
01D9C3	1	1	06	1518	0	2	1
01D9C5	1	1	06	1518	0	2	1
01D9C7	1	1	06	1518	0	2	1
01D9C9	1	1	06	1518	0	2	1
01D9CB	1	1	06	1518	0	2	1
01D9CD	1	1	06	1518	0	2	1
01D9CF	1	1	06	1518	0	2	1
01D9D1	1	1	06	1518	0	2	1
01D9D3	1	1	06	1518	0	4	1
01D9D7	1	1	06	1518	0	2	1
01D9D9	0	1	06	1518	0	2	1
01D9DB	0	1	06	1518	0	3	1
01D9DE	0	1	06	1518	0	2	1
01D9E5	0	1	06	1518	0	2	1
01D9E7	1	1	06	1518	0	2	1
01D9E9	1	1	06	1518	0	2	1
01D9EB	1	1	06	1518	0	2	1
01D9F3	1	1	06	1518	0	4	1
01D9F7	1	1	06	1518	0	4	1
01D9FB	1	1	06	1518	0	3	1
01D9FE	1	1	06	1518	0	2	1
01DA00	1	1	06	1518	0	2	1
01DA02	1	1	06	1518	0	2	1
01DA04	1	0	06	1518	0	3	1
01DA07	1	0	06	1518	0	4	1
01DA0B	1	0	06	1518	0	2	1
01DA0D	1	1	06	1518	0	2	1
01DA12	1	1	06	1518	0	4	1
01DA16	1	1	06	1518	0	1	1
01DA17	1	1	06	1518	0	4	1
01DA1B	1	1	06	1518	0	2	1
01DA1D	1	1	06	1518	0	2	1
01DA1F	1	1	06	1518	0	2	1
01DA2A	1	1	06	1518	0	2	1
01DA2C	1	1	06	1518	0	2	1
01DA2E	1	1	06	1518	0	2	1
01DA30	1	1	06	1518	0	2	1
01DA49	1	1	06	1518	0	4	1
01DA4D	1	1	06	1518	0	3	1
01DA50	1	1	06	1518	0	2	1
01DA52	1	1	06	1518	0	2	1
01DA54	1	1	06	1518	0	2	1
01DA56	1	0	06	1518	0	3	1
01DA59	1	0	06	1518	0	4	1
01DA5D	1	0	06	1518	0	2	1
01DA5F	1	1	06	1518	0	2	1
01DA61	1	1	06	1518	0	2	1
01DA63	1	1	06	1518	0	4	1
01DA67	1	1	06	1518	0	1	1
01DA68	1	1	06	1518	0	4	1
01DA6C	1	1	06	1518	0	1	1
01DA6D	1	1	06	1518	0	2	1
01DA6F	1	1	06	1518	0	3	1
01DA72	1	1	06	1518	0	2	1
01DA74	1	1	06	1518	0	2	1
01DA7B	1	1	06	1518	0	2	1
01DA7D	1	1	06	1518	0	4	1
01DA81	1	1	06	1518	0	3	1
01DA84	1	1	06	1518	0	2	1
01DA86	1	1	06	1518	0	2	1
01DA88	1	1	06	1518	0	1	1
01DA89	1	1	06	1518	0	2	1
01DA8B	1	0	06	1518	0	2	1
01DA8D	1	0	06	1518	0	2	1
01DA96	1	0	06	1518	0	3	1
01DA99	1	0	06	1518	0	2	1
01DA9B	1	0	06	1518	0	2	1
01DA9D	1	1	06	1518	0	1	1
01DA9E	1	1	06	1518	0	2	1
01DAA0	1	1	06	1518	0	3	1
01DAA3	1	1	06	1518	0	3	1
01DAA6	1	1	06	1518	0	1	1
01DAAD	1	1	06	1518	0	3	1
01DAB0	1	1	06	1518	0	2	1
01DAB2	1	1	06	1518	0	2	1
01DAB9	1	1	06	1518	0	2	1
01DABB	1	1	06	1518	0	2	1
01DABD	1	1	06	1518	0	2	1
01DABF	1	1	06	1518	0	2	1
01DAC1	1	1	06	1518	0	2	1
01DAC3	1	1	06	1518	0	2	1
01DAC5	1	1	06	1518	0	2	1
01DAC7	1	1	06	1518	0	2	1
01DAC9	1	1	06	1518	0	4	1
01DACD	1	1	06	1518	0	2	1
01DACF	1	1	06	1518	0	3	1
01DAD2	1	1	06	1518	0	2	1
01DAD4	1	1	06	1518	0	2	1
01DAD6	1	1	06	1518	0	2	1
01DAD8	1	1	06	1518	0	4	1
01DADC	1	1	06	1518	0	2	1
01DADE	1	1	06	1518	0	2	1
01DAE0	1	1	06	1518	0	4	1
01DAE4	1	1	06	1518	0	2	1
01DAE6	1	1	06	1518	0	2	1
01DAE8	1	1	06	1518	0	2	1
01DAEA	1	1	06	1518	0	4	1
01DAEE	1	1	06	1518	0	1	1
01DAEF	1	1	06	1518	0	4	1
01DAF3	1	1	06	1518	0	2	1
01DAFA	1	1	06	1518	0	2	1
01DAFC	1	1	06	1518	0	3	1
01DB07	1	1	06	1518	0	2	1
01DB09	1	1	06	1518	0	2	1
01DB0B	1	1	06	1518	0	2	1
01DB0D	1	1	06	1518	0	2	1
01DB0F	0	1	06	1518	0	2	1
01DB11	0	1	06	1518	0	2	1
01DB13	0	1	06	1518	0	2	1
01DB15	1	1	06	1518	0	2	1
01DB17	1	1	06	1518	0	2	1
01DB19	1	1	06	1518	0	2	1
01DB1B	1	1	06	1518	0	1	1
01DB1C	1	1	06	1518	0	2	1
01DB1E	1	1	06	1518	0	2	1
01DB20	1	1	06	1518	0	2	1
01DB22	1	1	06	1518	0	4	1
01DB26	1	1	06	1518	0	4	1
01DB2A	1	1	06	1518	0	2	1
01DB2C	1	1	06	1518	0	2	1
01DB2E	1	1	06	1518	0	2	1
01DB30	1	1	06	1518	0	2	1
01DB32	1	1	06	1518	0	2	1
01DB34	1	1	06	1518	0	2	1
01DB36	1	1	06	1518	0	1	1
01DB4F	1	1	06	1518	0	2	1
01DB51	1	1	06	1518	0	2	1
01DB53	1	1	06	1518	0	2	1
01DB55	1	1	06	1518	0	2	1
01DB57	1	1	06	1518	0	2	1
01DB59	1	1	06	1518	0	2	1
01DB5B	1	1	06	1518	0	2	1
01DB5D	1	1	06	1518	0	2	1
01DB5F	1	1	06	1518	0	2	1
01DB61	1	1	06	1518	0	2	1
01DB63	1	1	06	1518	0	2	1
01DB65	1	1	06	1518	0	4	1
01DB69	1	1	06	1518	0	2	1
01DB6B	0	1	06	1518	0	2	1
01DB6D	0	1	06	1518	0	3	1
01DB70	0	1	06	1518	0	2	1
01DB77	0	1	06	1518	0	2	1
01DB79	1	1	06	1518	0	2	1
01DB7B	1	1	06	1518	0	2	1
01DB7D	1	1	06	1518	0	2	1
01DB85	1	1	06	1518	0	4	1
01DB89	1	1	06	1518	0	4	1
01DB8D	1	1	06	1518	0	4	1
01DB91	1	1	06	1518	0	2	1
01DB9C	1	1	06	1518	0	4	1
01DBA0	1	1	06	1518	0	1	1
01DBA1	1	1	06	1518	0	4	1
01DBA5	1	1	06	1518	0	2	1
01DBA7	1	1	06	1518	0	2	1
01DBA9	1	1	06	1518	0	2	1
01DBAB	1	1	06	1518	0	2	1
01DBAD	1	1	06	1518	0	2	1
01DBAF	1	1	06	1518	0	2	1
01DBB1	1	1	06	1518	0	2	1
01DBB3	1	1	06	1518	0	1	1
01DBB4	1	1	06	1518	0	2	1
01DBB6	1	1	06	1518	0	2	1
01DBB8	1	1	06	1518	0	2	1
01DBBA	1	1	06	1518	0	2	1
01DBD3	1	1	06	1518	0	4	1
01DBD7	1	1	06	1518	0	4	1
01DBDB	1	1	06	1518	0	2	1
01DBDD	1	1	06	1518	0	2	1
01DBDF	1	1	06	1518	0	2	1
01DBE1	1	1	06	1518	0	2	1
01DBE3	1	1	06	1518	0	3	1
01DBE6	1	1	06	1518	0	4	1
01DBEA	1	1	06	1518	0	1	1
01DBEB	1	1	06	1518	0	2	1
01DBED	1	1	06	1518	0	3	1
01DBF6	1	1	06	1518	0	3	1
01DBF9	1	1	06	1518	0	2	1
01DBFB	1	1	06	1518	0	2	1
01DBFD	1	1	06	1518	0	2	1
01DBFF	1	1	06	1518	0	3	1
01DC02	1	1	06	1518	0	2	1
01DC04	1	1	06	1518	0	2	1
01DC06	1	1	06	1518	0	3	1
01DC09	1	1	06	1518	0	2	1
01DC0B	1	1	06	1518	0	3	1
01DC0E	1	1	06	1518	0	2	1
01DC1A	1	1	06	1518	0	2	1
01DC1C	1	1	06	1518	0	2	1
01DC1E	1	1	06	1518	0	2	1
01DC20	1	1	06	1518	0	3	1
01DC23	1	1	06	1518	0	3	1
01DC26	1	1	06	1518	0	3	1
01DC29	1	1	06	1518	0	3	1
01DC2C	1	1	06	1518	0	3	1
01DC2F	1	1	06	1518	0	3	1
01DC32	1	1	06	1518	0	3	1
01DC35	1	1	06	1518	0	3	1
01DC38	1	1	06	1518	0	2	1
01DC3A	1	1	06	1518	0	2	1
01DC3C	1	1	06	1518	0	4	1
01DC40	1	1	06	1518	0	2	1
01DC42	1	1	06	1518	0	2	1
01DC44	1	1	06	1518	0	2	1
01DC46	1	1	06	1518	0	4	1
01DC4A	1	1	06	1518	0	1	1
01DC4B	1	1	06	1518	0	2	1
01DC4D	1	1	06	1518	0	2	1
01DC4F	1	1	06	1518	0	2	1
01DC51	1	1	06	1518	0	2	1
01DC53	1	1	06	1518	0	1	1
01DC54	1	1	06	1518	0	3	1
01DC57	1	1	06	1518	0	3	1
01DC5A	1	1	06	1518	0	3	1
01DC5D	1	1	06	1518	0	3	1
01DC60	1	1	06	1518	0	3	1
01DC63	1	1	06	1518	0	3	1
01DC66	1	1	06	1518	0	3	1
01DC69	1	1	06	1518	0	2	1
01DC6B	1	1	06	1518	0	2	1
01DC6D	1	1	06	1518	0	2	1
01DC6F	1	1	06	1518	0	2	1
01DC71	1	1	06	1518	0	4	1
01DC75	1	1	06	1518	0	1	1
01DC76	1	1	06	1518	0	3	1
01DC79	1	1	06	1518	0	4	1
01DC7D	1	1	06	1518	0	1	1
01DC7E	1	1	06	1518	0	2	1
01DC80	1	0	06	1518	0	2	1
01DC82	1	0	06	1518	0	2	1
01DC8B	1	0	06	1518	0	3	1
01DC8E	1	0	06	1518	0	2	1
01DC90	1	0	06	1518	0	2	1
01DC92	1	1	06	1518	0	1	1
01DC93	1	1	06	1518	0	2	1
01DC95	1	1	06	1518	0	3	1
01DC98	1	1	06	1518	0	1	1
01DCA3	1	1	06	1518	0	2	1
01DCA5	1	1	06	1518	0	2	1
01DCA7	1	1	06	1518	0	4	1
01DCAB	1	1	06	1518	0	2	1
01DCAD	1	1	06	1518	0	4	1
01DCB1	1	1	06	1518	0	2	1
01DCB3	1	1	06	1518	0	2	1
01DCB5	1	1	06	1518	0	2	1
01DCB7	1	1	06	1518	0	2	1
01DCB9	1	1	06	1518	0	2	1
01DCBB	0	1	06	1518	0	2	1
01DCBD	0	1	06	1518	0	2	1
01DCBF	0	1	06	1518	0	3	1
01DCC2	0	1	06	1518	0	2	1
01DCC4	0	1	06	1518	0	2	1
01DCC6	1	1	06	1518	0	2	1
01DCC8	1	1	06	1518	0	2	1
01DCCA	1	1	06	1518	0	2	1
01DCCC	1	1	06	1518	0	4	1
01DCD0	1	1	06	1518	0	1	1
01DCD1	1	1	06	1518	0	3	1
01DCD4	1	1	06	1518	0	2	1
01DCDB	1	1	06	1518	0	2	1
01DCDD	1	0	06	1518	0	3	1
01DCE0	1	0	06	1518	0	4	1
01DCE4	1	0	06	1518	0	2	1
01DCE6	1	1	06	1518	0	2	1
01DCE8	1	1	06	1518	0	1	1
01DCE9	1	1	06	1518	0	4	1
01DCED	1	1	06	1518	0	2	1
01DCEF	0	1	06	1518	0	3	1
01DCF2	0	1	06	1518	0	2	1
01DCF4	0	1	06	1518	0	2	1
01DCF6	0	0	06	1518	0	3	1
01DCF9	0	0	06	1518	0	1	1
01DCFA	0	0	06	1518	0	3	1
01DCFD	0	0	06	1518	0	1	1
01DCFE	0	0	06	1518	0	4	1
01DD02	0	0	06	1518	0	2	1
01DD04	1	1	06	1518	0	2	1
01DD06	1	1	06	1518	0	3	1
01DD09	1	1	06	1518	0	3	1
01DD0C	1	1	06	1518	0	3	1
01DD0F	1	1	06	1518	0	3	1
01DD12	1	1	06	1518	0	3	1
01DD15	1	1	06	1518	0	3	1
01DD18	1	1	06	1518	0	3	1
01DD1B	1	1	06	1518	0	4	1
01DD1F	1	1	06	1518	0	4	1
01DD23	1	1	06	1518	0	4	1
01DD27	1	1	06	1518	0	4	1
01DD2B	1	1	06	1518	0	2	1
01DD2D	1	1	06	1518	0	2	1
01DD2F	1	1	06	1518	0	2	1
01DD31	1	1	06	1518	0	2	1
01DD33	1	1	06	1518	0	3	1
01DD36	1	1	06	1518	0	4	1
01DD3A	1	1	06	1518	0	2	1
01DD3C	1	1	06	1518	0	2	1
01DD3E	1	1	06	1518	0	4	1
01DD42	1	1	06	1518	0	2	1
01DD44	1	1	06	1518	0	4	1
01DD48	1	1	06	1518	0	2	1
01DD4A	1	1	06	1518	0	4	1
01DD4E	1	1	06	1518	0	1	1
01DD4F	1	1	06	1518	0	4	1
01DD53	1	1	06	1518	0	2	1
01DD55	1	1	06	1518	0	2	1
01DD57	1	1	06	1518	0	4	1
01DD5B	1	1	06	1518	0	1	1
01DD5C	1	1	06	1518	0	3	1
01DD5F	1	1	06	1518	0	2	1
01DD61	1	1	06	1518	0	2	1
01DD63	1	1	06	1518	0	2	1
01DD65	0	1	06	1518	0	3	1
01DD68	0	1	06	1518	0	3	1
01DD6B	0	1	06	1518	0	2	1
01DD6D	0	1	06	1518	0	1	1
01DD6E	0	1	06	1518	0	3	1
01DD71	0	1	06	1518	0	3	1
01DD74	0	1	06	1518	0	3	1
01DD77	0	1	06	1518	0	3	1
01DD7A	0	1	06	1518	0	2	1
01DD7C	1	1	06	1518	0	1	1
01DD7D	1	1	06	1518	0	1	1
01DD7E	1	1	06	1518	0	3	1
01DD81	1	1	06	1518	0	1	1
01DD82	1	1	06	09D8	0	4	1
01DD86	1	1	06	09D8	0	1	1
01DD87	1	1	06	1518	0	2	1
01DD89	0	1	06	1518	0	3	1
01DD8C	0	1	06	1518	0	3	1
01DD8F	0	1	06	1518	0	2	1
01DD91	1	1	06	1518	0	2	1
01DD93	1	1	06	1518	0	2	1
01DD95	1	1	06	1518	0	4	1
01DD99	1	1	06	1518	0	2	1
01DD9B	1	1	06	1518	0	2	1
01DD9D	1	1	06	1518	0	2	1
01DD9F	0	1	06	1518	0	2	1
01DDA1	0	1	06	1518	0	1	1
01DDA2	0	1	06	1518	0	3	1
01DDA5	0	1	06	1518	0	2	1
01DDA7	0	1	06	1518	0	2	1
01DDA9	1	1	06	1518	0	2	1
01DDAB	1	1	06	1518	0	2	1
01DDAD	1	1	06	1518	0	2	1
01DDAF	1	1	06	1518	0	4	1
01DDB3	1	1	06	1518	0	1	1
01DDBB	1	1	06	1518	0	4	1
01DDBF	1	1	06	1518	0	2	1
01DDC1	1	1	06	1518	0	2	1
01DDC3	1	1	06	1518	0	4	1
01DDC7	1	1	06	1518	0	1	1
01DDC8	1	1	06	1518	0	3	1
01DDCB	1	1	06	1518	0	4	1
01DDCF	1	1	06	1518	0	4	1
01DDD3	1	1	06	1518	0	3	1
01DDD6	1	1	06	1518	0	3	1
01DDD9	1	1	06	1518	0	3	1
01DDDC	1	1	06	1518	0	3	1
01DDDF	1	1	06	1518	0	3	1
01DDE2	1	1	06	1518	0	3	1
01DDE5	1	1	06	1518	0	2	1
01DDE7	0	1	06	1518	0	2	1
01DDE9	0	1	06	1518	0	3	1
01DDEC	0	1	06	1518	0	2	1
01DDEE	1	1	06	1518	0	4	1
01DDF2	1	1	06	1518	0	1	1
01DDF3	1	1	06	1518	0	2	1
01DDF5	0	1	06	1518	0	3	1
01DDF8	0	1	06	1518	0	3	1
01DDFB	0	1	06	1518	0	1	1
01DDFC	0	1	06	1518	0	2	1
01DDFE	0	1	06	1518	0	1	1
01DDFF	0	1	06	1518	0	2	1
01DE01	0	1	06	1518	0	1	1
01DE02	0	1	06	1518	0	3	1
01DE05	0	1	06	1518	0	2	1
01DE07	0	1	06	1518	0	2	1
01DE09	0	1	06	1518	0	3	1
01DE0C	0	1	06	1518	0	2	1
01DE0E	0	1	06	1518	0	1	1
01DE0F	0	1	06	1518	0	3	1
01DE12	0	1	06	1518	0	3	1
01DE15	0	1	06	1518	0	2	1
01DE17	0	1	06	1518	0	3	1
01DE1A	0	1	06	1518	0	4	1
01DE1E	0	1	06	1518	0	4	1
01DE22	0	1	06	1518	0	2	1
01DE24	0	1	06	1518	0	1	1
01DE25	0	1	06	1518	0	3	1
01DE28	0	1	06	1518	0	3	1
01DE2B	0	1	06	1518	0	4	1
01DE2F	0	1	06	1518	0	4	1
01DE33	0	1	06	1518	0	2	1
01DE35	0	1	06	1518	0	2	1
01DE37	0	1	06	1518	0	2	1
01DE39	0	1	06	1518	0	3	1
01DE3C	0	1	06	1518	0	2	1
01DE3E	0	1	06	1518	0	3	1
01DE41	0	1	06	1518	0	2	1
01DE43	0	1	06	1518	0	3	1
01DE46	0	1	06	1518	0	4	1
01DE4A	0	1	06	1518	0	4	1
01DE4E	0	1	06	1518	0	2	1
01DE50	0	1	06	1518	0	1	1
01DE51	0	1	06	1518	0	3	1
01DE54	0	1	06	1518	0	3	1
01DE57	0	1	06	1518	0	4	1
01DE5B	0	1	06	1518	0	4	1
01DE5F	0	1	06	1518	0	2	1
01DE61	0	1	06	1518	0	2	1
01DE63	0	1	06	1518	0	2	1
01DE65	0	1	06	1518	0	1	1
01DE66	0	1	06	1518	0	3	1
01DE69	0	1	06	1518	0	3	1
01DE6C	0	1	06	1518	0	2	1
01DE6E	0	1	06	1518	0	3	1
01DE71	0	1	06	1518	0	2	1
01DE73	0	1	06	1518	0	3	1
01DE76	0	1	06	1518	0	4	1
01DE7A	0	1	06	1518	0	4	1
01DE7E	0	1	06	1518	0	2	1
01DE80	0	1	06	1518	0	1	1
01DE81	0	1	06	1518	0	3	1
01DE84	0	1	06	1518	0	3	1
01DE87	0	1	06	1518	0	4	1
01DE8B	0	1	06	1518	0	4	1
01DE8F	0	1	06	1518	0	2	1
01DE91	1	1	06	1518	0	1	1
01DE92	1	1	06	1518	0	2	1
01DE94	0	1	06	1518	0	2	1
01DE96	0	1	06	1518	0	3	1
01DE99	0	1	06	1518	0	1	1
01DE9A	0	1	06	1518	0	1	1
01DE9B	0	1	06	1518	0	3	1
01DE9E	0	1	06	1518	0	1	1
01DE9F	0	1	06	1518	0	3	1
01DEA2	0	1	06	1518	0	1	1
01DEA3	0	1	06	1518	0	3	1
01DEA6	0	1	06	1518	0	2	1
01DEA8	0	1	06	1518	0	2	1
01DEAA	0	1	06	1518	0	3	1
01DEAD	0	1	06	1518	0	2	1
01DEAF	0	1	06	1518	0	1	1
01DEB0	0	1	06	1518	0	3	1
01DEB3	0	1	06	1518	0	3	1
01DEB6	0	1	06	1518	0	2	1
01DEB8	0	1	06	1518	0	3	1
01DEBB	0	1	06	1518	0	4	1
01DEBF	0	1	06	1518	0	4	1
01DEC3	0	1	06	1518	0	2	1
01DEC5	0	1	06	1518	0	2	1
01DEC7	0	1	06	1518	0	2	1
01DEC9	0	1	06	1518	0	3	1
01DECC	0	1	06	1518	0	2	1
01DECE	0	1	06	1518	0	3	1
01DED1	0	1	06	1518	0	4	1
01DED5	0	1	06	1518	0	4	1
01DED9	0	1	06	1518	0	2	1
01DEDB	0	1	06	1518	0	2	1
01DEDD	0	1	06	1518	0	2	1
01DEDF	0	1	06	1518	0	3	1
01DEE2	0	1	06	1518	0	2	1
01DEE4	0	1	06	1518	0	1	1
01DEE5	0	1	06	1518	0	3	1
01DEE8	0	1	06	1518	0	3	1
01DEEB	0	1	06	1518	0	4	1
01DEEF	0	1	06	1518	0	4	1
01DEF3	0	1	06	1518	0	2	1
01DEF5	0	1	06	1518	0	2	1
01DEF7	0	1	06	1518	0	2	1
01DEF9	0	1	06	1518	0	3	1
01DEFC	0	1	06	1518	0	2	1
01DEFE	0	1	06	1518	0	1	1
01DEFF	0	1	06	1518	0	3	1
01DF02	0	1	06	1518	0	3	1
01DF05	0	1	06	1518	0	2	1
01DF07	0	1	06	1518	0	1	1
01DF08	0	1	06	1518	0	3	1
01DF0B	0	1	06	1518	0	3	1
01DF0E	0	1	06	1518	0	4	1
01DF12	0	1	06	1518	0	4	1
01DF16	0	1	06	1518	0	2	1
01DF18	0	1	06	1518	0	2	1
01DF1A	0	1	06	1518	0	2	1
01DF1C	0	1	06	1518	0	3	1
01DF1F	0	1	06	1518	0	2	1
01DF21	0	1	06	1518	0	3	1
01DF24	0	1	06	1518	0	4	1
01DF28	0	1	06	1518	0	4	1
01DF2C	0	1	06	1518	0	2	1
01DF2E	0	1	06	1518	0	2	1
01DF30	0	1	06	1518	0	2	1
01DF32	0	1	06	1518	0	3	1
01DF35	0	1	06	1518	0	2	1
01DF37	0	1	06	1518	0	1	1
01DF38	0	1	06	1518	0	3	1
01DF3B	0	1	06	1518	0	3	1
01DF3E	0	1	06	1518	0	4	1
01DF42	0	1	06	1518	0	4	1
01DF46	0	1	06	1518	0	2	1
01DF48	1	1	06	1518	0	1	1
01DF49	1	1	06	1548	0	2	1
01DF4B	1	1	06	1548	0	3	1
01DF4E	1	1	06	1548	0	2	1
01DF50	1	1	06	1548	0	2	1
01DF52	1	1	06	1548	0	2	1
01DF54	1	1	06	1548	0	2	1
01DF56	1	1	06	1548	0	2	1
01DF58	1	1	06	1548	0	2	1
01DF5A	1	1	06	1548	0	4	1
01DF5E	1	1	06	1548	0	2	1
01DF64	1	1	06	1548	0	1	1
01DF65	1	1	06	1548	0	4	1
01DF77	1	1	06	1548	0	2	1
01DF79	1	1	06	1548	0	2	1
01DF7B	1	1	06	1548	0	2	1
01DF7D	1	1	06	1548	0	4	1
01DF81	1	1	06	1548	0	2	1
01DF83	1	1	06	1548	0	2	1
01DF85	1	1	06	1548	0	2	1
01DF87	1	1	06	1548	0	1	1
01DF88	1	1	06	1548	0	1	1
01DF89	1	1	06	1548	0	3	1
01DF8C	1	1	06	1548	0	2	1
01DF8E	1	1	06	1548	0	2	1
01DF90	1	1	06	1548	0	2	1
01DF92	1	1	06	1548	0	2	1
01DF94	1	1	06	1548	0	2	1
01DF96	1	1	06	1548	0	2	1
01DF98	1	1	06	1548	0	2	1
01DF9A	1	1	06	1548	0	2	1
01DFA0	1	1	06	1548	0	2	1
01DFA2	1	1	06	1548	0	4	1
01DFA6	1	1	06	1548	0	2	1
01DFA8	1	1	06	1548	0	4	1
01DFAC	1	1	06	1548	0	2	1
01DFAE	1	1	06	1548	0	2	1
01DFB0	1	1	06	1548	0	2	1
01DFB2	1	1	06	1548	0	2	1
01DFB4	1	1	06	1548	0	2	1
01DFB6	0	1	06	1548	0	2	1
01DFB8	0	1	06	1548	0	2	1
01DFBA	0	1	06	1548	0	3	1
01DFBD	0	1	06	1548	0	2	1
01DFBF	0	1	06	1548	0	2	1
01DFC1	1	1	06	1548	0	2	1
01DFC3	1	1	06	1548	0	4	1
01DFC7	1	1	06	1548	0	1	1
01DFC8	1	1	06	1548	0	3	1
01DFCB	1	1	06	1548	0	2	1
01DFCD	1	1	06	1548	0	2	1
01DFCF	1	1	06	1548	0	3	1
01DFD2	1	1	06	1548	0	2	1
01DFD4	1	1	06	1548	0	2	1
01DFD6	1	1	06	1548	0	3	1
01DFD9	1	1	06	1548	0	2	1
01DFDB	1	1	06	1518	0	3	1
01DFDE	1	1	06	1518	0	2	1
01DFE0	1	1	06	1548	0	2	1
01DFE2	1	0	06	1548	0	3	1
01DFE5	1	0	06	1548	0	4	1
01DFE9	1	0	06	1548	0	2	1
01DFEB	1	1	06	1548	0	2	1
01DFED	1	1	06	1548	0	1	1
01DFEE	1	1	06	1548	0	4	1
01DFF2	1	1	06	1548	0	2	1
01DFF4	0	1	06	1548	0	3	1
01DFF7	0	1	06	1548	0	2	1
01DFF9	0	1	06	1548	0	2	1
01DFFB	0	0	06	1548	0	3	1
01DFFE	0	0	06	1548	0	1	1
01DFFF	0	0	06	1548	0	3	1
01E002	0	0	06	1548	0	1	1
01E003	0	0	06	1548	0	4	1
01E007	0	0	06	1548	0	2	1
01E009	1	1	06	1548	0	2	1
01E00B	1	1	06	1548	0	3	1
01E00E	1	1	06	1548	0	3	1
01E011	1	1	06	1548	0	3	1
01E014	1	1	06	1548	0	3	1
01E017	1	1	06	1548	0	3	1
01E01A	1	1	06	1548	0	3	1
01E01D	1	1	06	1548	0	3	1
01E020	1	1	06	1548	0	2	1
01E022	1	1	06	1548	0	3	1
01E025	1	1	06	1548	0	3	1
01E028	1	1	06	1548	0	2	1
01E02A	1	1	06	1548	0	2	1
01E02C	1	1	06	1548	0	2	1
01E02E	1	1	06	1548	0	2	1
01E030	1	1	06	1548	0	2	1
01E032	1	1	06	1548	0	2	1
01E034	1	1	06	1548	0	2	1
01E036	1	1	06	1548	0	2	1
01E038	1	1	06	1548	0	2	1
01E03A	1	1	06	1548	0	2	1
01E03C	1	1	06	1548	0	2	1
01E03E	1	1	06	1548	0	4	1
01E042	1	1	06	1548	0	4	1
01E046	1	1	06	1548	0	4	1
01E04A	1	1	06	1548	0	3	1
01E04D	1	1	06	1548	0	2	1
01E04F	1	1	06	1548	0	2	1
01E057	1	1	06	1548	0	3	1
01E05A	1	1	06	1548	0	2	1
01E05C	1	1	06	1548	0	2	1
01E05E	1	1	06	1548	0	4	1
01E062	1	1	06	1548	0	2	1
01E064	1	1	06	1548	0	2	1
01E066	1	1	06	1548	0	3	1
01E069	1	1	06	1548	0	2	1
01E06B	1	1	06	1548	0	2	1
01E075	1	1	06	1548	0	2	1
01E077	1	1	06	1548	0	2	1
01E079	1	1	06	1548	0	3	1
01E07C	1	1	06	1548	0	4	1
01E080	1	1	06	1548	0	2	1
01E082	1	1	06	1548	0	2	1
01E084	1	1	06	1548	0	2	1
01E086	1	1	06	1548	0	2	1
01E088	1	1	06	1548	0	4	1
01E08C	1	1	06	1548	0	2	1
01E08E	1	1	06	1548	0	4	1
01E092	1	1	06	1548	0	2	1
01E094	1	1	06	1548	0	4	1
01E098	1	1	06	1548	0	1	1
01E099	1	1	06	1548	0	4	1
01E09D	1	1	06	1548	0	2	1
01E09F	1	1	06	1548	0	2	1
01E0A1	1	1	06	1548	0	4	1
01E0A5	1	1	06	1548	0	1	1
01E0A6	1	1	06	1548	0	4	1
01E0AA	1	1	06	1548	0	4	1
01E0AE	1	1	06	1548	0	3	1
01E0B1	1	1	06	1548	0	2	1
01E0B3	1	1	06	1548	0	2	1
01E0B5	1	1	06	1548	0	2	1
01E0B7	0	1	06	1548	0	3	1
01E0BA	0	1	06	1548	0	3	1
01E0BD	0	1	06	1548	0	2	1
01E0BF	0	1	06	1548	0	1	1
01E0C0	0	1	06	1548	0	3	1
01E0C3	0	1	06	1548	0	3	1
01E0C6	0	1	06	1548	0	3	1
01E0C9	0	1	06	1548	0	2	1
01E0CB	1	1	06	1548	0	3	1
01E0CE	1	1	06	1548	0	2	1
01E0DF	1	1	06	1548	0	1	1
01E0E0	1	1	06	1548	0	1	1
01E0E1	1	1	06	1548	0	3	1
01E0E4	1	1	06	1548	0	1	1
01E0E5	1	1	06	09D8	0	4	1
01E0E9	1	1	06	09D8	0	1	1
01E0EA	1	1	06	1548	0	2	1
01E0EC	0	1	06	1548	0	3	1
01E0EF	0	1	06	1548	0	3	1
01E0F2	0	1	06	1548	0	2	1
01E0F4	1	1	06	1548	0	2	1
01E0F6	1	1	06	1548	0	2	1
01E0F8	1	1	06	1548	0	4	1
01E0FC	1	1	06	1548	0	2	1
01E0FE	1	1	06	1548	0	2	1
01E100	1	1	06	1548	0	2	1
01E102	0	1	06	1548	0	2	1
01E104	0	1	06	1548	0	1	1
01E105	0	1	06	1548	0	3	1
01E108	0	1	06	1548	0	2	1
01E10A	0	1	06	1548	0	2	1
01E10C	1	1	06	1548	0	4	1
01E110	1	1	06	1548	0	4	1
01E114	1	1	06	1548	0	2	1
01E116	1	1	06	1548	0	2	1
01E118	1	1	06	1548	0	2	1
01E11A	1	1	06	1548	0	4	1
01E11E	1	1	06	1548	0	1	1
01E11F	1	1	06	1518	0	2	1
01E121	1	1	06	1518	0	4	1
01E125	1	1	06	1518	0	1	1
01E126	1	1	06	1548	0	4	1
01E12A	1	1	06	1548	0	2	1
01E12C	1	1	06	1548	0	2	1
01E12E	1	1	06	1548	0	4	1
01E132	1	1	06	1548	0	1	1
01E133	1	1	06	1548	0	3	1
01E136	1	1	06	1548	0	4	1
01E13A	1	1	06	1548	0	3	1
01E13D	1	1	06	1548	0	3	1
01E140	1	1	06	1548	0	3	1
01E143	1	1	06	1548	0	3	1
01E146	1	1	06	1548	0	3	1
01E149	1	1	06	1548	0	3	1
01E14C	1	1	06	1548	0	2	1
01E14E	0	1	06	1548	0	2	1
01E150	0	1	06	1548	0	3	1
01E153	0	1	06	1548	0	2	1
01E155	0	1	06	1548	0	1	1
01E156	0	1	06	1548	0	3	1
01E159	0	1	06	1548	0	2	1
01E15B	0	1	06	1548	0	2	1
01E15D	1	1	06	1548	0	3	1
01E160	1	1	06	1548	0	3	1
01E163	1	1	06	1548	0	3	1
01E166	1	1	06	1548	0	2	1
01E168	1	1	06	1548	0	3	1
01E16B	1	1	06	1548	0	2	1
01E16D	1	1	06	1548	0	2	1
01E16F	1	1	06	1548	0	2	1
01E171	1	1	06	1548	0	2	1
01E173	1	1	06	1548	0	2	1
01E175	1	1	06	1548	0	1	1
01E176	1	1	06	1548	0	3	1
01E179	1	1	06	1548	0	2	1
01E17B	1	1	06	1548	0	2	1
01E17D	1	1	06	1548	0	2	1
01E17F	1	1	06	1548	0	2	1
01E192	1	1	06	1548	0	2	1
01E194	0	1	06	1548	0	3	1
01E197	0	1	06	1548	0	2	1
01E199	0	1	06	1548	0	2	1
01E19B	0	1	06	1548	0	2	1
01E1A0	0	1	06	1548	0	3	1
01E1A3	0	1	06	1548	0	3	1
01E1A6	0	1	06	1548	0	3	1
01E1A9	0	1	06	1548	0	1	1
01E1AA	0	1	06	1548	0	2	1
01E1AC	0	1	06	1548	0	1	1
01E1AD	0	1	06	1548	0	2	1
01E1AF	0	1	06	1548	0	1	1
01E1B0	0	1	06	1548	0	3	1
01E1B3	0	1	06	1548	0	2	1
01E1B5	0	1	06	1548	0	2	1
01E1B7	0	1	06	1548	0	3	1
01E1BA	0	1	06	1548	0	2	1
01E1BC	0	1	06	1548	0	3	1
01E1BF	0	1	06	1548	0	2	1
01E1C1	0	1	06	1548	0	1	1
01E1C2	0	1	06	1548	0	3	1
01E1C5	0	1	06	1548	0	3	1
01E1C8	0	1	06	1548	0	4	1
01E1CC	0	1	06	1548	0	4	1
01E1D0	0	1	06	1548	0	2	1
01E1D2	0	1	06	1548	0	1	1
01E1D3	0	1	06	1548	0	3	1
01E1D6	0	1	06	1548	0	3	1
01E1D9	0	1	06	1548	0	4	1
01E1DD	0	1	06	1548	0	4	1
01E1E1	0	1	06	1548	0	2	1
01E1E3	0	1	06	1548	0	2	1
01E1E5	0	1	06	1548	0	2	1
01E1E7	0	1	06	1548	0	3	1
01E1EA	0	1	06	1548	0	2	1
01E1EC	0	1	06	1548	0	3	1
01E1EF	0	1	06	1548	0	2	1
01E1F1	0	1	06	1548	0	3	1
01E1F4	0	1	06	1548	0	4	1
01E1F8	0	1	06	1548	0	4	1
01E1FC	0	1	06	1548	0	2	1
01E1FE	0	1	06	1548	0	1	1
01E1FF	0	1	06	1548	0	3	1
01E202	0	1	06	1548	0	3	1
01E205	0	1	06	1548	0	4	1
01E209	0	1	06	1548	0	4	1
01E20D	0	1	06	1548	0	2	1
01E20F	0	1	06	1548	0	2	1
01E211	0	1	06	1548	0	2	1
01E213	0	1	06	1548	0	3	1
01E216	0	1	06	1548	0	2	1
01E218	0	1	06	1548	0	1	1
01E219	0	1	06	1548	0	3	1
01E21C	0	1	06	1548	0	3	1
01E21F	0	1	06	1548	0	2	1
01E221	0	1	06	1548	0	3	1
01E224	0	1	06	1548	0	4	1
01E228	0	1	06	1548	0	4	1
01E22C	0	1	06	1548	0	2	1
01E22E	0	1	06	1548	0	1	1
01E22F	0	1	06	1548	0	3	1
01E232	0	1	06	1548	0	3	1
01E235	0	1	06	1548	0	4	1
01E239	0	1	06	1548	0	4	1
01E23D	0	1	06	1548	0	2	1
01E23F	1	1	06	1548	0	1	1
01E240	1	1	06	1548	0	2	1
01E242	0	1	06	1548	0	3	1
01E245	0	1	06	1548	0	2	1
01E247	0	1	06	1548	0	2	1
01E249	0	1	06	1548	0	2	1
01E24E	0	1	06	1548	0	3	1
01E251	0	1	06	1548	0	2	1
01E253	0	1	06	1548	0	3	1
01E256	0	1	06	1548	0	1	1
01E257	0	1	06	1548	0	1	1
01E258	0	1	06	1548	0	3	1
01E25B	0	1	06	1548	0	1	1
01E25C	0	1	06	1548	0	3	1
01E25F	0	1	06	1548	0	1	1
01E260	0	1	06	1548	0	3	1
01E263	0	1	06	1548	0	2	1
01E265	0	1	06	1548	0	2	1
01E267	0	1	06	1548	0	3	1
01E26A	0	1	06	1548	0	2	1
01E26C	0	1	06	1548	0	3	1
01E26F	0	1	06	1548	0	2	1
01E271	0	1	06	1548	0	1	1
01E272	0	1	06	1548	0	3	1
01E275	0	1	06	1548	0	3	1
01E278	0	1	06	1548	0	4	1
01E27C	0	1	06	1548	0	4	1
01E280	0	1	06	1548	0	2	1
01E282	0	1	06	1548	0	2	1
01E284	0	1	06	1548	0	2	1
01E286	0	1	06	1548	0	3	1
01E289	0	1	06	1548	0	2	1
01E28B	0	1	06	1548	0	3	1
01E28E	0	1	06	1548	0	4	1
01E292	0	1	06	1548	0	4	1
01E296	0	1	06	1548	0	2	1
01E298	0	1	06	1548	0	2	1
01E29A	0	1	06	1548	0	2	1
01E29C	0	1	06	1548	0	3	1
01E29F	0	1	06	1548	0	2	1
01E2A1	0	1	06	1548	0	1	1
01E2A2	0	1	06	1548	0	3	1
01E2A5	0	1	06	1548	0	3	1
01E2A8	0	1	06	1548	0	4	1
01E2AC	0	1	06	1548	0	4	1
01E2B0	0	1	06	1548	0	2	1
01E2B2	0	1	06	1548	0	2	1
01E2B4	0	1	06	1548	0	2	1
01E2B6	0	1	06	1548	0	3	1
01E2B9	0	1	06	1548	0	2	1
01E2BB	0	1	06	1548	0	1	1
01E2BC	0	1	06	1548	0	3	1
01E2BF	0	1	06	1548	0	3	1
01E2C2	0	1	06	1548	0	2	1
01E2C4	0	1	06	1548	0	1	1
01E2C5	0	1	06	1548	0	3	1
01E2C8	0	1	06	1548	0	3	1
01E2CB	0	1	06	1548	0	4	1
01E2CF	0	1	06	1548	0	4	1
01E2D3	0	1	06	1548	0	2	1
01E2D5	0	1	06	1548	0	2	1
01E2D7	0	1	06	1548	0	2	1
01E2D9	0	1	06	1548	0	3	1
01E2DC	0	1	06	1548	0	2	1
01E2DE	0	1	06	1548	0	3	1
01E2E1	0	1	06	1548	0	4	1
01E2E5	0	1	06	1548	0	4	1
01E2E9	0	1	06	1548	0	2	1
01E2EB	0	1	06	1548	0	2	1
01E2ED	0	1	06	1548	0	2	1
01E2EF	0	1	06	1548	0	3	1
01E2F2	0	1	06	1548	0	2	1
01E2F4	0	1	06	1548	0	1	1
01E2F5	0	1	06	1548	0	3	1
01E2F8	0	1	06	1548	0	3	1
01E2FB	0	1	06	1548	0	4	1
01E2FF	0	1	06	1548	0	4	1
01E303	0	1	06	1548	0	2	1
01E305	1	1	06	1548	0	1	1
01E306	1	1	06	1548	0	3	1
01E309	1	1	06	1548	0	2	1
01E30B	1	1	06	1548	0	2	1
01E31A	1	1	06	1548	0	2	1
01E31C	1	1	06	1548	0	1	1
01E345	1	1	06	1518	0	2	1
01E347	1	1	06	1518	0	3	1
01E350	1	1	06	1518	0	2	1
01E352	1	1	06	1518	0	3	1
01E355	1	1	06	1518	0	2	1
01E35B	1	1	06	1518	0	2	1
01E35D	1	1	06	1518	0	2	1
01E35F	1	1	06	1518	0	2	1
01E361	1	1	06	1518	0	2	1
01E363	1	1	06	1518	0	4	1
01E367	1	1	06	1518	0	2	1
01E369	1	1	06	1518	0	3	1
01E36C	1	1	06	1518	0	3	1
01E36F	1	1	06	1518	0	3	1
01E372	1	1	06	1518	0	4	1
01E376	1	1	06	1518	0	3	1
01E379	1	1	06	1518	0	2	1
01E37B	1	1	06	1518	0	2	1
01E37D	1	1	06	1518	0	2	1
01E37F	0	1	06	1518	0	3	1
01E382	0	1	06	1518	0	2	1
01E384	0	1	06	1518	0	2	1
01E386	1	1	06	1518	0	4	1
01E38A	1	1	06	1518	0	2	1
01E38C	1	1	06	1518	0	2	1
01E38E	1	1	06	1518	0	2	1
01E390	1	1	06	1518	0	4	1
01E394	1	1	06	1518	0	1	1
01E395	1	1	06	1518	0	4	1
01E399	1	1	06	1518	0	2	1
01E39B	1	1	06	1518	0	4	1
01E39F	1	1	06	1518	0	3	1
01E3A2	1	1	06	1518	0	2	1
01E3A4	1	1	06	1518	0	3	1
01E3AF	1	1	06	1518	0	2	1
01E3B1	1	1	06	1518	0	2	1
01E3B3	1	1	06	1518	0	2	1
01E3B5	1	1	06	1518	0	2	1
01E3B7	0	1	06	1518	0	2	1
01E3B9	0	1	06	1518	0	2	1
01E3BB	0	1	06	1518	0	2	1
01E3BD	1	1	06	1518	0	2	1
01E3BF	1	1	06	1518	0	2	1
01E3C1	1	1	06	1518	0	2	1
01E3C3	1	1	06	1518	0	1	1
01E3C4	1	1	06	1518	0	2	1
01E3C6	1	1	06	1518	0	2	1
01E3C8	1	1	06	1518	0	2	1
01E3CA	1	1	06	1518	0	4	1
01E3CE	1	1	06	1518	0	4	1
01E3D2	1	1	06	1518	0	2	1
01E3D4	1	1	06	1518	0	2	1
01E3D6	1	1	06	1518	0	2	1
01E3D8	1	1	06	1518	0	2	1
01E3DA	1	1	06	1518	0	2	1
01E3DC	1	1	06	1518	0	2	1
01E3DE	1	1	06	1518	0	1	1
01E3F6	1	1	06	1518	0	2	1
01E3F8	1	1	06	1518	0	2	1
01E3FA	1	1	06	1518	0	2	1
01E3FC	1	1	06	1518	0	2	1
01E3FE	1	1	06	1518	0	2	1
01E400	1	1	06	1518	0	2	1
01E402	1	1	06	1518	0	4	1
01E406	1	1	06	1518	0	2	1
01E408	0	1	06	1518	0	2	1
01E40A	0	1	06	1518	0	3	1
01E40D	0	1	06	1518	0	2	1
01E414	0	1	06	1518	0	2	1
01E416	1	1	06	1518	0	4	1
01E41A	1	1	06	1518	0	4	1
01E41E	1	1	06	1518	0	4	1
01E422	1	1	06	1518	0	2	1
01E430	1	1	06	1518	0	4	1
01E434	1	1	06	1518	0	1	1
01E435	1	1	06	1518	0	4	1
01E439	1	1	06	1518	0	2	1
01E43B	1	1	06	1518	0	2	1
01E43D	1	1	06	1518	0	2	1
01E448	1	1	06	1518	0	4	1
01E44C	1	1	06	1518	0	4	1
01E450	1	1	06	1518	0	2	1
01E45E	1	1	06	1518	0	4	1
01E462	1	1	06	1518	0	1	1
01E54B	1	1	06	1518	0	2	1
01E54D	1	0	06	1518	0	2	1
01E54F	1	0	06	1518	0	2	1
01E558	1	0	06	1518	0	3	1
01E55B	1	0	06	1518	0	2	1
01E55D	1	0	06	1518	0	2	1
01E55F	1	1	06	1518	0	1	1
01E560	1	1	06	19B8	0	2	1
01E562	1	1	06	19B8	0	3	1
01E56B	1	1	06	1A78	0	2	1
01E56D	1	1	06	1A78	0	2	1
01E56F	1	1	06	1A78	0	2	1
01E571	0	1	06	1A78	0	2	1
01E573	0	1	06	1A78	0	2	1
01E575	0	1	06	1A78	0	2	1
01E577	1	1	06	1A78	0	2	1
01E579	1	1	06	1A78	0	2	1
01E57B	1	1	06	1A78	0	2	1
01E57D	1	1	06	1A78	0	3	1
01E580	1	1	06	1A78	0	4	1
01E584	1	1	06	1818	0	3	1
01E587	1	1	06	1818	0	2	1
01E589	1	1	06	1818	0	2	1
01E58B	1	1	06	1818	0	2	1
01E58D	1	1	06	1818	0	2	1
01E58F	1	1	06	1818	0	2	1
01E591	1	1	06	1818	0	2	1
01E593	1	1	06	1818	0	1	1
01E594	1	1	06	19B8	0	2	1
01E596	1	1	06	19B8	0	2	1
01E598	1	1	06	1A78	0	2	1
01E59A	1	1	06	1A78	0	4	1
01E59E	1	1	06	19B8	0	4	1
01E5A2	1	1	06	19B8	0	2	1
01E5A4	1	1	06	19B8	0	3	1
01E5AD	1	1	06	1A38	0	3	1
01E5B0	1	1	06	1A38	0	2	1
01E5B2	1	1	06	1A78	0	2	1
01E5B4	0	1	06	1A78	0	4	1
01E5B8	0	1	06	1A78	0	3	1
01E5BB	0	1	06	1A78	0	1	1
01E5BC	0	1	06	1A78	0	3	1
01E5BF	0	1	06	1A78	0	2	1
01E5C1	0	1	06	1A78	0	3	1
01E5C4	0	1	06	1A78	0	1	1
01E5C5	0	1	06	1A78	0	3	1
01E5C8	0	1	06	1A78	0	2	1
01E5CA	0	1	06	1A78	0	2	1
01E5CC	1	1	06	1A78	0	3	1
01E5CF	1	1	06	1A78	0	2	1
01E5D1	1	1	06	1A78	0	2	1
01E5D3	1	1	06	1A78	0	2	1
01E5D5	1	1	06	1A78	0	4	1
01E5D9	1	1	06	1A78	0	2	1
01E5DB	1	1	06	1A78	0	4	1
01E5DF	1	1	06	1A78	0	2	1
01E5E1	1	1	06	1A78	0	2	1
01E5E3	1	1	06	1A78	0	2	1
01E5E5	1	1	06	1A78	0	3	1
01E5E8	1	1	06	1A78	0	3	1
01E5EB	1	1	06	1A78	0	1	1
01E5EC	1	1	06	1A78	0	3	1
01E5EF	1	1	06	1A78	0	2	1
01E5F1	1	1	06	1A78	0	2	1
01E5F3	1	1	06	1A78	0	4	1
01E5F7	1	1	06	1A78	0	2	1
01E5F9	1	1	06	1A78	0	2	1
01E5FB	1	1	06	1A78	0	3	1
01E5FE	1	1	06	1A78	0	3	1
01E601	1	1	06	1A78	0	4	1
01E605	1	1	06	1A78	0	3	1
01E608	1	1	06	1A78	0	2	1
01E60A	0	1	06	1A78	0	2	1
01E60C	0	1	06	1A78	0	4	1
01E610	0	1	06	1A78	0	3	1
01E613	0	1	06	1A78	0	1	1
01E614	0	1	06	1A78	0	1	1
01E615	0	1	06	1A78	0	3	1
01E618	0	1	06	1A78	0	2	1
01E61A	0	1	06	1A78	0	3	1
01E61D	0	1	06	1A78	0	2	1
01E61F	0	1	06	1A78	0	2	1
01E621	1	1	06	1A78	0	1	1
01E622	1	1	06	1A38	0	2	1
01E624	1	1	06	1A38	0	2	1
01E626	1	1	06	1A38	0	3	1
01E629	1	1	06	1A38	0	2	1
01E62B	1	1	06	1A78	0	2	1
01E62D	1	1	06	1A78	0	2	1
01E62F	1	1	06	1A38	0	4	1
01E633	1	1	06	19B8	0	3	1
01E636	1	1	06	19B8	0	2	1
01E638	1	1	06	19B8	0	4	1
01E63C	1	1	06	19B8	0	2	1
01E63E	1	1	06	19B8	0	2	1
01E640	1	1	06	19B8	0	2	1
01E642	1	1	06	19B8	0	2	1
01E644	1	1	06	19B8	0	2	1
01E646	0	1	06	19B8	0	3	1
01E649	0	1	06	19B8	0	2	1
01E64B	0	1	06	19B8	0	2	1
01E64D	0	1	06	19B8	0	2	1
01E64F	0	1	06	19B8	0	4	1
01E653	0	1	06	19B8	0	3	1
01E656	0	1	06	19B8	0	1	1
01E657	0	1	06	19B8	0	1	1
01E658	0	1	06	19B8	0	3	1
01E65B	0	1	06	19B8	0	2	1
01E65D	0	1	06	19B8	0	3	1
01E660	0	1	06	19B8	0	2	1
01E662	0	1	06	19B8	0	2	1
01E664	1	1	06	19B8	0	2	1
01E666	1	1	06	19B8	0	2	1
01E668	1	1	06	19B8	0	2	1
01E66A	1	1	06	19B8	0	4	1
01E66E	1	1	06	19B8	0	2	1
01E670	1	1	06	19B8	0	4	1
01E674	0	1	06	19B8	0	2	1
01E676	1	1	06	19B8	0	3	1
01E679	1	1	06	19B8	0	1	1
01E67A	1	1	06	19B8	0	2	1
01E67C	1	1	06	19B8	0	4	1
01E680	1	1	06	19B8	0	1	1
01E681	1	1	06	19B8	0	2	1
01E683	1	1	06	19B8	0	2	1
01E685	1	1	06	19B8	0	4	1
01E68F	1	1	06	1838	0	2	1
01E691	1	1	06	1838	0	2	1
01E693	1	1	06	1838	0	2	1
01E695	1	1	06	1838	0	3	1
01E698	1	1	06	1838	0	2	1
01E69A	1	1	06	1838	0	2	1
01E69C	1	1	06	1838	0	2	1
01E69E	1	1	06	1838	0	2	1
01E6A0	1	1	06	1838	0	2	1
01E6A2	1	1	06	1838	0	4	1
01E6A6	1	1	06	1838	0	4	1
01E6AA	1	1	06	1838	0	2	1
01E6AC	1	1	06	1838	0	2	1
01E6AE	1	1	06	1838	0	4	1
01E6B2	1	1	06	1838	0	2	1
01E6B4	1	1	06	1838	0	2	1
01E6B6	1	1	06	1838	0	4	1
01E6BA	1	1	06	1838	0	4	1
01E6BE	1	1	06	1818	0	3	1
01E6C1	1	1	06	1818	0	2	1
01E6C3	1	1	06	1818	0	2	1
01E6C5	1	1	06	1818	0	3	1
01E6C8	1	1	06	1818	0	2	1
01E6CA	1	1	06	1818	0	3	1
01E6CD	1	1	06	1818	0	2	1
01E6CF	1	0	06	1818	0	2	1
01E6D1	1	0	06	1818	0	3	1
01E6D4	1	0	06	1818	0	2	1
01E6D6	1	0	06	1818	0	2	1
01E6D8	1	1	06	1818	0	2	1
01E6DA	1	1	06	1818	0	2	1
01E6DC	1	1	06	1818	0	4	1
01E6E0	1	1	06	1818	0	1	1
01E6E5	1	1	06	1818	0	2	1
01E6E7	1	1	06	1818	0	2	1
01E6E9	1	1	06	1818	0	2	1
01E6EB	1	1	06	1818	0	2	1
01E6ED	1	1	06	1818	0	2	1
01E6EF	1	1	06	1818	0	4	1
01E6F3	1	1	06	1818	0	2	1
01E6F5	1	1	06	1818	0	2	1
01E6F7	1	1	06	1818	0	2	1
01E6F9	1	0	06	1818	0	2	1
01E6FB	1	0	06	1818	0	3	1
01E6FE	1	0	06	1818	0	2	1
01E700	1	0	06	1818	0	3	1
01E703	1	0	06	1818	0	2	1
01E705	1	0	06	1818	0	2	1
01E707	1	0	06	1818	0	3	1
01E70A	1	0	06	1818	0	2	1
01E70C	1	0	06	1818	0	2	1
01E70E	1	0	06	1818	0	2	1
01E710	0	0	06	1818	0	3	1
01E713	0	0	06	1818	0	2	1
01E715	0	0	06	1818	0	3	1
01E718	0	0	06	1818	0	2	1
01E71A	0	0	06	1818	0	2	1
01E71C	1	1	06	1818	0	4	1
01E720	1	1	06	1818	0	1	1
01E721	1	0	06	1818	0	2	1
01E723	1	1	06	1818	0	4	1
01E727	1	1	06	1818	0	1	1
01E728	1	1	06	18B8	0	2	1
01E72A	1	1	06	18B8	0	3	1
01E733	1	1	06	1918	0	2	1
01E735	1	1	06	1918	0	2	1
01E737	1	1	06	1918	0	2	1
01E739	1	1	06	1918	0	2	1
01E73B	1	1	06	1918	0	2	1
01E73D	1	1	06	1918	0	2	1
01E73F	1	1	06	1918	0	2	1
01E741	1	1	06	1918	0	1	1
01E742	1	1	06	1918	0	2	1
01E744	1	1	06	1918	0	2	1
01E746	1	1	06	1918	0	2	1
01E748	1	1	06	1918	0	2	1
01E74A	1	1	06	1918	0	4	1
01E74E	1	1	06	1918	0	2	1
01E750	1	1	06	1918	0	2	1
01E752	1	1	06	1918	0	1	1
01E753	1	1	06	1878	0	4	1
01E757	1	1	06	1878	0	2	1
01E759	1	1	06	1878	0	2	1
01E75B	1	1	06	1878	0	2	1
01E75D	1	1	06	1878	0	2	1
01E75F	1	1	06	1878	0	2	1
01E761	1	1	06	1878	0	2	1
01E763	1	1	06	1878	0	2	1
01E765	1	1	06	1878	0	2	1
01E767	1	1	06	1878	0	2	1
01E769	1	1	06	1878	0	4	1
01E76D	1	1	06	1878	0	2	1
01E76F	1	1	06	18F8	0	2	1
01E771	1	1	06	18F8	0	1	1
01E772	1	1	06	18F8	0	2	1
01E774	1	1	06	18F8	0	1	1
01E775	1	1	06	1878	0	2	1
01E777	1	1	06	1878	0	3	1
01E77A	1	1	06	1878	0	2	1
01E77C	1	1	06	1878	0	1	1
01E77D	1	1	06	1878	0	1	1
01E77E	1	1	06	1878	0	2	1
01E780	1	1	06	1878	0	1	1
01E781	1	1	06	1878	0	2	1
01E783	1	1	06	1878	0	4	1
01E787	1	1	06	1878	0	4	1
01E78B	1	1	06	1878	0	2	1
01E78D	1	1	06	1878	0	2	1
01E78F	1	1	06	1878	0	2	1
01E791	1	1	06	1878	0	2	1
01E793	1	1	06	1878	0	2	1
01E797	1	1	06	1878	0	2	1
01E799	1	1	06	1878	0	2	1
01E79B	1	1	06	1878	0	1	1
01E79C	1	1	06	18B8	0	2	1
01E79E	1	1	06	18B8	0	2	1
01E7A0	1	1	06	18B8	0	3	1
01E7C0	1	1	06	18B8	0	2	1
01E7C2	1	1	06	18B8	0	2	1
01E7C4	1	0	06	18B8	0	2	1
01E7C6	1	0	06	18B8	0	2	1
01E7C8	1	0	06	18B8	0	3	1
01E7CB	1	0	06	18B8	0	4	1
01E7CF	1	1	06	1878	0	1	1
01E7D0	1	1	06	1878	0	2	1
01E7D2	1	1	06	1878	0	2	1
01E7D4	1	0	06	1878	0	2	1
01E7D6	1	0	06	1878	0	1	1
01E7D7	1	0	06	1878	0	2	1
01E7D9	1	1	06	1878	0	2	1
01E7DB	1	1	06	1878	0	1	1
01E7DC	1	1	06	1878	0	2	1
01E7DE	1	1	06	1878	0	1	1
01E7DF	1	1	06	1878	0	3	1
01E7E2	1	1	06	1878	0	2	1
01E7E4	1	1	06	1878	0	1	1
01E7E5	1	1	06	1878	0	2	1
01E7E7	1	1	06	1878	0	2	1
01E7E9	1	1	06	1918	0	1	1
01E7EA	1	1	06	1918	0	2	1
01E7EC	1	1	06	1878	0	1	1
01E7ED	1	1	06	1878	0	2	1
01E7EF	0	0	06	1878	0	1	1
01E7F0	0	0	06	1878	0	1	1
01E7F1	0	0	06	1878	0	1	1
01E7F2	0	0	06	1878	0	3	1
01E7F5	0	0	06	1878	0	2	1
01E7F7	0	0	06	1878	0	2	1
01E7F9	1	1	06	1878	0	3	1
01E7FC	1	1	06	1878	0	2	1
01E7FE	1	1	06	1878	0	1	1
01E7FF	1	1	06	1878	0	2	1
01E801	1	1	06	1878	0	2	1
01E806	1	1	06	1878	0	1	1
01E807	1	1	06	1878	0	2	1
01E809	0	0	06	1878	0	1	1
01E80A	0	0	06	1878	0	1	1
01E80B	0	0	06	1878	0	3	1
01E80E	0	0	06	1878	0	2	1
01E810	0	0	06	1878	0	1	1
01E811	1	1	06	1878	0	1	1
01E812	1	1	06	1958	0	2	1
01E814	1	1	06	1958	0	3	1
01E817	1	1	06	1958	0	3	1
01E81A	1	1	06	1958	0	2	1
01E81C	1	1	06	1958	0	2	1
01E81E	1	0	06	1958	0	3	1
01E821	1	1	06	1958	0	2	1
01E823	1	1	06	1958	0	2	1
01E825	1	0	06	1958	0	2	1
01E827	1	0	06	1958	0	2	1
01E829	1	0	06	1958	0	3	1
01E82C	1	0	06	1958	0	2	1
01E82E	1	0	06	1958	0	3	1
01E831	1	0	06	1958	0	2	1
01E833	1	1	06	1958	0	2	1
01E835	1	1	06	1958	0	2	1
01E837	1	1	06	1958	0	2	1
01E839	1	1	06	1958	0	2	1
01E83B	1	1	06	1958	0	2	1
01E83D	1	1	06	1958	0	2	1
01E83F	1	1	06	1958	0	4	1
01E843	1	1	06	1958	0	1	1
01E84A	1	1	06	1958	0	2	1
01E84C	1	1	06	1958	0	2	1
01E84E	1	1	06	1958	0	2	1
01E850	1	1	06	1958	0	2	1
01E852	1	1	06	1958	0	2	1
01E854	1	1	06	1958	0	4	1
01E858	1	1	06	1958	0	2	1
01E85A	1	1	06	1958	0	2	1
01E85C	1	1	06	1958	0	2	1
01E85E	1	1	06	1958	0	2	1
01E860	1	0	06	1958	0	2	1
01E862	1	0	06	1958	0	3	1
01E865	1	0	06	1958	0	2	1
01E86A	1	0	06	1958	0	3	1
01E86D	1	0	06	1958	0	2	1
01E86F	1	0	06	1958	0	2	1
01E874	1	0	06	1958	0	3	1
01E877	1	0	06	1958	0	2	1
01E879	1	0	06	1958	0	2	1
01E87E	1	0	06	1958	0	2	1
01E880	0	0	06	1958	0	3	1
01E883	0	0	06	1958	0	2	1
01E885	0	0	06	1958	0	3	1
01E888	0	0	06	1958	0	2	1
01E88A	0	0	06	1958	0	2	1
01E88C	1	0	06	1958	0	3	1
01E88F	1	0	06	1958	0	2	1
01E891	1	0	06	1958	0	2	1
01E893	1	0	06	1958	0	2	1
01E895	1	1	06	1958	0	4	1
01E899	1	1	06	1958	0	1	1
01E89A	1	1	06	1958	0	2	1
01E89C	1	0	06	1958	0	2	1
01E89E	1	0	06	1958	0	2	1
01E8A0	1	0	06	1958	0	2	1
01E8A2	1	0	06	1958	0	3	1
01E8A5	1	0	06	1958	0	2	1
01E8AA	1	0	06	1958	0	3	1
01E8AD	1	0	06	1958	0	2	1
01E8AF	1	0	06	1958	0	2	1
01E8B4	1	0	06	1958	0	3	1
01E8B7	1	0	06	1958	0	2	1
01E8B9	1	0	06	1958	0	2	1
01E8BB	1	0	06	1958	0	3	1
01E8BE	1	0	06	1958	0	2	1
01E8C0	0	0	06	1958	0	3	1
01E8C3	0	0	06	1958	0	2	1
01E8C5	0	0	06	1958	0	3	1
01E8C8	0	0	06	1958	0	2	1
01E8CA	0	0	06	1958	0	2	1
01E8CC	1	0	06	1958	0	4	1
01E8D0	1	0	06	1958	0	1	1
01E8D1	1	0	06	1958	0	2	1
01E8D3	1	1	06	1958	0	2	1
01E8D5	1	1	06	1958	0	2	1
01E8D7	1	1	06	1958	0	4	1
01E8DB	1	0	06	1958	0	3	1
01E8DE	1	0	06	1958	0	2	1
01E8E0	1	0	06	1958	0	3	1
01E8E3	1	0	06	1958	0	3	1
01E8E6	1	0	06	1958	0	2	1
01E8E8	0	0	06	1958	0	2	1
01E8EA	0	0	06	1958	0	3	1
01E8ED	0	0	06	1958	0	3	1
01E8F0	0	0	06	1958	0	2	1
01E8F2	0	0	06	1958	0	1	1
01E8F3	0	0	06	1958	0	3	1
01E8F6	0	0	06	1958	0	3	1
01E8F9	0	0	06	1958	0	1	1
01E8FA	0	0	06	1958	0	2	1
01E8FC	0	0	06	1958	0	3	1
01E8FF	0	0	06	1958	0	2	1
01E901	0	0	06	1958	0	3	1
01E904	0	0	06	1958	0	2	1
01E906	1	1	06	1958	0	4	1
01E90A	1	0	06	1958	0	3	1
01E90D	1	0	06	1958	0	2	1
01E90F	1	0	06	1958	0	3	1
01E912	1	0	06	1958	0	2	1
01E914	1	0	06	1958	0	3	1
01E917	1	0	06	1958	0	2	1
01E919	0	0	06	1958	0	2	1
01E91B	0	0	06	1958	0	3	1
01E91E	0	0	06	1958	0	3	1
01E921	0	0	06	1958	0	2	1
01E923	0	0	06	1958	0	1	1
01E924	0	0	06	1958	0	3	1
01E927	0	0	06	1958	0	3	1
01E92A	0	0	06	1958	0	1	1
01E92B	0	0	06	1958	0	2	1
01E92D	0	0	06	1958	0	3	1
01E930	0	0	06	1958	0	2	1
01E932	0	0	06	1958	0	3	1
01E935	0	0	06	1958	0	2	1
01E937	1	0	06	1958	0	1	1
01E938	1	0	06	1958	0	2	1
01E93A	1	1	06	1958	0	4	1
01E93E	1	1	06	1958	0	1	1
01E940	1	1	06	1AD8	0	2	1
01E942	1	1	06	1AD8	0	3	1
01E945	1	1	06	1AD8	0	2	1
01E947	1	1	06	1AD8	0	2	1
01E949	1	1	06	1AD8	0	2	1
01E94B	1	0	06	1AD8	0	2	1
01E94D	1	0	06	1AD8	0	3	1
01E950	1	0	06	1AD8	0	2	1
01E952	1	0	06	1AD8	0	3	1
01E955	1	0	06	1AD8	0	2	1
01E957	1	0	06	1AD8	0	2	1
01E959	1	0	06	1A18	0	2	1
01E95B	1	1	06	1A18	0	2	1
01E95D	1	1	06	1A18	0	4	1
01E961	1	1	06	1A18	0	2	1
01E963	1	1	06	1A18	0	4	1
01E967	1	1	06	1A18	0	2	1
01E969	1	1	06	1A18	0	2	1
01E96B	1	0	06	1AD8	0	2	1
01E96D	1	1	06	1AD8	0	4	1
01E971	1	1	06	1AD8	0	2	1
01E973	1	1	06	1AD8	0	4	1
01E983	1	1	06	1AD8	0	4	1
01E987	1	1	06	1AD8	0	2	1
01E989	1	1	06	1AD8	0	2	1
01E98B	1	1	06	1AD8	0	4	1
01E98F	1	1	06	1AD8	0	1	1
01E990	1	1	06	1AD8	0	2	1
01E992	1	1	06	1AD8	0	2	1
01E994	1	1	06	1AD8	0	2	1
01E996	1	1	06	1AD8	0	2	1
01E998	1	1	06	1AD8	0	2	1
01E99A	1	1	06	1AD8	0	4	1
01E99E	1	1	06	1AD8	0	2	1
01E9A0	1	1	06	1AD8	0	2	1
01E9A2	1	1	06	1AD8	0	2	1
01E9A4	1	1	06	1A98	0	2	1
01E9A6	1	0	06	1A98	0	2	1
01E9A8	1	0	06	1A98	0	3	1
01E9AB	1	0	06	1A98	0	2	1
01E9AD	1	0	06	1A98	0	3	1
01E9B0	1	0	06	1A98	0	2	1
01E9B2	1	0	06	1A98	0	2	1
01E9B4	1	0	06	1A98	0	3	1
01E9B7	1	0	06	1A98	0	2	1
01E9B9	1	0	06	1A98	0	2	1
01E9BB	1	0	06	1A98	0	2	1
01E9BD	1	1	06	1A98	0	2	1
01E9BF	1	1	06	1A98	0	2	1
01E9C1	1	1	06	1A98	0	1	1
01E9C2	1	0	06	1A98	0	2	1
01E9C4	1	1	06	1A98	0	4	1
01E9C8	1	1	06	1A98	0	4	1
01E9CC	1	1	06	1A98	0	2	1
01E9CE	1	1	06	1A98	0	1	1
01E9CF	1	1	06	1A58	0	2	1
01E9D1	1	0	06	1A58	0	2	1
01E9D3	1	0	06	1A58	0	3	1
01E9D6	1	0	06	1A58	0	2	1
01E9D8	1	0	06	1A58	0	2	1
01E9DA	1	1	06	1A58	0	2	1
01E9DC	1	1	06	1AD8	0	2	1
01E9DE	1	1	06	1AD8	0	4	1
01E9E2	1	1	06	1AD8	0	2	1
01E9E4	1	1	06	1AD8	0	2	1
01E9E6	1	1	06	1A58	0	4	1
01E9EA	1	1	06	1A38	0	1	1
01E9EB	1	1	06	1938	0	2	1
01E9ED	1	0	06	1938	0	2	1
01E9EF	1	0	06	1938	0	3	1
01E9F2	1	0	06	1938	0	2	1
01E9F4	1	0	06	1938	0	2	1
01E9F6	1	1	06	1938	0	2	1
01E9F8	1	1	06	1A18	0	2	1
01E9FA	1	1	06	1A18	0	3	1
01E9FD	1	1	06	1A18	0	2	1
01E9FF	1	1	06	1A18	0	3	1
01EA02	1	1	06	1A18	0	2	1
01EA04	1	1	06	1A18	0	2	1
01EA06	1	1	06	1A18	0	2	1
01EA08	1	1	06	1938	0	4	1
01EA0C	1	1	06	1938	0	1	1
01EA0D	1	1	06	1A18	0	2	1
01EA0F	1	0	06	1A18	0	2	1
01EA11	1	0	06	1A18	0	3	1
01EA14	1	0	06	1A18	0	2	1
01EA16	1	0	06	1A18	0	2	1
01EA18	1	0	06	1A18	0	3	1
01EA1B	1	0	06	1A18	0	2	1
01EA1D	1	1	06	1A18	0	2	1
01EA1F	1	1	06	1A18	0	4	1
01EA23	1	1	06	1A18	0	4	1
01EA27	1	1	06	1A18	0	1	1
01EA28	1	0	06	1A58	0	2	1
01EA2A	1	1	06	1A58	0	4	1
01EA2E	1	1	06	1A58	0	1	1
01EA2F	1	1	06	19D8	0	2	1
01EA31	1	1	06	19D8	0	2	1
01EA33	1	1	06	19D8	0	2	1
01EA35	1	1	06	19D8	0	2	1
01EA37	1	1	06	19D8	0	3	1
01EA3A	1	1	06	19D8	0	2	1
01EA3C	1	1	06	19D8	0	2	1
01EA3E	1	1	06	19D8	0	2	1
01EA40	1	1	06	19D8	0	2	1
01EA42	1	1	06	19D8	0	2	1
01EA44	1	1	06	19D8	0	2	1
01EA46	1	1	06	19D8	0	2	1
01EA48	1	1	06	19D8	0	2	1
01EA4A	1	1	06	19D8	0	2	1
01EA4C	1	1	06	19D8	0	2	1
01EA4E	1	1	06	19D8	0	2	1
01EA50	1	1	06	19D8	0	4	1
01EA54	1	1	06	19D8	0	2	1
01EA56	1	1	06	19D8	0	2	1
01EA58	1	1	06	19D8	0	2	1
01EA5A	1	1	06	19D8	0	2	1
01EA67	1	1	06	19D8	0	2	1
01EA69	1	1	06	19D8	0	2	1
01EA6B	1	1	06	19D8	0	2	1
01EA6D	0	1	06	19D8	0	3	1
01EA70	0	1	06	19D8	0	2	1
01EA72	0	1	06	19D8	0	3	1
01EA75	0	1	06	19D8	0	2	1
01EA77	0	1	06	19D8	0	2	1
01EA79	1	1	06	19D8	0	4	1
01EA7D	1	1	06	19D8	0	2	1
01EA7F	1	1	06	19D8	0	2	1
01EA81	1	1	06	1878	0	2	1
01EA83	1	1	06	1878	0	2	1
01EA85	1	1	06	1878	0	2	1
01EA87	1	1	06	1878	0	2	1
01EA89	1	1	06	1878	0	2	1
01EA8B	1	1	06	1878	0	2	1
01EA91	1	1	06	1878	0	4	1
01EA95	1	1	06	1878	0	4	1
01EA99	1	1	06	19D8	0	4	1
01EA9D	1	1	06	19D8	0	2	1
01EA9F	0	1	06	19D8	0	2	1
01EAA1	0	1	06	19D8	0	2	1
01EAA3	0	1	06	19D8	0	1	1
01EAA4	0	1	06	19D8	0	3	1
01EAA7	0	1	06	19D8	0	2	1
01EAA9	0	1	06	19D8	0	2	1
01EAB1	0	1	06	19D8	0	2	1
01EAB3	0	1	06	19D8	0	2	1
01EAB5	1	1	06	19D8	0	4	1
01EAB9	0	1	06	19D8	0	2	1
01EABB	1	1	06	19D8	0	4	1
01EABF	1	1	06	1CF8	0	2	1
01EAC1	1	1	06	1CF8	0	2	1
01EAC3	1	1	06	1CF8	0	2	1
01EAC5	1	1	06	1CF8	0	2	1
01EAC7	1	1	06	1CF8	0	2	1
01EAC9	1	1	06	1CF8	0	2	1
01EACB	1	1	06	1CF8	0	2	1
01EACD	1	1	06	1CF8	0	2	1
01EACF	1	1	06	1C78	0	2	1
01EAD1	1	1	06	1CF8	0	2	1
01EAD3	1	1	06	1CF8	0	2	1
01EAD5	0	1	06	1CF8	0	3	1
01EAD8	0	1	06	1CF8	0	3	1
01EADB	0	1	06	1CF8	0	2	1
01EADD	0	1	06	1CF8	0	3	1
01EAE0	0	1	06	1CF8	0	1	1
01EAE1	0	1	06	1CF8	0	3	1
01EAE4	0	1	06	1CF8	0	2	1
01EAE6	0	1	06	1CF8	0	2	1
01EAE8	1	1	06	1CF8	0	2	1
01EAEA	1	1	06	1CF8	0	2	1
01EAEC	1	1	06	1CF8	0	2	1
01EAEE	1	1	06	1CF8	0	2	1
01EAF0	1	1	06	1CF8	0	2	1
01EAF2	1	1	06	1CF8	0	4	1
01EAF6	1	1	06	1CF8	0	2	1
01EAF8	1	1	06	1CF8	0	2	1
01EAFA	1	1	06	1CF8	0	2	1
01EAFC	1	1	06	1CF8	0	1	1
01EAFD	1	1	06	1CF8	0	2	1
01EAFF	1	1	06	1CF8	0	2	1
01EB01	1	1	06	1CF8	0	4	1
01EB05	1	1	06	1CF8	0	4	1
01EB09	1	1	06	1CF8	0	4	1
01EB0D	1	1	06	1878	0	2	1
01EB0F	1	1	06	1878	0	2	1
01EB11	1	1	06	1878	0	2	1
01EB13	1	1	06	1878	0	2	1
01EB15	1	1	06	1878	0	2	1
01EB17	1	1	06	1878	0	2	1
01EB19	1	1	06	1878	0	2	1
01EB1B	1	1	06	1878	0	2	1
01EB1D	1	1	06	1878	0	2	1
01EB1F	1	1	06	1878	0	2	1
01EB21	1	1	06	1878	0	2	1
01EB23	1	1	06	1878	0	2	1
01EB25	1	1	06	1878	0	2	1
01EB27	0	1	06	1878	0	3	1
01EB2A	0	1	06	1878	0	2	1
01EB2C	0	1	06	1878	0	3	1
01EB2F	0	1	06	1878	0	2	1
01EB31	0	1	06	1878	0	2	1
01EB33	1	1	06	1878	0	2	1
01EB35	1	1	06	1878	0	2	1
01EB37	1	1	06	1878	0	2	1
01EB39	1	1	06	1878	0	3	1
01EB3C	1	1	06	1878	0	4	1
01EB40	1	1	06	1878	0	2	1
01EB42	1	1	06	1878	0	2	1
01EB44	1	1	06	1878	0	2	1
01EB46	0	1	06	1878	0	3	1
01EB49	0	1	06	1878	0	2	1
01EB4B	0	1	06	1878	0	3	1
01EB4E	0	1	06	1878	0	2	1
01EB50	0	1	06	1878	0	2	1
01EB52	1	1	06	1878	0	3	1
01EB55	1	1	06	1878	0	3	1
01EB58	1	1	06	1878	0	2	1
01EB5A	1	1	06	1878	0	2	1
01EB5C	1	1	06	1878	0	2	1
01EB5E	1	1	06	1878	0	4	1
01EB62	1	1	06	1878	0	4	1
01EB66	1	1	06	1878	0	4	1
01EC32	1	1	06	1898	0	2	1
01EC34	1	1	06	1898	0	3	1
01EC3D	1	1	06	1898	0	2	1
01EC3F	1	1	06	1898	0	2	1
01EC41	1	1	06	1898	0	2	1
01EC43	1	1	06	1898	0	4	1
01EC47	1	1	06	1898	0	2	1
01EC49	1	1	06	1898	0	2	1
01EC4B	1	1	06	1898	0	1	1
01EC4C	1	1	06	1898	0	2	1
01EC4E	1	1	06	1898	0	2	1
01EC50	1	1	06	1898	0	4	1
01EC54	1	1	06	1898	0	4	1
01EC58	1	1	06	1898	0	2	1
01EC5A	1	1	06	1898	0	2	1
01EC5C	1	1	06	1898	0	1	1
01EC5D	1	1	06	1898	0	4	1
01EC61	1	1	06	18B8	0	2	1
01EC63	1	1	06	18B8	0	3	1
01EC66	1	1	06	1898	0	4	1
01EC6A	1	1	06	1898	0	2	1
01EC6C	1	1	06	1898	0	2	1
01EC6E	1	1	06	18B8	0	4	1
01EC72	1	1	06	1898	0	1	1
01EC77	1	1	06	18B8	0	2	1
01EC79	1	1	06	18B8	0	2	1
01EC7B	1	1	06	18B8	0	2	1
01EC7D	1	1	06	18B8	0	2	1
01EC7F	1	1	06	18B8	0	2	1
01EC81	1	1	06	18B8	0	2	1
01EC83	1	1	06	18B8	0	2	1
01EC85	1	1	06	18B8	0	2	1
01EC87	1	1	06	18B8	0	2	1
01EC89	1	1	06	1898	0	2	1
01EC8F	1	1	06	1898	0	2	1
01EC91	1	1	06	1898	0	2	1
01EC93	1	1	06	1898	0	2	1
01EC95	1	1	06	1898	0	3	1
01EC98	1	1	06	1898	0	2	1
01EC9A	1	1	06	1898	0	1	1
01EC9B	1	1	06	1898	0	1	1
01EC9C	1	1	06	1898	0	1	1
01EC9D	1	1	06	1898	0	2	1
01EC9F	0	1	06	1898	0	3	1
01ECA2	0	1	06	1898	0	1	1
01ECA3	0	1	06	1898	0	2	1
01ECA5	0	1	06	1898	0	1	1
01ECA6	0	1	06	1898	0	3	1
01ECA9	0	1	06	1898	0	2	1
01ECAB	0	1	06	1898	0	2	1
01ECAD	0	1	06	1898	0	2	1
01ECAF	1	1	06	1898	0	2	1
01ECB1	1	1	06	1898	0	2	1
01ECB3	1	1	06	1898	0	2	1
01ECB5	1	1	06	1898	0	2	1
01ECB7	1	1	06	1898	0	2	1
01ECB9	1	1	06	1898	0	4	1
01ECBD	1	1	06	1898	0	1	1
01ECBE	1	1	06	1838	0	4	1
01ECC2	1	1	06	1838	0	4	1
01ECC6	1	1	06	1838	0	2	1
01ECC8	1	1	06	1838	0	1	1
01ECC9	1	1	06	1838	0	2	1
01ECCB	1	1	06	1838	0	2	1
01ECCD	1	1	06	1838	0	2	1
01ECCF	1	1	06	1AD8	0	2	1
01ECD1	1	1	06	1AD8	0	2	1
01ECD3	1	1	06	1AD8	0	2	1
01ECD5	1	1	06	1AD8	0	2	1
01ECD7	1	1	06	1AD8	0	2	1
01ECD9	1	1	06	1AD8	0	2	1
01ECDB	1	1	06	1AD8	0	1	1
01ECDC	1	1	06	1AD8	0	1	1
01ECDD	1	1	06	1AD8	0	1	1
01ECDE	1	1	06	1AD8	0	2	1
01ECE0	0	1	06	1AD8	0	3	1
01ECE3	0	1	06	1AD8	0	1	1
01ECE4	0	1	06	1AD8	0	2	1
01ECE6	0	1	06	1AD8	0	3	1
01ECE9	0	1	06	1AD8	0	1	1
01ECEA	0	1	06	1AD8	0	2	1
01ECEC	0	1	06	1AD8	0	2	1
01ECEE	1	1	06	1838	0	4	1
01ECF2	1	1	06	1838	0	2	1
01ECF4	1	1	06	1838	0	2	1
01ECF6	1	1	06	1B38	0	4	1
01ECFA	1	1	06	1838	0	1	1
01F068	1	1	06	1A58	0	2	1
01F06A	1	1	06	1A58	0	2	1
01F06C	1	1	06	1A58	0	3	1
01F06F	1	1	06	1A58	0	2	1
01F071	1	1	06	1A58	0	2	1
01F073	0	1	06	1A58	0	3	1
01F076	0	1	06	1A58	0	2	1
01F078	0	1	06	1A58	0	2	1
01F07A	0	1	06	1A58	0	2	1
01F07F	0	1	06	1A58	0	2	1
01F081	0	1	06	1A58	0	2	1
01F083	0	0	06	1A58	0	2	1
01F085	0	0	06	1A58	0	3	1
01F088	0	0	06	1A58	0	1	1
01F089	0	0	06	1A58	0	1	1
01F08A	0	0	06	1A58	0	1	1
01F08B	0	0	06	1A58	0	2	1
01F08D	1	0	06	1A58	0	2	1
01F08F	1	0	06	1A58	0	1	1
01F090	1	0	06	1A58	0	2	1
01F092	1	0	06	1A58	0	1	1
01F093	1	0	06	1A58	0	4	1
01F097	1	0	06	1A58	0	2	1
01F099	1	0	06	1A58	0	2	1
01F09B	1	0	06	1A58	0	2	1
01F09D	1	0	06	1A58	0	2	1
01F09F	1	0	06	19D8	0	2	1
01F0A1	1	0	06	19D8	0	2	1
01F0A3	1	0	06	19D8	0	4	1
01F0A7	1	0	06	19D8	0	2	1
01F0A9	1	0	06	19D8	0	2	1
01F0AB	1	0	06	1A58	0	1	1
01F0AC	1	0	06	1A58	0	1	1
01F0AD	1	0	06	1A58	0	1	1
01F0AE	1	0	06	1A58	0	2	1
01F0B0	1	0	06	1A58	0	2	1
01F0B2	1	0	06	1A58	0	1	1
01F0B3	1	0	06	1A58	0	1	1
01F0B4	1	0	06	1A58	0	2	1
01F0B6	1	0	06	1A58	0	2	1
01F0B8	1	0	06	1A58	0	2	1
01F0BA	1	0	06	1A58	0	2	1
01F0BC	0	0	06	1A58	0	2	1
01F0BE	0	0	06	1A58	0	2	1
01F0C0	0	0	06	1978	0	3	1
01F0C3	0	0	06	1978	0	2	1
01F0C5	0	0	06	1978	0	4	1
01F0C9	0	0	06	1978	0	3	1
01F0CC	0	0	06	1978	0	1	1
01F0CD	0	0	06	1978	0	3	1
01F0D0	0	0	06	1978	0	2	1
01F0D2	0	0	06	1978	0	4	1
01F0D6	0	0	06	1978	0	3	1
01F0D9	0	0	06	1978	0	1	1
01F0DA	0	0	06	1978	0	3	1
01F0DD	0	0	06	1978	0	2	1
01F0DF	0	0	06	1A58	0	1	1
01F0E0	0	0	06	1A58	0	1	1
01F0E1	0	0	06	1A58	0	3	1
01F0E4	0	0	06	1A58	0	2	1
01F0E6	1	0	06	1A58	0	2	1
01F0E8	1	0	06	1A58	0	2	1
01F0EA	1	0	06	1A58	0	1	1
01F0EB	1	0	06	1A58	0	2	1
01F0ED	1	0	06	1A58	0	4	1
01F0F1	1	1	06	1A58	0	2	1
01F0F3	0	1	06	1A58	0	2	1
01F0F5	0	1	06	1A58	0	2	1
01F108	0	1	06	1A58	0	2	1
01F10A	1	1	06	1A58	0	2	1
01F10C	1	1	06	1A58	0	4	1
01F110	1	1	06	1A58	0	2	1
01F112	1	1	06	1A58	0	2	1
01F114	1	1	06	1A58	0	2	1
01F116	1	1	06	1A58	0	2	1
01F11B	1	1	06	1A58	0	4	1
01F11F	1	1	06	1A58	0	4	1
01F123	1	1	06	1A58	0	4	1
01F127	1	1	06	1A58	0	2	1
01F129	1	1	06	1A58	0	1	1
01F12A	1	1	06	1A58	0	2	1
01F12C	1	1	06	1A58	0	2	1
01F12E	1	1	06	1A38	0	2	1
01F130	1	1	06	1A38	0	2	1
01F132	1	1	06	1A58	0	2	1
01F134	1	1	06	1A38	0	4	1
01F138	1	1	06	1A58	0	1	1
01F177	1	1	06	1918	0	2	1
01F179	1	1	06	1918	0	2	1
01F17B	1	1	06	18B8	0	2	1
01F17D	1	1	06	18B8	0	2	1
01F17F	1	1	06	18B8	0	2	1
01F181	1	1	06	18B8	0	2	1
01F183	1	1	06	18B8	0	2	1
01F185	1	1	06	18B8	0	2	1
01F187	1	1	06	18B8	0	2	1
01F189	1	1	06	18B8	0	2	1
01F18B	0	1	06	18B8	0	2	1
01F18D	0	1	06	18B8	0	2	1
01F18F	0	1	06	18B8	0	3	1
01F192	0	1	06	18B8	0	2	1
01F194	0	1	06	18B8	0	2	1
01F199	0	1	06	18B8	0	2	1
01F19B	0	1	06	18B8	0	2	1
01F19D	1	1	06	18B8	0	2	1
01F19F	1	1	06	18B8	0	2	1
01F1A1	1	1	06	18B8	0	2	1
01F1A3	1	1	06	18B8	0	4	1
01F1A7	1	1	06	1918	0	2	1
01F1A9	1	1	06	1918	0	2	1
01F1AB	1	1	06	1918	0	4	1
01F1AF	1	1	06	1918	0	4	1
01F1B3	1	1	06	1918	0	4	1
01F1B7	1	1	06	1918	0	4	1
01F1BB	1	1	06	1A58	0	2	1
01F1BD	1	1	06	1A58	0	3	1
01F1C6	1	1	06	1A58	0	2	1
01F1C8	0	0	06	1A58	0	3	1
01F1CB	0	0	06	1A58	0	3	1
01F1CE	0	0	06	1A58	0	2	1
01F1D0	0	0	06	1A58	0	1	1
01F1D1	0	0	06	1A58	0	3	1
01F1D4	0	0	06	1A58	0	3	1
01F1D7	0	0	06	1A58	0	2	1
01F1D9	0	0	06	1A58	0	3	1
01F1DC	0	0	06	1A58	0	2	1
01F1DE	0	0	06	1A58	0	2	1
01F1E0	0	0	06	1838	0	4	1
01F1E4	0	0	06	1A58	0	1	1
01F1E5	0	0	06	1A58	0	1	1
01F1E6	0	0	06	1A58	0	3	1
01F1E9	0	0	06	1A58	0	1	1
01F1EA	0	0	06	1A58	0	3	1
01F1ED	0	0	06	1A58	0	2	1
01F1EF	0	0	06	1A58	0	2	1
01F1F1	1	1	06	1A58	0	2	1
01F1F3	1	1	06	1A58	0	2	1
01F1F5	1	1	06	1A58	0	2	1
01F1F7	1	1	06	1A58	0	2	1
01F1F9	1	1	06	1A58	0	1	1
01F1FA	1	1	06	1A58	0	3	1
01F1FD	1	1	06	1A58	0	2	1
01F200	1	1	06	1A58	0	2	1
01F202	1	1	06	1A58	0	2	1
01F204	1	1	06	1A58	0	2	1
01F206	1	1	06	1A58	0	4	1
01F20A	1	1	06	1A58	0	3	1
01F20D	1	1	06	1A58	0	2	1
01F20F	1	1	06	1A58	0	2	1
01F216	1	1	06	1A58	0	3	1
01F219	1	1	06	1A58	0	2	1
01F21B	1	1	06	1A58	0	4	1
01F21F	1	1	06	18F8	0	1	1
01F224	1	1	06	1A58	0	2	1
01F226	1	1	06	1A58	0	3	1
01F229	1	1	06	1A58	0	2	1
01F22B	1	1	06	1A58	0	2	1
01F22D	1	1	06	1A58	0	2	1
01F22F	0	0	06	1A58	0	2	1
01F231	0	0	06	1A58	0	3	1
01F234	0	0	06	1A58	0	1	1
01F235	0	0	06	1A58	0	1	1
01F236	0	0	06	1A58	0	1	1
01F237	0	0	06	1A58	0	1	1
01F238	0	0	06	1A58	0	3	1
01F23B	0	0	06	1A58	0	3	1
01F23E	0	0	06	1A58	0	2	1
01F240	0	0	06	1A58	0	3	1
01F243	0	0	06	1A58	0	2	1
01F245	0	0	06	1A58	0	3	1
01F248	0	0	06	1A58	0	3	1
01F24B	0	0	06	1A58	0	2	1
01F24D	0	0	06	1A58	0	3	1
01F250	0	0	06	1A58	0	2	1
01F252	0	0	06	1A58	0	2	1
01F254	1	1	06	1A58	0	1	1
01F255	0	0	06	18F8	0	2	1
01F257	1	1	06	18F8	0	2	1
01F259	1	1	06	18F8	0	1	1
01F25A	1	1	06	1818	0	2	1
01F25C	1	1	06	1818	0	3	1
01F265	1	1	06	1818	0	2	1
01F267	1	1	06	1818	0	2	1
01F269	1	1	06	1818	0	2	1
01F26B	1	1	06	1818	0	2	1
01F26D	1	1	06	1818	0	1	1
01F26E	1	1	06	1818	0	1	1
01F26F	1	1	06	1818	0	2	1
01F271	1	1	06	1818	0	2	1
01F273	1	1	06	1818	0	2	1
01F275	1	1	06	1818	0	2	1
01F277	1	1	06	1818	0	2	1
01F279	1	1	06	1818	0	2	1
01F27B	1	1	06	1818	0	2	1
01F27D	1	1	06	1818	0	2	1
01F27F	1	1	06	1818	0	2	1
01F281	1	1	06	1818	0	2	1
01F283	1	1	06	1818	0	2	1
01F285	1	1	06	1818	0	2	1
01F287	1	1	06	1818	0	1	1
01F288	1	1	06	1858	0	2	1
01F28A	1	1	06	1858	0	2	1
01F28C	1	1	06	1858	0	2	1
01F28E	1	1	06	1858	0	1	1
01F28F	1	1	06	1818	0	2	1
01F291	1	1	06	1818	0	3	1
01F294	1	1	06	1818	0	4	1
01F29C	1	1	06	1818	0	2	1
01F29E	1	1	06	1818	0	3	1
01F2AD	1	1	06	1818	0	2	1
01F2AF	1	1	06	1818	0	2	1
01F2B1	1	0	06	1818	0	3	1
01F2B4	1	0	06	1818	0	3	1
01F2B7	1	1	06	1818	0	2	1
01F2B9	1	1	06	1818	0	2	1
01F2BB	1	1	06	1818	0	4	1
01F2BF	1	1	06	1818	0	2	1
01F2C1	1	1	06	1818	0	3	1
01F2C4	1	1	06	1818	0	2	1
01F2C6	1	1	06	1818	0	2	1
01F2CA	1	1	06	1818	0	2	1
01F2CC	1	1	06	1818	0	3	1
01F2CF	1	1	06	1818	0	2	1
01F2D1	1	1	06	1818	0	2	1
01F2D3	1	1	06	1818	0	1	1
01F39C	1	1	06	1858	0	2	1
01F39E	1	1	06	1858	0	3	1
01F3A1	1	1	06	1858	0	4	1
01F3A5	1	1	06	1858	0	1	1
01F3B0	1	1	06	1858	0	2	1
01F3B2	0	0	06	1858	0	3	1
01F3B5	0	0	06	1858	0	2	1
01F3B7	0	0	06	1858	0	2	1
01F3B9	0	0	06	1858	0	2	1
01F3BB	0	0	06	1858	0	3	1
01F3BE	0	0	06	1858	0	1	1
01F3BF	0	0	06	1858	0	1	1
01F3C0	0	0	06	1858	0	3	1
01F3C3	0	0	06	1858	0	1	1
01F3C4	0	0	06	1858	0	3	1
01F3C7	1	1	06	1858	0	2	1
01F3C9	1	1	06	1858	0	2	1
01F3CB	1	1	06	1858	0	2	1
01F3CD	1	1	06	1858	0	1	1
01F3CE	1	1	06	1858	0	3	1
01F3D1	1	1	06	1858	0	4	1
01F3D5	1	1	06	1858	0	2	1
01F3D7	1	1	06	1858	0	2	1
01F3D9	1	1	06	1858	0	1	1
01F3DA	1	1	06	1858	0	3	1
01F3DD	1	1	06	1858	0	2	1
01F405	1	1	06	1858	0	2	1
01F407	1	1	06	1858	0	2	1
01F409	1	1	06	1858	0	1	1
01F40A	1	1	06	1858	0	2	1
01F40C	1	1	06	1858	0	2	1
01F40E	1	1	06	1858	0	1	1
01F40F	1	1	06	1858	0	3	1
01F412	1	1	06	1858	0	2	1
01F414	1	1	06	1858	0	1	1
01F415	1	1	06	1838	0	3	1
01F418	1	1	06	1838	0	2	1
01F41C	1	1	06	1838	0	3	1
01F41F	1	1	06	1838	0	2	1
01F421	1	1	06	1838	0	3	1
01F424	1	1	06	1838	0	2	1
01F426	1	1	06	1838	0	2	1
01F428	1	1	06	1838	0	1	1
01F487	1	1	06	1818	0	4	1
01F48B	1	0	06	1818	0	2	1
01F48D	0	0	06	1818	0	2	1
01F48F	0	0	06	1818	0	3	1
01F492	0	0	06	1818	0	1	1
01F493	0	0	06	1818	0	1	1
01F494	0	0	06	1818	0	1	1
01F495	0	0	06	1818	0	1	1
01F496	0	0	06	1818	0	1	1
01F497	0	0	06	1818	0	4	1
01F49B	0	0	06	1818	0	2	1
01F49D	1	1	06	1818	0	1	1
01F6BA	1	1	06	1D88	0	2	1
01F6BC	1	1	06	1D88	0	3	1
01F6C5	1	1	06	1D88	0	2	1
01F6C7	1	1	06	1D88	0	2	1
01F6C9	1	1	06	1D88	0	2	1
01F6CB	1	1	06	1D88	0	2	1
01F6CD	1	1	06	1D88	0	2	1
01F6CF	1	1	06	1D88	0	2	1
01F6D1	1	1	06	1D88	0	1	1
01F6D2	1	1	06	1D88	0	3	1
01F6D5	1	1	06	1D88	0	2	1
01F6D7	1	1	06	1D88	0	2	1
01F6D9	1	1	06	1D88	0	2	1
01F6DB	1	1	06	1D88	0	1	1
01F6DC	1	1	06	1D88	0	2	1
01F6DE	1	1	06	1D88	0	2	1
01F6E0	1	1	06	1D88	0	3	1
01F6E3	1	1	06	1D88	0	2	1
01F6E5	1	1	06	1D88	0	2	1
01F6E7	1	0	06	1D88	0	4	1
01F6EB	1	0	06	1D88	0	2	1
01F6EE	1	0	06	1D88	0	2	1
01F6F0	1	0	06	1D88	0	3	1
01F6F3	1	0	06	1D88	0	2	1
01F6F5	1	0	06	1D88	0	3	1
01F6F8	1	0	06	1D88	0	2	1
01F6FA	1	0	06	1D88	0	3	1
01F6FD	1	0	06	1D88	0	1	1
01F6FE	1	0	06	1D88	0	2	1
01F700	1	0	06	1D88	0	1	1
01F701	1	0	06	1D88	0	2	1
01F703	0	0	06	1D88	0	3	1
01F706	0	0	06	1D88	0	3	1
01F709	0	0	06	1D88	0	3	1
01F70C	0	0	06	1D88	0	3	1
01F70F	0	0	06	1D88	0	2	1
01F711	1	0	06	1D88	0	3	1
01F714	1	0	06	1D88	0	3	1
01F717	1	0	06	1D88	0	3	1
01F71A	1	0	06	1D88	0	3	1
01F71D	1	0	06	1D88	0	4	1
01F721	1	0	06	1D88	0	2	1
01F723	1	0	06	1D88	0	2	1
01F725	0	0	06	1D88	0	1	1
01F726	0	0	06	1D88	0	3	1
01F729	0	0	06	1D88	0	3	1
01F72C	0	0	06	1D88	0	1	1
01F72D	0	0	06	1D88	0	2	1
01F72F	1	0	06	1D88	0	2	1
01F731	1	0	06	1D88	0	3	1
01F734	1	0	06	1D88	0	2	1
01F736	1	0	06	1D88	0	3	1
01F739	1	0	06	1D88	0	2	1
01F73B	1	0	06	1D88	0	3	1
01F73E	1	0	06	1D88	0	2	1
01F740	1	0	06	1D88	0	1	1
01F741	1	0	06	1D88	0	2	1
01F743	1	0	06	1D88	0	1	1
01F744	1	0	06	1D88	0	3	1
01F747	1	0	06	1D88	0	1	1
01F748	1	0	06	1D88	0	2	1
01F74A	1	0	06	1D88	0	2	1
01F74C	1	0	06	1D88	0	1	1
01F74D	1	0	06	1D88	0	3	1
01F750	1	0	06	1D88	0	2	1
01F752	1	0	06	1D88	0	2	1
01F754	1	0	06	1D88	0	2	1
01F756	1	0	06	1D88	0	4	1
01F75A	1	0	06	1D88	0	2	1
01F75C	1	0	06	1D88	0	2	1
01F75E	1	0	06	1D88	0	2	1
01F760	1	0	06	1D78	0	3	1
01F763	1	0	06	1D78	0	2	1
01F765	1	0	06	1D78	0	3	1
01F768	1	0	06	1D78	0	3	1
01F76B	1	0	06	1D78	0	3	1
01F76E	1	0	06	1D78	0	3	1
01F771	1	0	06	1D78	0	3	1
01F774	1	0	06	1D78	0	3	1
01F777	1	0	06	1D78	0	2	1
01F779	1	0	06	1D88	0	3	1
01F77C	1	0	06	1D88	0	3	1
01F77F	1	0	06	1D88	0	3	1
01F782	1	0	06	1D88	0	3	1
01F785	1	0	06	1D88	0	2	1
01F787	1	0	06	1D88	0	3	1
01F78A	1	0	06	1D88	0	3	1
01F78D	1	0	06	1D88	0	2	1
01F78F	1	0	06	1D88	0	2	1
01F791	1	0	06	1D88	0	2	1
01F793	1	0	06	1D88	0	2	1
01F795	1	0	06	1D88	0	1	1
01F796	1	1	06	1D88	0	2	1
01F798	1	1	06	1D88	0	2	1
01F79A	1	1	06	1D88	0	1	1
01F79B	1	1	06	1D88	0	2	1
01F79D	1	1	06	1D88	0	1	1
01F79E	1	1	06	1D88	0	4	1
01F7A2	1	1	06	1D88	0	2	1
01F7A4	0	1	06	1D88	0	3	1
01F7A7	0	1	06	1D88	0	3	1
01F7AA	0	1	06	1D88	0	2	1
01F7AC	0	1	06	1D88	0	3	1
01F7AF	0	1	06	1D88	0	2	1
01F7B1	0	1	06	1D88	0	2	1
01F7B3	1	1	06	1D88	0	2	1
01F7B5	1	1	06	1D88	0	1	1
01F7B6	0	1	06	1D88	0	2	1
01F7B8	1	1	06	1D88	0	1	1
01FAE6	1	1	06	1D18	0	2	1
01FAE8	1	1	06	1D18	0	3	1
01FAF1	1	1	06	1D18	0	2	1
01FAF3	1	1	06	1D18	0	2	1
01FAF5	1	1	06	1D18	0	4	1
01FAF9	1	1	06	1D18	0	2	1
01FAFB	1	1	06	1D18	0	2	1
01FAFD	1	1	06	1D18	0	2	1
01FAFF	1	1	06	1D18	0	2	1
01FB01	1	1	06	1D18	0	2	1
01FB03	1	1	06	1D18	0	1	1
01FB04	1	1	06	1D18	0	2	1
01FB06	1	1	06	1D18	0	2	1
01FB08	1	0	06	1D18	0	2	1
01FB0A	1	0	06	1D18	0	2	1
01FB0C	1	0	06	1D18	0	2	1
01FB0E	1	0	06	1D58	0	4	1
01FB12	1	0	06	1D58	0	2	1
01FB14	1	0	06	1D58	0	2	1
01FB16	1	0	06	1D58	0	3	1
01FB19	1	0	06	1D58	0	2	1
01FB1B	1	0	06	1D58	0	3	1
01FB1E	1	0	06	1D58	0	2	1
01FB20	1	0	06	1D58	0	3	1
01FB23	1	0	06	1D58	0	3	1
01FB26	1	0	06	1D58	0	3	1
01FB29	1	0	06	1D58	0	3	1
01FB2C	1	0	06	1D58	0	2	1
01FB2E	0	0	06	1D58	0	2	1
01FB30	0	0	06	1D58	0	3	1
01FB33	0	0	06	1D58	0	2	1
01FB35	0	0	06	1D58	0	3	1
01FB38	0	0	06	1D58	0	2	1
01FB3A	1	0	06	1D58	0	2	1
01FB3C	1	0	06	1D58	0	2	1
01FB3E	1	0	06	1D58	0	2	1
01FB40	1	0	06	1D18	0	2	1
01FB42	1	0	06	1D18	0	2	1
01FB44	1	0	06	1D18	0	2	1
01FB46	1	1	06	1D18	0	1	1
01FB47	1	1	06	1D18	0	4	1
01FC64	1	1	06	1D18	0	2	1
01FC66	1	1	06	1D18	0	2	1
01FC68	1	1	06	1D18	0	2	1
01FC6A	1	1	06	1D18	0	2	1
01FC6C	1	1	06	1D18	0	2	1
01FC6E	1	1	06	1D18	0	3	1
01FC71	1	1	06	1D18	0	2	1
01FC73	1	1	06	1D18	0	2	1
01FC79	1	1	06	1D18	0	2	1
01FC7B	1	1	06	1D18	0	2	1
01FC7D	1	1	06	1D18	0	2	1
01FC7F	1	1	06	1D18	0	2	1
01FC81	0	1	06	1D18	0	2	1
01FC83	0	1	06	1D18	0	2	1
01FC85	0	1	06	1D18	0	2	1
01FC87	0	1	06	1D18	0	3	1
01FC8A	0	1	06	1D18	0	2	1
01FC91	0	1	06	1D18	0	2	1
01FC93	1	1	06	1D18	0	2	1
01FC95	1	1	06	1D18	0	1	1
01FC96	1	1	06	1D18	0	2	1
01FC98	1	1	06	1D18	0	2	1
01FC9A	1	1	06	1D18	0	2	1
01FC9C	1	1	06	1D18	0	2	1
01FC9E	1	1	06	1D18	0	2	1
01FCA0	1	1	06	1D18	0	3	1
01FCA3	1	1	06	1D18	0	4	1
01FCA7	1	1	06	1D18	0	4	1
01FCAB	1	1	06	1D18	0	2	1
01FCB1	1	1	06	1D18	0	1	1
01FD1F	1	1	06	1D48	0	1	1
01FD20	1	1	06	1D48	0	2	1
01FD22	0	1	06	1D48	0	2	1
01FD24	0	1	06	1D48	0	2	1
01FD26	0	1	06	1D48	0	3	1
01FD29	0	1	06	1D48	0	4	1
01FD2D	1	1	06	1D48	0	2	1
01FD2F	1	1	06	1D48	0	4	1
01FD33	1	0	06	1D48	0	1	1
01FD34	1	1	06	1D48	0	1	1
01FD39	0	1	06	1D48	0	2	1
01FD3B	0	1	06	1D48	0	2	1
01FD3D	0	1	06	1D48	0	3	1
01FD40	0	1	06	1D48	0	2	1
01FD42	0	1	06	1D18	0	2	1
01FD44	0	1	06	1D18	0	2	1
01FD46	0	1	06	1D48	0	2	1
01FD48	0	1	06	1D48	0	3	1
01FD4F	0	1	06	1D48	0	3	1
01FD52	0	1	06	1D48	0	2	1
01FD54	0	1	06	1D48	0	2	1
01FD56	0	1	06	1D48	0	2	1
01FD58	0	1	06	1D48	0	2	1
01FD5A	0	1	06	1D48	0	1	1
01FD5B	0	1	06	1D48	0	3	1
01FD5E	0	1	06	1D48	0	1	1
01FD5F	0	1	06	1D48	0	1	1
01FD60	0	1	06	1D48	0	3	1
01FD63	1	1	06	1D48	0	1	1
01FD64	0	1	06	1D48	0	3	1
01FD67	0	1	06	1D48	0	2	1
01FD69	0	1	06	1D18	0	2	1
01FD6B	0	1	06	1D18	0	2	1
01FD6D	0	1	06	1D18	0	1	1
01FD6E	0	1	06	1D18	0	3	1
01FD71	0	1	06	1D18	0	1	1
01FD72	0	1	06	1D18	0	1	1
01FD73	0	1	06	1D18	0	3	1
01FD76	0	1	06	1D48	0	1	1
01FD77	0	1	06	1D48	0	2	1
01FD79	0	1	06	1D48	0	1	1
01FD7A	0	1	06	1D48	0	3	1
01FD7D	0	1	06	1D48	0	1	1
01FD7E	0	1	06	1D48	0	3	1
01FD81	0	1	06	1D48	0	1	1
01FD82	0	1	06	1D48	0	3	1
01FD85	0	1	06	1D48	0	2	1
01FD87	0	1	06	1D48	0	1	1
01FD88	1	1	06	1D48	0	2	1
01FD8A	1	1	06	1D48	0	2	1
01FD8C	1	1	06	1D48	0	1	1
01FD8D	1	1	06	1D48	0	1	1
01FD8E	1	1	06	1D48	0	1	1
01FD8F	1	1	06	1D48	0	1	1
01FD90	1	1	06	1D48	0	1	1
01FDB5	0	1	06	1D48	0	2	1
01FDB7	1	1	06	1D48	0	3	1
01FDBA	1	1	06	1D48	0	2	1
01FDBC	0	1	06	1D18	0	2	1
01FDBE	1	1	06	1D18	0	2	1
01FDC0	1	1	06	1D18	0	2	1
01FDC2	1	1	06	1D18	0	3	1
01FDC5	1	1	06	1D18	0	4	1
01FDC9	1	1	06	1D18	0	1	1
01FDCA	0	1	06	1D18	0	2	1
01FDCC	1	1	06	1D18	0	3	1
01FDCF	1	1	06	1D18	0	2	1
01FDD1	0	1	06	1D18	0	2	1
01FDD3	1	1	06	1D18	0	2	1
01FDD5	1	1	06	1D18	0	2	1
01FDD7	1	1	06	1D18	0	3	1
01FDDA	1	1	06	1D18	0	4	1
01FDDE	1	1	06	1D18	0	1	1
01FDDF	0	1	06	1D48	0	2	1
01FDE1	1	1	06	1D48	0	3	1
01FDE4	1	1	06	1D48	0	2	1
01FDE6	0	1	06	1D18	0	2	1
01FDE8	1	1	06	1D18	0	2	1
01FDEA	1	1	06	1D18	0	2	1
01FDEC	1	1	06	1D48	0	3	1
01FDEF	1	1	06	1D48	0	4	1
01FDF3	1	1	06	1D48	0	1	1
01FDFB	0	1	06	1D38	0	2	1
01FDFD	1	1	06	1D38	0	2	1
01FDFF	1	1	06	1D38	0	2	1
01FE01	1	1	06	1D38	0	3	1
01FE04	1	1	06	1D38	0	1	1
02B192	1	1	06	0ED8	0	2	1
02B194	1	1	06	0ED8	0	3	1
02B19F	1	1	06	0ED8	0	2	1
02B1A1	1	1	06	0ED8	0	2	1
02B1A3	1	1	06	0DD8	0	3	1
02B1A6	1	1	06	0DD8	0	2	1
02B1A8	1	1	06	0DD8	0	2	1
02B1AE	1	1	06	0DD8	0	1	1
02B1AF	1	1	06	0DD8	0	3	1
02B1B2	1	1	06	0ED8	0	4	1
02B1B6	1	1	06	0ED8	0	2	1
02B1B8	1	1	06	0ED8	0	2	1
02B1BA	1	1	06	0ED8	0	2	1
02B1BC	1	1	06	0ED8	0	2	1
02B1BE	1	1	06	0ED8	0	2	1
02B1C0	1	1	06	0ED8	0	2	1
02B1C2	1	1	06	0ED8	0	2	1
02B1C4	1	1	06	0ED8	0	2	1
02B1C6	1	1	06	0ED8	0	2	1
02B1C8	1	1	06	0ED8	0	2	1
02B1CA	1	1	06	0ED8	0	4	1
02B1CE	1	1	06	0ED8	0	2	1
02B1D0	0	1	06	0ED8	0	2	1
02B1D2	0	1	06	0ED8	0	2	1
02B1D4	0	1	06	0ED8	0	2	1
02B1D6	0	1	06	0ED8	0	2	1
02B1D8	1	1	06	0ED8	0	2	1
02B1DA	1	1	06	0ED8	0	2	1
02B1DC	1	1	06	0ED8	0	2	1
02B1DE	1	1	06	0ED8	0	2	1
02B1E0	1	1	06	0ED8	0	2	1
02B1E2	1	1	06	0ED8	0	2	1
02B1E4	1	1	06	0ED8	0	4	1
02B1E8	1	1	06	0ED8	0	2	1
02B1EA	1	1	06	0ED8	0	2	1
02B1EC	1	1	06	0ED8	0	2	1
02B1EE	1	1	06	0ED8	0	3	1
02B1F1	1	1	06	0ED8	0	4	1
02B1F5	1	1	06	0ED8	0	4	1
02B1F9	1	1	06	0ED8	0	4	1
02B1FD	1	1	06	0ED8	0	2	1
02B1FF	1	1	06	0E18	0	3	1
02B202	1	1	06	0E18	0	2	1
02B204	1	1	06	0DD8	0	2	1
02B206	1	1	06	0DD8	0	2	1
02B208	1	1	06	0DD8	0	2	1
02B20A	1	1	06	0DD8	0	2	1
02B20C	1	1	06	0DD8	0	2	1
02B212	1	1	06	0E18	0	3	1
02B215	1	1	06	0E18	0	2	1
02B217	1	1	06	0DD8	0	2	1
02B219	1	1	06	0DD8	0	2	1
02B21B	1	1	06	0E18	0	1	1
02B223	1	1	06	0ED8	0	2	1
02B225	1	1	06	0ED8	0	2	1
02B227	1	1	06	0ED8	0	2	1
02B229	1	1	06	0ED8	0	2	1
02B22B	1	1	06	0ED8	0	1	1
02B236	1	1	06	0ED8	0	2	1
02B238	1	1	06	0ED8	0	2	1
02B23A	1	0	06	0ED8	0	4	1
02B23E	1	0	06	0ED8	0	2	1
02B243	1	0	06	0ED8	0	2	1
02B245	0	0	06	0ED8	0	2	1
02B247	0	0	06	0ED8	0	1	1
02B248	0	0	06	0ED8	0	3	1
02B24B	0	0	06	0ED8	0	2	1
02B24D	0	0	06	0ED8	0	3	1
02B250	0	0	06	0ED8	0	2	1
02B252	0	0	06	0ED8	0	3	1
02B255	0	0	06	0ED8	0	2	1
02B257	1	0	06	0ED8	0	2	1
02B259	1	0	06	0ED8	0	3	1
02B25C	1	0	06	0ED8	0	2	1
02B25E	1	0	06	0ED8	0	3	1
02B261	1	0	06	0ED8	0	3	1
02B264	1	0	06	0ED8	0	3	1
02B267	1	0	06	0ED8	0	3	1
02B26A	1	0	06	0ED8	0	2	1
02B26C	1	0	06	0ED8	0	3	1
02B26F	1	0	06	0ED8	0	2	1
02B271	1	0	06	0ED8	0	3	1
02B274	1	0	06	0ED8	0	2	1
02B276	1	1	06	0ED8	0	2	1
02B278	1	1	06	0ED8	0	2	1
02B27A	1	1	06	0ED8	0	2	1
02B27C	1	1	06	0ED8	0	1	1
02B27D	1	1	06	0E18	0	2	1
02B27F	1	1	06	0E18	0	3	1
02B288	1	1	06	0E18	0	2	1
02B28A	0	1	06	0E18	0	3	1
02B28D	0	1	06	0E18	0	1	1
02B28E	0	1	06	0E18	0	3	1
02B291	0	1	06	0E18	0	2	1
02B293	0	1	06	0E18	0	3	1
02B296	0	1	06	0E18	0	2	1
02B298	0	1	06	0E18	0	2	1
02B29A	0	1	06	0E18	0	2	1
02B29C	1	1	06	0E18	0	2	1
02B29E	1	1	06	0E18	0	2	1
02B2A0	1	1	06	0E18	0	2	1
02B2A2	1	1	06	0E18	0	2	1
02B2A4	1	1	06	0E18	0	4	1
02B2A8	1	1	06	0E18	0	2	1
02B2AA	1	1	06	0E18	0	2	1
02B2AC	1	1	06	0E18	0	1	1
02B2AD	1	1	06	0E18	0	2	1
02B2AF	1	1	06	0E18	0	2	1
02B2B2	1	1	06	0E18	0	2	1
02B2B4	1	1	06	0E18	0	2	1
02B2B6	1	1	06	0E18	0	2	1
02B2B8	1	1	06	0E18	0	1	1
02B2B9	1	1	06	0E18	0	2	1
02B2BB	0	1	06	0E18	0	2	1
02B2BD	0	1	06	0E18	0	2	1
02B2BF	0	1	06	0E18	0	2	1
02B2C1	0	1	06	0E18	0	4	1
02B2C5	0	1	06	0E18	0	2	1
02B2C7	1	1	06	0E18	0	3	1
02B2CA	1	1	06	0E18	0	2	1
02B2CC	1	1	06	0E18	0	2	1
02B2CE	1	1	06	0E18	0	2	1
02B2D0	1	1	06	0E18	0	1	1
02B2D1	1	1	06	0E18	0	2	1
02B2D3	1	1	06	0E18	0	2	1
02B2D5	1	1	06	0E18	0	2	1
02B2D7	1	1	06	0E18	0	2	1
02B2D9	1	1	06	0E18	0	1	1
02B2DA	1	1	06	0E18	0	2	1
02B2DC	1	1	06	0E18	0	3	1
02B2E5	1	1	06	0E18	0	2	1
02B2E7	1	1	06	0E18	0	2	1
02B2E9	1	1	06	0E18	0	4	1
02B2ED	1	1	06	0E18	0	2	1
02B2EF	1	1	06	0E18	0	2	1
02B2F1	1	1	06	0E18	0	2	1
02B2F3	1	1	06	0E18	0	1	1
02B2F4	1	1	06	0E18	0	3	1
02B2F7	1	1	06	0E18	0	2	1
02B2F9	1	1	06	0E18	0	2	1
02B2FB	1	1	06	0E18	0	1	1
02B2FC	1	1	06	0E18	0	2	1
02B2FE	0	1	06	0E18	0	3	1
02B301	0	1	06	0E18	0	3	1
02B304	0	1	06	0E18	0	3	1
02B307	0	1	06	0E18	0	3	1
02B30A	0	1	06	0E18	0	2	1
02B30C	0	1	06	0E18	0	3	1
02B30F	0	1	06	0E18	0	2	1
02B311	0	1	06	0E18	0	3	1
02B314	0	1	06	0E18	0	3	1
02B317	0	1	06	0E18	0	3	1
02B31A	0	1	06	0E18	0	4	1
02B31E	0	1	06	0E18	0	3	1
02B321	0	1	06	0E18	0	2	1
02B323	0	1	06	0E18	0	3	1
02B326	0	1	06	0E18	0	3	1
02B329	0	1	06	0E18	0	1	1
02B32A	0	1	06	0E18	0	2	1
02B32C	0	1	06	0E18	0	2	1
02B32E	1	1	06	0E18	0	3	1
02B331	1	1	06	0E18	0	2	1
02B333	1	1	06	0E18	0	2	1
02B335	1	1	06	0E18	0	2	1
02B337	1	1	06	0E18	0	2	1
02B339	1	1	06	0E18	0	2	1
02B33B	1	1	06	0E18	0	2	1
02B33D	1	1	06	0E18	0	1	1
02B33E	1	1	06	0E18	0	2	1
02B340	1	1	06	0E18	0	4	1
02B344	1	1	06	0E18	0	3	1
02B347	1	1	06	0E18	0	2	1
02B349	1	1	06	0E18	0	2	1
02B34B	1	1	06	0E18	0	2	1
02B34D	1	1	06	0DD8	0	2	1
02B34F	1	1	06	0DD8	0	2	1
02B351	1	1	06	0E18	0	2	1
02B353	1	1	06	0E18	0	2	1
02B355	1	1	06	0E18	0	2	1
02B357	1	1	06	0E18	0	2	1
02B359	1	1	06	0E18	0	2	1
02B35B	1	1	06	0E18	0	2	1
02B35D	1	1	06	0E18	0	2	1
02B35F	1	1	06	0E18	0	2	1
02B361	1	1	06	0E18	0	2	1
02B363	0	1	06	0E18	0	2	1
02B365	0	1	06	0E18	0	2	1
02B367	0	1	06	0E18	0	3	1
02B36A	0	1	06	0E18	0	1	1
02B36B	0	1	06	0E18	0	2	1
02B36D	0	1	06	0E18	0	2	1
02B36F	0	1	06	0E18	0	3	1
02B372	0	1	06	0E18	0	2	1
02B374	0	1	06	0E18	0	2	1
02B376	1	1	06	0E18	0	1	1
02B377	1	1	06	0E18	0	2	1
02B379	1	1	06	0E18	0	2	1
02B37B	1	1	06	0E18	0	2	1
02B37D	1	1	06	0E18	0	2	1
02B37F	1	1	06	0E18	0	2	1
02B381	1	1	06	0E18	0	2	1
02B383	1	1	06	0E18	0	2	1
02B385	1	1	06	0E18	0	2	1
02B387	1	1	06	0E18	0	1	1
02B388	1	1	06	0DD8	0	2	1
02B38A	1	1	06	0DD8	0	2	1
02B38C	1	1	06	0DD8	0	2	1
02B38E	1	1	06	0DD8	0	2	1
02B390	1	1	06	0DD8	0	2	1
02B392	1	1	06	0DD8	0	2	1
02B394	1	1	06	0DD8	0	2	1
02B396	1	1	06	0DD8	0	4	1
02B39A	1	1	06	0DD8	0	1	1
02B39B	1	1	06	0DD8	0	3	1
02B39E	1	1	06	0DD8	0	3	1
02B3A1	1	1	06	0DD8	0	2	1
02B3A3	1	1	06	0DD8	0	2	1
02B3A5	1	1	06	0DD8	0	1	1
02B3A6	1	1	06	0DD8	0	2	1
02B3A8	1	1	06	0DD8	0	2	1
02B3AA	1	1	06	0DD8	0	1	1
02B3AB	1	1	06	0DD8	0	2	1
02B3AD	1	1	06	0DD8	0	2	1
02B3AF	1	1	06	0DD8	0	2	1
02B3B1	1	1	06	0DD8	0	1	1
02B3B2	1	1	06	0E18	0	2	1
02B3B4	1	1	06	0E18	0	3	1
02B3BD	1	1	06	0E18	0	2	1
02B3BF	0	1	06	0E18	0	3	1
02B3C2	0	1	06	0E18	0	2	1
02B3C4	0	1	06	0E18	0	2	1
02B3C6	1	1	06	0E18	0	2	1
02B3C8	1	1	06	0E18	0	2	1
02B3CA	1	1	06	0E18	0	2	1
02B3CC	1	1	06	0E18	0	4	1
02B3D0	1	1	06	0E18	0	2	1
02B3D2	1	1	06	0E18	0	2	1
02B3D4	1	1	06	0E18	0	2	1
02B3D6	1	1	06	0E18	0	1	1
02B3D7	1	1	06	0E18	0	3	1
02B3DA	1	1	06	0E18	0	3	1
02B3DD	1	1	06	0E18	0	2	1
02B3DF	1	1	06	0E18	0	2	1
02B3E1	1	1	06	0E18	0	1	1
02B3E2	1	1	06	0E18	0	2	1
02B3E4	1	1	06	0E18	0	2	1
02B3E6	0	1	06	0E18	0	4	1
02B3EA	0	1	06	0E18	0	3	1
02B3ED	0	1	06	0E18	0	2	1
02B3EF	0	1	06	0E18	0	2	1
02B3F1	0	1	06	0E18	0	1	1
02B3F2	0	1	06	0E18	0	2	1
02B3F4	0	1	06	0E18	0	2	1
02B3F6	0	1	06	0E18	0	3	1
02B3F9	0	1	06	0E18	0	2	1
02B409	0	1	06	0E18	0	3	1
02B40C	0	1	06	0E18	0	2	1
02B411	0	1	06	0E18	0	2	1
02B413	0	1	06	0E18	0	2	1
02B415	1	1	06	0E18	0	2	1
02B417	1	1	06	0E18	0	4	1
02B41B	1	1	06	0E18	0	3	1
02B41E	1	1	06	0E18	0	2	1
02B420	1	1	06	0E18	0	1	1
02B421	1	1	06	0E18	0	2	1
02B423	1	1	06	0E18	0	2	1
02B425	1	1	06	0E18	0	2	1
02B427	1	1	06	0E18	0	2	1
02B429	1	1	06	0E18	0	1	1
02B42A	1	1	06	0E18	0	3	1
02B42D	1	1	06	0E18	0	3	1
02B430	1	1	06	0E18	0	2	1
02B432	1	1	06	0E18	0	2	1
02B434	1	1	06	0E18	0	1	1
02B435	1	1	06	0E18	0	2	1
02B437	1	1	06	0E18	0	2	1
02B439	1	1	06	0E18	0	2	1
02B43B	1	1	06	0E18	0	1	1
02B43C	1	1	06	0ED8	0	2	1
02B43E	1	1	06	0ED8	0	2	1
02B440	1	1	06	0DD8	0	2	1
02B442	1	1	06	0DD8	0	2	1
02B444	1	0	06	0DD8	0	2	1
02B446	1	0	06	0DD8	0	2	1
02B448	1	0	06	0DD8	0	4	1
02B44C	1	0	06	0DD8	0	2	1
02B44E	1	0	06	0DD8	0	2	1
02B450	1	0	06	0DD8	0	3	1
02B453	1	0	06	0DD8	0	2	1
02B455	1	0	06	0DD8	0	3	1
02B458	1	0	06	0DD8	0	2	1
02B45A	1	0	06	0DD8	0	1	1
02B45B	1	0	06	0DD8	0	2	1
02B45D	1	0	06	0DD8	0	3	1
02B460	1	0	06	0DD8	0	2	1
02B462	0	0	06	0DD8	0	3	1
02B465	0	0	06	0DD8	0	3	1
02B468	0	0	06	0DD8	0	2	1
02B46A	0	0	06	0DD8	0	3	1
02B46D	0	0	06	0DD8	0	2	1
02B46F	0	0	06	0DD8	0	3	1
02B472	0	0	06	0DD8	0	2	1
02B474	0	0	06	0DD8	0	3	1
02B477	0	0	06	0DD8	0	1	1
02B478	0	0	06	0DD8	0	1	1
02B479	0	0	06	0DD8	0	2	1
02B47B	1	0	06	0DD8	0	3	1
02B47E	1	0	06	0DD8	0	2	1
02B480	1	0	06	0DD8	0	2	1
02B482	1	0	06	0DD8	0	1	1
02B483	1	0	06	0DD8	0	3	1
02B486	1	0	06	0DD8	0	2	1
02B488	1	0	06	0DD8	0	2	1
02B48A	1	1	06	0DD8	0	2	1
02B48C	1	1	06	0DD8	0	2	1
02B48E	1	1	06	0DD8	0	4	1
02B492	1	1	06	0DD8	0	4	1
02B496	1	1	06	0DD8	0	2	1
02B498	1	1	06	0DD8	0	4	1
02B49C	1	1	06	0ED8	0	2	1
02B49E	1	1	06	0ED8	0	2	1
02B4A0	1	0	06	0ED8	0	2	1
02B4A2	1	0	06	0ED8	0	2	1
02B4A4	1	0	06	0ED8	0	2	1
02B4A6	1	0	06	0ED8	0	3	1
02B4A9	1	0	06	0ED8	0	3	1
02B4AC	1	0	06	0ED8	0	2	1
02B4AE	1	1	06	0ED8	0	3	1
02B4B1	1	1	06	0ED8	0	2	1
02B4B3	1	1	06	0ED8	0	1	1
02B4B4	1	1	06	0ED8	0	3	1
02B4B7	1	1	06	0ED8	0	2	1
02B4B9	1	1	06	0ED8	0	2	1
02B4BB	1	1	06	0DD8	0	4	1
02B4BF	1	1	06	0ED8	0	4	1
02B4CB	1	1	06	0E18	0	2	1
02B4CD	0	1	06	0E18	0	2	1
02B4CF	0	1	06	0E18	0	3	1
02B4D2	0	1	06	0E18	0	2	1
02B4D4	0	1	06	0E18	0	3	1
02B4D7	0	1	06	0E18	0	3	1
02B4DA	0	1	06	0E18	0	2	1
02B4DC	0	1	06	0E18	0	3	1
02B4DF	0	1	06	0E18	0	3	1
02B4E2	0	1	06	0E18	0	2	1
02B4E4	0	1	06	0E18	0	2	1
02B4E6	0	1	06	0E18	0	3	1
02B4E9	0	1	06	0E18	0	3	1
02B4EC	0	1	06	0E18	0	2	1
02B4EE	1	1	06	0E18	0	1	1
02B4EF	0	1	06	0E18	0	2	1
02B4F1	0	1	06	0E18	0	2	1
02B4F3	0	1	06	0E18	0	2	1
02B4F5	1	1	06	0E18	0	4	1
02B4F9	1	1	06	0E18	0	2	1
02B4FB	0	1	06	0E18	0	1	1
02B4FC	1	1	06	0E18	0	2	1
02B4FE	0	1	06	0E18	0	2	1
02B500	0	1	06	0E18	0	3	1
02B503	0	1	06	0E18	0	2	1
02B505	0	1	06	0E18	0	3	1
02B508	0	1	06	0E18	0	3	1
02B50B	0	1	06	0E18	0	2	1
02B50D	0	1	06	0E18	0	3	1
02B510	0	1	06	0E18	0	3	1
02B513	0	1	06	0E18	0	2	1
02B515	0	1	06	0E18	0	2	1
02B517	0	1	06	0E18	0	3	1
02B51A	0	1	06	0E18	0	3	1
02B51D	0	1	06	0E18	0	2	1
02B51F	1	1	06	0E18	0	1	1
02B520	0	1	06	0E18	0	2	1
02B522	0	1	06	0E18	0	2	1
02B524	0	1	06	0E18	0	2	1
02B526	1	1	06	0E18	0	4	1
02B52A	1	1	06	0E18	0	2	1
02B52C	0	1	06	0E18	0	1	1
02B52D	1	1	06	0E18	0	2	1
02B52F	0	1	06	0E18	0	2	1
02B531	0	1	06	0E18	0	3	1
02B534	0	1	06	0E18	0	2	1
02B536	0	1	06	0E18	0	3	1
02B539	0	1	06	0E18	0	3	1
02B53C	0	1	06	0E18	0	2	1
02B53E	0	1	06	0E18	0	3	1
02B541	0	1	06	0E18	0	3	1
02B544	0	1	06	0E18	0	2	1
02B546	1	1	06	0E18	0	1	1
02B547	0	1	06	0E18	0	1	1
02B548	0	1	06	0E18	0	2	1
02B54A	0	1	06	0E18	0	2	1
02B54C	0	1	06	0E18	0	2	1
02B54E	1	1	06	0E18	0	2	1
02B550	1	1	06	0E18	0	2	1
02B552	1	1	06	0E18	0	4	1
02B556	1	1	06	0E18	0	1	1
02B557	0	1	06	0E18	0	1	1
02B558	1	1	06	0E18	0	1	1
02B559	1	1	06	0E18	0	2	1
02B55B	0	1	06	0E18	0	2	1
02B55D	0	1	06	0E18	0	2	1
02B55F	0	1	06	0E18	0	3	1
02B562	0	1	06	0E18	0	1	1
02B563	1	1	06	0E18	0	1	1
02B568	0	1	06	0E18	0	2	1
02B56A	0	1	06	0E18	0	2	1
02B56C	0	1	06	0E18	0	3	1
02B56F	0	1	06	0E18	0	2	1
02B571	0	1	06	0E18	0	2	1
02B573	0	1	06	0E18	0	2	1
02B575	1	1	06	0E18	0	2	1
02B577	1	1	06	0E18	0	2	1
02B579	1	1	06	0E18	0	1	1
02B57A	0	1	06	0E18	0	2	1
02B57C	0	1	06	0E18	0	3	1
02B57F	0	1	06	0E18	0	2	1
02B581	0	1	06	0E18	0	2	1
02B583	0	1	06	0E18	0	2	1
02B585	0	1	06	0E18	0	3	1
02B588	0	1	06	0E18	0	2	1
02B58C	0	1	06	0E18	0	2	1
02B58E	0	1	06	0E18	0	1	1
02B58F	0	1	06	0E18	0	2	1
02B591	0	1	06	0E18	0	2	1
02B593	0	1	06	0E18	0	2	1
02B595	0	1	06	0E18	0	1	1
02B596	0	1	06	0E18	0	3	1
02B599	0	1	06	0E18	0	2	1
02B59B	0	1	06	0E18	0	2	1
02B59D	0	1	06	0E18	0	1	1
02B59E	0	1	06	0E18	0	3	1
02B5A1	0	1	06	0E18	0	2	1
02B5A3	0	1	06	0E18	0	4	1
02B5A7	0	1	06	0E18	0	1	1
02B5A8	1	1	06	0E18	0	2	1
02B5AA	0	1	06	0E18	0	2	1
02B5AC	0	1	06	0E18	0	1	1
02B5AD	0	1	06	0E18	0	2	1
02B5AF	0	1	06	0E18	0	2	1
02B5BC	0	1	06	0E18	0	3	1
02B5BF	0	1	06	0E18	0	2	1
02B5CD	0	1	06	0E18	0	2	1
02B5CF	1	1	06	0E18	0	1	1
02B5D0	1	1	06	0ED8	0	2	1
02B5D2	1	1	06	0ED8	0	3	1
02B5DB	1	1	06	0ED8	0	4	1
02B5DF	1	1	06	0ED8	0	2	1
02B5E1	0	1	06	0ED8	0	3	1
02B5E4	0	1	06	0ED8	0	2	1
02B5E6	0	1	06	0ED8	0	2	1
02B5E8	1	1	06	0ED8	0	2	1
02B5EA	1	1	06	0ED8	0	2	1
02B5EC	1	1	06	0ED8	0	2	1
02B5EE	1	1	06	0ED8	0	2	1
02B5F0	1	1	06	0ED8	0	4	1
02B5F4	1	1	06	0ED8	0	3	1
02B5F7	1	1	06	0ED8	0	2	1
02B5F9	1	1	06	0ED8	0	2	1
02B5FB	1	1	06	0ED8	0	2	1
02B5FD	1	1	06	0ED8	0	2	1
02B5FF	1	1	06	0ED8	0	2	1
02B601	1	1	06	0ED8	0	2	1
02B603	1	1	06	0ED8	0	2	1
02B605	1	1	06	0ED8	0	2	1
02B607	1	1	06	0ED8	0	2	1
02B609	1	1	06	0ED8	0	4	1
02B60D	1	1	06	0ED8	0	2	1
02B60F	1	1	06	0ED8	0	2	1
02B611	1	1	06	0ED8	0	1	1
02B612	1	1	06	0ED8	0	2	1
02B614	1	1	06	0ED8	0	2	1
02B616	1	1	06	0ED8	0	2	1
02B618	1	1	06	0ED8	0	3	1
02B61B	1	1	06	0ED8	0	4	1
02B61F	1	1	06	0ED8	0	2	1
02B633	1	1	06	0ED8	0	2	1
02B635	1	1	06	0ED8	0	2	1
02B637	1	0	06	0ED8	0	2	1
02B639	1	0	06	0ED8	0	3	1
02B63C	1	0	06	0ED8	0	2	1
02B63E	1	0	06	0ED8	0	2	1
02B640	1	0	06	0ED8	0	2	1
02B642	1	0	06	0ED8	0	3	1
02B645	1	0	06	0ED8	0	2	1
02B647	1	0	06	0ED8	0	2	1
02B649	1	0	06	0ED8	0	3	1
02B64C	1	0	06	0ED8	0	2	1
02B64E	1	0	06	0ED8	0	2	1
02B650	1	0	06	0ED8	0	2	1
02B652	1	1	06	0ED8	0	4	1
02B656	1	1	06	0ED8	0	4	1
02B68F	1	1	06	0ED8	0	2	1
02B691	0	0	06	0ED8	0	4	1
02B695	0	0	06	0ED8	0	3	1
02B698	0	0	06	0ED8	0	2	1
02B69A	0	0	06	0ED8	0	4	1
02B69E	0	0	06	0ED8	0	3	1
02B6A1	0	0	06	0ED8	0	1	1
02B6A2	0	0	06	0ED8	0	3	1
02B6A5	0	0	06	0ED8	0	2	1
02B6A7	0	0	06	0ED8	0	2	1
02B6A9	0	0	06	0ED8	0	3	1
02B6AC	0	0	06	0ED8	0	2	1
02B6AE	0	0	06	0ED8	0	3	1
02B6B1	0	0	06	0ED8	0	1	1
02B6B2	0	0	06	0ED8	0	3	1
02B6B5	0	0	06	0ED8	0	2	1
02B6B7	0	0	06	0ED8	0	2	1
02B6B9	1	0	06	0ED8	0	3	1
02B6BC	1	0	06	0ED8	0	2	1
02B6BE	1	0	06	0ED8	0	3	1
02B6C1	1	0	06	0ED8	0	3	1
02B6C4	1	0	06	0ED8	0	2	1
02B6C6	1	0	06	0ED8	0	2	1
02B6C8	1	0	06	0ED8	0	2	1
02B6CA	1	0	06	0ED8	0	2	1
02B6CC	1	0	06	0ED8	0	2	1
02B6CE	1	0	06	0ED8	0	3	1
02B6D1	1	0	06	0ED8	0	2	1
02B6D3	1	0	06	0ED8	0	2	1
02B6D5	1	0	06	0ED8	0	2	1
02B6D7	0	0	06	0ED8	0	3	1
02B6DA	0	0	06	0ED8	0	3	1
02B6DD	0	0	06	0ED8	0	1	1
02B6DE	0	0	06	0ED8	0	3	1
02B6E1	0	0	06	0ED8	0	2	1
02B6E3	0	0	06	0ED8	0	2	1
02B6E5	1	0	06	0ED8	0	3	1
02B6E8	1	0	06	0ED8	0	2	1
02B6EA	1	0	06	0ED8	0	2	1
02B6EC	1	0	06	0ED8	0	2	1
02B6EE	1	0	06	0ED8	0	2	1
02B6F0	1	0	06	0ED8	0	2	1
02B6F2	1	1	06	0ED8	0	2	1
02B6F4	1	1	06	0ED8	0	4	1
02B6F8	1	1	06	0ED8	0	2	1
02B6FA	1	1	06	0ED8	0	2	1
02B6FC	1	1	06	0ED8	0	2	1
02B6FE	1	1	06	0ED8	0	2	1
02B700	1	1	06	0ED8	0	2	1
02B71B	1	1	06	0ED8	0	2	1
02B71D	1	1	06	0ED8	0	1	1
02B71E	1	1	06	0ED8	0	2	1
02B720	1	1	06	0ED8	0	2	1
02B722	1	1	06	0ED8	0	2	1
02B724	1	1	06	0ED8	0	2	1
02B726	1	1	06	0ED8	0	2	1
02B728	1	1	06	0ED8	0	2	1
02B72A	1	1	06	0ED8	0	4	1
02B72E	1	1	06	0ED8	0	2	1
02B730	1	1	06	0ED8	0	2	1
02B732	1	1	06	0ED8	0	2	1
02B734	1	1	06	0ED8	0	4	1
02B738	1	1	06	0ED8	0	2	1
02B73A	1	1	06	0ED8	0	2	1
02B73C	1	1	06	0ED8	0	1	1
02B816	1	1	06	0FD8	0	2	1
02B818	1	1	06	0FD8	0	2	1
02B81A	1	1	06	0E18	0	2	1
02B81C	1	1	06	0E18	0	2	1
02B81E	1	1	06	0E18	0	2	1
02B820	1	1	06	0E18	0	2	1
02B822	0	1	06	0E18	0	3	1
02B825	0	1	06	0E18	0	2	1
02B827	0	1	06	0E18	0	3	1
02B82A	0	1	06	0E18	0	2	1
02B82C	0	1	06	0E18	0	3	1
02B82F	0	1	06	0E18	0	2	1
02B831	0	1	06	0E18	0	3	1
02B834	0	1	06	0E18	0	2	1
02B836	0	1	06	0E18	0	3	1
02B839	0	1	06	0E18	0	2	1
02B83B	0	1	06	0E18	0	2	1
02B83D	1	1	06	0E18	0	3	1
02B840	1	1	06	0E18	0	3	1
02B843	1	1	06	0E18	0	2	1
02B845	1	1	06	0E18	0	4	1
02B849	1	1	06	0E18	0	3	1
02B84C	1	1	06	0E18	0	3	1
02B84F	1	1	06	0E18	0	2	1
02B851	1	1	06	0E18	0	2	1
02B853	1	1	06	0E18	0	3	1
02B856	1	1	06	0E18	0	2	1
02B858	1	1	06	0E18	0	2	1
02B85A	1	1	06	0E18	0	2	1
02B85C	1	1	06	0E18	0	4	1
02B860	1	1	06	0E18	0	4	1
02B864	1	1	06	0E18	0	4	1
02B868	1	1	06	0FD8	0	2	1
02B86A	1	1	06	0FD8	0	2	1
02B86C	1	1	06	0F58	0	2	1
02B86E	1	1	06	0F58	0	2	1
02B870	0	1	06	0F58	0	3	1
02B873	0	1	06	0F58	0	2	1
02B875	0	1	06	0F58	0	2	1
02B877	0	1	06	0F58	0	3	1
02B87A	0	1	06	0F58	0	1	1
02B87B	0	1	06	0F58	0	1	1
02B87C	0	1	06	0F58	0	3	1
02B87F	0	1	06	0F58	0	2	1
02B881	0	1	06	0F58	0	3	1
02B884	0	1	06	0F58	0	2	1
02B886	0	1	06	0F58	0	3	1
02B889	0	1	06	0F58	0	2	1
02B88B	0	1	06	0F58	0	2	1
02B88D	1	1	06	0FD8	0	3	1
02B890	1	1	06	0FD8	0	2	1
02B892	1	1	06	0FD8	0	4	1
02B896	1	1	06	0FD8	0	2	1
02B898	1	1	06	0FD8	0	3	1
02B89F	1	1	06	0FD8	0	4	1
02B8A3	1	1	06	0FD8	0	3	1
02B8A6	1	1	06	0FD8	0	2	1
02B8A8	0	1	06	0FD8	0	2	1
02B8AA	0	1	06	0FD8	0	3	1
02B8AD	0	1	06	0FD8	0	2	1
02B8AF	1	1	06	0FD8	0	2	1
02B8B1	1	1	06	0F58	0	2	1
02B8B3	1	1	06	0F58	0	2	1
02B8B5	1	1	06	0F58	0	2	1
02B8B7	1	1	06	0F58	0	2	1
02B8B9	1	1	06	0FD8	0	1	1
02B8BA	1	1	06	0F58	0	4	1
02B8BE	1	1	06	0F58	0	2	1
02B8C0	1	1	06	0F58	0	2	1
02B8C2	1	1	06	0F58	0	2	1
02B8C4	1	1	06	0F58	0	2	1
02B8C6	0	1	06	0F58	0	2	1
02B8C8	0	1	06	0F58	0	3	1
02B8CB	0	1	06	0F58	0	2	1
02B8CD	0	1	06	0F58	0	2	1
02B8CF	1	1	06	0F58	0	1	1
02B8D0	1	1	06	0FD8	0	2	1
02B8D2	0	1	06	0FD8	0	3	1
02B8D5	0	1	06	0FD8	0	3	1
02B8D8	0	1	06	0FD8	0	2	1
02B8DA	0	1	06	0FD8	0	3	1
02B8DD	0	1	06	0FD8	0	2	1
02B8DF	0	1	06	0FD8	0	2	1
02B8E1	1	1	06	0FD8	0	1	1
02B8E2	0	1	06	0FD8	0	2	1
02B8E4	1	1	06	0FD8	0	2	1
02B8E6	1	1	06	0FD8	0	1	1
02B8E7	0	1	06	0FD8	0	3	1
02B8EA	0	1	06	0FD8	0	3	1
02B8ED	0	1	06	0FD8	0	2	1
02B8EF	0	1	06	0FD8	0	2	1
02B8F1	1	1	06	0FD8	0	2	1
02B8F3	1	1	06	0FD8	0	2	1
02B8F5	1	1	06	0FD8	0	4	1
02B8F9	1	1	06	0FD8	0	4	1
02B8FD	1	1	06	0FD8	0	2	1
02B8FF	1	1	06	0FD8	0	1	1
02B900	1	1	06	0FD8	0	2	1
02B902	1	1	06	0E58	0	4	1
02B906	1	1	06	0FD8	0	1	1
02B907	1	1	06	0E18	0	2	1
02B909	1	0	06	0E18	0	3	1
02B90C	1	0	06	0E18	0	4	1
02B910	1	0	06	0E18	0	2	1
02B912	1	0	06	0E18	0	3	1
02B915	1	0	06	0E18	0	2	1
02B917	1	0	06	0E18	0	3	1
02B91A	1	0	06	0E18	0	1	1
02B91B	1	0	06	0E18	0	3	1
02B91E	1	0	06	0E18	0	1	1
02B91F	1	0	06	0E18	0	2	1
02B921	1	0	06	0E18	0	2	1
02B923	1	1	06	0E18	0	1	1
02B924	1	1	06	0E18	0	2	1
02B926	1	0	06	0E18	0	2	1
02B928	1	0	06	0E18	0	3	1
02B92B	1	0	06	0E18	0	3	1
02B92E	1	0	06	0E18	0	2	1
02B930	1	0	06	0E18	0	3	1
02B933	1	0	06	0E18	0	2	1
02B935	1	0	06	0E18	0	3	1
02B938	1	0	06	0E18	0	2	1
02B93A	1	0	06	0E18	0	3	1
02B93D	1	0	06	0E18	0	2	1
02B93F	1	0	06	0E18	0	3	1
02B942	1	0	06	0E18	0	2	1
02B944	1	1	06	0E18	0	1	1
02BCBD	1	1	06	0D18	0	2	1
02BCBF	1	1	06	0D18	0	3	1
02BCCA	1	1	06	0D18	0	3	1
02BCCD	1	1	06	0D18	0	2	1
02BCCF	1	1	06	0D18	0	2	1
02BCD5	1	1	06	0D18	0	4	1
02BCD9	1	1	06	0D18	0	2	1
02BCDB	1	1	06	0D18	0	2	1
02BCDD	1	1	06	0D18	0	2	1
02BCDF	1	1	06	0D18	0	2	1
02BCE1	1	1	06	0D18	0	2	1
02BCE3	1	1	06	0D18	0	2	1
02BCE5	1	1	06	0D18	0	2	1
02BCE7	1	1	06	0D18	0	2	1
02BCE9	1	1	06	0D18	0	2	1
02BCEB	1	1	06	0D18	0	2	1
02BCED	1	1	06	0D18	0	2	1
02BCEF	1	1	06	0D18	0	2	1
02BCF1	1	1	06	0D18	0	4	1
02BCF5	1	0	06	0D18	0	2	1
02BCFA	1	0	06	0D18	0	2	1
02BCFC	1	0	06	0D18	0	2	1
02BCFE	1	0	06	0D18	0	3	1
02BD01	1	0	06	0D18	0	3	1
02BD04	1	0	06	0D18	0	2	1
02BD06	1	0	06	0D18	0	4	1
02BD0A	1	0	06	0D18	0	2	1
02BD0C	1	0	06	0D18	0	2	1
02BD0E	1	0	06	0D18	0	2	1
02BD10	1	0	06	0D18	0	2	1
02BD12	1	0	06	0D18	0	3	1
02BD15	1	0	06	0D18	0	3	1
02BD18	1	0	06	0D18	0	3	1
02BD1B	1	0	06	0D18	0	2	1
02BD1D	1	0	06	0D18	0	2	1
02BD1F	1	0	06	0D18	0	3	1
02BD22	1	0	06	0D18	0	3	1
02BD25	1	0	06	0D18	0	3	1
02BD28	1	0	06	0D18	0	2	1
02BD2A	1	0	06	0D18	0	2	1
02BD2C	1	1	06	0D18	0	2	1
02BD2E	1	1	06	0D18	0	2	1
02BD30	1	1	06	0D18	0	1	1
02BD31	1	1	06	0D18	0	4	1
02BD35	1	1	06	0D18	0	2	1
02BD37	1	1	06	0D18	0	2	1
02BD39	1	1	06	0D18	0	2	1
02BD3B	1	1	06	0D18	0	3	1
02BD3E	1	1	06	0D18	0	2	1
02BD40	1	1	06	0D18	0	2	1
02BD42	1	1	06	0D18	0	2	1
02BD44	1	1	06	0D18	0	2	1
02BD46	1	1	06	0D18	0	2	1
02BD48	1	1	06	0D18	0	2	1
02BD4A	1	1	06	0D18	0	2	1
02BD4C	1	1	06	0D18	0	3	1
02BD4F	1	1	06	0D18	0	4	1
02BD53	1	1	06	0D18	0	4	1
02BD57	1	1	06	0D18	0	2	1
02BD59	1	1	06	0D58	0	2	1
02BD5B	1	1	06	0D58	0	2	1
02BD5D	1	1	06	0D58	0	2	1
02BD5F	1	1	06	0D18	0	2	1
02BD61	1	1	06	0D18	0	2	1
02BD63	0	0	06	0D18	0	2	1
02BD65	0	0	06	0D18	0	2	1
02BD67	0	0	06	0D18	0	2	1
02BD69	0	0	06	0D18	0	3	1
02BD6C	0	0	06	0D18	0	2	1
02BD6E	0	0	06	0D18	0	3	1
02BD71	0	0	06	0D18	0	1	1
02BD72	0	0	06	0D18	0	3	1
02BD75	0	0	06	0D18	0	3	1
02BD78	0	0	06	0D18	0	1	1
02BD79	0	0	06	0D18	0	2	1
02BD7B	0	0	06	0D18	0	3	1
02BD7E	0	0	06	0D18	0	2	1
02BD80	0	0	06	0D18	0	2	1
02BD82	0	0	06	0D18	0	3	1
02BD85	0	0	06	0D18	0	2	1
02BD87	0	0	06	0D18	0	3	1
02BD8A	0	0	06	0D18	0	2	1
02BD8C	1	1	06	0D18	0	2	1
02BD8E	1	1	06	0D18	0	2	1
02BD90	1	1	06	0D18	0	3	1
02BD93	1	1	06	0D18	0	4	1
02BD97	1	1	06	0D18	0	3	1
02BD9A	1	1	06	0D18	0	4	1
02BD9E	1	1	06	0D18	0	2	1
02BDA0	1	1	06	0D18	0	4	1
02BDA4	1	1	06	0D18	0	2	1
02BDA6	1	1	06	0D18	0	2	1
02BDA8	1	1	06	0D18	0	2	1
02BDAA	1	1	06	0D18	0	1	1
02BDB3	1	1	06	0D18	0	2	1
02BDB5	1	1	06	0D18	0	2	1
02BDB7	1	1	06	0D18	0	4	1
02BDBB	1	1	06	0D18	0	2	1
02BDBD	1	0	06	0D18	0	3	1
02BDC0	1	0	06	0D18	0	2	1
02BDC2	1	0	06	0D18	0	2	1
02BDC4	1	0	06	0D18	0	3	1
02BDC7	1	0	06	0D18	0	2	1
02BDC9	1	0	06	0D18	0	2	1
02BDCB	1	1	06	0D18	0	2	1
02BDCD	1	1	06	0D18	0	2	1
02BDCF	1	1	06	0D18	0	2	1
02BDD1	1	1	06	0D18	0	2	1
02BDD3	1	1	06	0D18	0	2	1
02BDD5	1	1	06	0D18	0	2	1
02BDD7	1	1	06	0D18	0	4	1
02BDDB	1	1	06	0D18	0	1	1
02BDDC	1	1	06	0D18	0	2	1
02BDDE	0	1	06	0D18	0	2	1
02BDE0	0	1	06	0D18	0	2	1
02BDEB	0	1	06	0D18	0	2	1
02BDED	0	1	06	0D18	0	2	1
02BDEF	0	1	06	0D18	0	3	1
02BDF2	1	1	06	0D18	0	2	1
02BDF4	1	1	06	0D18	0	4	1
02BDF8	1	1	06	0D18	0	4	1
02BDFC	1	1	06	0D18	0	3	1
02BDFF	1	1	06	0D18	0	2	1
02BE01	1	1	06	0D18	0	4	1
02BE05	1	1	06	0D18	0	2	1
02BE07	1	1	06	0D18	0	2	1
02BE09	1	1	06	0D18	0	2	1
02BE0B	1	1	06	0D58	0	2	1
02BE0D	0	1	06	0D58	0	2	1
02BE0F	0	1	06	0D58	0	3	1
02BE12	0	1	06	0D58	0	1	1
02BE13	0	1	06	0D58	0	2	1
02BE15	0	1	06	0D58	0	2	1
02BE17	1	1	06	0D18	0	1	1
02BE18	1	1	06	0D18	0	4	1
02BE1C	1	1	06	0D18	0	2	1
02BE1E	1	1	06	0D18	0	2	1
02BE20	1	1	06	0D18	0	2	1
02BE22	1	1	06	0D18	0	2	1
02BE24	1	1	06	0D18	0	2	1
02BE26	1	1	06	0D18	0	1	1
02BE27	1	1	06	0D18	0	2	1
02BE29	1	1	06	0D18	0	2	1
02BE2B	1	1	06	0D18	0	3	1
02BE46	1	1	06	0D18	0	2	1
02BE48	1	1	06	0D18	0	3	1
02BE55	1	1	06	0D18	0	4	1
02BE59	1	1	06	0D18	0	2	1
02BE5B	1	1	06	0D18	0	1	1
02BE5C	1	1	06	0D18	0	1	1
02BE5D	1	1	06	0D18	0	1	1
02BE5E	1	1	06	0D18	0	2	1
02BE60	0	1	06	0D18	0	3	1
02BE63	0	1	06	0D18	0	2	1
02BE65	0	1	06	0D18	0	3	1
02BE68	0	1	06	0D18	0	2	1
02BE6A	0	1	06	0D18	0	3	1
02BE6D	0	1	06	0D18	0	2	1
02BE6F	0	1	06	0D18	0	2	1
02BE71	1	1	06	0D18	0	2	1
02BE73	1	1	06	0D18	0	2	1
02BE75	1	1	06	0D18	0	2	1
02BE77	1	1	06	0D18	0	4	1
02BE7B	1	1	06	0D18	0	2	1
02BE7D	1	1	06	0D18	0	2	1
02BE7F	1	1	06	0D18	0	1	1
02BE80	1	1	06	0D18	0	4	1
02BE84	1	1	06	0D18	0	4	1
02BE88	1	1	06	0D18	0	4	1
02BE8C	1	1	06	0D18	0	2	1
02BE8E	1	1	06	0D18	0	2	1
02BE90	1	1	06	0D18	0	2	1
02BE92	1	1	06	0D18	0	2	1
02BE94	0	1	06	0D18	0	2	1
02BE96	0	1	06	0D18	0	1	1
02BE97	0	1	06	0D18	0	2	1
02BE99	0	1	06	0D18	0	2	1
02BE9B	0	1	06	0D58	0	3	1
02BE9E	0	1	06	0D58	0	1	1
02BE9F	0	1	06	0D18	0	3	1
02BEA2	0	1	06	0D18	0	2	1
02BEA4	1	1	06	0D18	0	2	1
02BEA6	1	1	06	0D18	0	2	1
02BEA8	1	1	06	0D18	0	2	1
02BEAA	1	1	06	0D18	0	2	1
02BEAC	1	1	06	0D18	0	2	1
02BEAE	1	1	06	0D18	0	1	1
02BEAF	1	1	06	0D18	0	2	1
02BEB1	1	1	06	0D18	0	2	1
02BEB3	1	1	06	0D18	0	2	1
02BEB5	1	1	06	0D18	0	2	1
02BEB7	1	1	06	0D18	0	1	1
02BEB8	1	1	06	0D18	0	2	1
02BEBA	1	1	06	0D18	0	2	1
02BEBC	1	1	06	0D18	0	2	1
02BEBE	1	1	06	0D18	0	2	1
02BEC0	1	1	06	0D18	0	2	1
02BEC2	1	1	06	0D18	0	2	1
02BEC4	0	1	06	0D18	0	3	1
02BEC7	0	1	06	0D18	0	1	1
02BEC8	0	1	06	0D18	0	2	1
02BECA	0	1	06	0D18	0	3	1
02BECD	0	1	06	0D18	0	1	1
02BECE	0	1	06	0D18	0	2	1
02BED0	0	1	06	0D18	0	2	1
02BED2	1	1	06	0D18	0	2	1
02BED4	1	1	06	0D18	0	2	1
02BED6	1	1	06	0D18	0	1	1
02BED7	1	1	06	0D18	0	4	1
02BEDB	1	1	06	0D18	0	1	1
02BEDC	1	1	06	0D18	0	2	1
02BEDE	1	0	06	0D18	0	2	1
02BEE0	1	0	06	0D18	0	2	1
02BEE2	1	0	06	0D18	0	3	1
02BEE5	1	0	06	0D18	0	3	1
02BEE8	1	0	06	0D18	0	2	1
02BEEA	1	1	06	0D18	0	4	1
02BF24	1	1	06	1898	0	2	1
02BF26	1	1	06	1898	0	3	1
02BF2F	1	1	06	1898	0	2	1
02BF31	1	1	06	1898	0	2	1
02BF33	1	1	06	1898	0	2	1
02BF35	1	1	06	1898	0	4	1
02BF39	1	1	06	1898	0	2	1
02BF3B	1	1	06	1898	0	2	1
02BF3D	1	1	06	1898	0	1	1
02BF3E	1	1	06	1898	0	4	1
02BF42	1	1	06	1898	0	4	1
02BF46	1	1	06	1898	0	4	1
02BF4A	1	0	06	0D18	0	3	1
02BF4D	1	0	06	0D18	0	2	1
02BF4F	1	0	06	0D18	0	3	1
02BF52	1	0	06	0D18	0	2	1
02BF54	1	0	06	0D18	0	3	1
02BF57	1	0	06	0D18	0	2	1
02BF59	1	0	06	0D18	0	3	1
02BF5C	1	0	06	0D18	0	1	1
02BF5D	0	1	06	0D18	0	2	1
02BF5F	0	1	06	0D18	0	2	1
02BF61	0	1	06	0D18	0	3	1
02BF64	0	1	06	0D18	0	1	1
02BF65	0	1	06	0D18	0	2	1
02BF67	0	1	06	0D18	0	2	1
02BF69	0	1	06	0D18	0	3	1
02BF6C	0	1	06	0D18	0	1	1
02BF6D	0	1	06	0D18	0	3	1
02BF70	0	1	06	0D18	0	2	1
02BF72	0	1	06	0D18	0	2	1
02BF74	0	1	06	0D18	0	2	1
02BF76	1	1	06	0D18	0	3	1
02BF79	1	1	06	0D18	0	2	1
02BF7B	1	1	06	0D18	0	2	1
02BF7D	1	1	06	0D18	0	2	1
02BF7F	0	1	06	0D18	0	2	1
02BF81	0	1	06	0D18	0	1	1
02BF82	0	1	06	0D18	0	3	1
02BF85	0	1	06	0D18	0	2	1
02BF87	0	1	06	0D18	0	2	1
02BF89	0	1	06	0D58	0	2	1
02BF8B	0	1	06	0D58	0	2	1
02BF8D	0	1	06	0D58	0	3	1
02BF90	0	1	06	0D58	0	1	1
02BF91	0	1	06	0D58	0	2	1
02BF93	0	1	06	0D18	0	2	1
02BF95	0	1	06	0D18	0	2	1
02BF97	0	1	06	0D18	0	3	1
02BF9A	0	1	06	0D18	0	2	1
02BF9C	0	1	06	0D18	0	2	1
02BF9E	1	1	06	0D18	0	2	1
02BFA0	1	1	06	0D18	0	4	1
02BFA4	1	1	06	0D18	0	2	1
02BFA6	1	1	06	0D18	0	2	1
02BFA8	1	1	06	0D18	0	2	1
02BFAA	1	1	06	0D18	0	1	1
02BFAB	1	1	06	0D18	0	2	1
02BFAD	1	1	06	0D18	0	2	1
02BFAF	1	1	06	0D18	0	2	1
02BFB1	1	0	06	0D18	0	2	1
02BFB3	1	0	06	0D18	0	2	1
02BFB5	1	0	06	0D18	0	3	1
02BFB8	1	0	06	0D18	0	3	1
02BFBB	1	0	06	0D18	0	2	1
02BFBD	1	1	06	0D18	0	2	1
02BFBF	1	1	06	0D18	0	1	1
02BFC0	1	1	06	0D18	0	2	1
02BFC2	1	1	06	0D18	0	2	1
02BFC4	1	1	06	0D18	0	2	1
02BFC6	1	0	06	0D18	0	2	1
02BFC8	1	0	06	0D18	0	3	1
02BFCB	1	0	06	0D18	0	2	1
02BFCD	1	0	06	0D18	0	3	1
02BFD0	1	0	06	0D18	0	2	1
02BFD2	1	0	06	0D18	0	2	1
02BFD6	1	0	06	0D18	0	2	1
02BFD8	1	1	06	0D18	0	1	1
02BFD9	1	1	06	0D18	0	2	1
02BFDB	1	1	06	0D18	0	2	1
02BFDD	1	1	06	0D18	0	2	1
02BFDF	1	1	06	0D18	0	2	1
02BFE1	1	1	06	0D18	0	2	1
02BFE3	1	1	06	0D18	0	2	1
02BFE5	1	1	06	0D18	0	4	1
02BFE9	1	1	06	0D18	0	2	1
02C00E	1	1	06	0D18	0	1	1
02C00F	1	1	06	0D18	0	2	1
02C011	0	1	06	0D18	0	2	1
02C013	0	1	06	0D18	0	3	1
02C016	0	1	06	0D18	0	2	1
02C018	0	1	06	0D18	0	3	1
02C01B	0	1	06	0D18	0	2	1
02C01D	0	1	06	0D18	0	2	1
02C01F	1	1	06	0D18	0	1	1
02C020	1	1	06	0D18	0	1	1
02C024	1	1	06	0E18	0	2	1
02C026	1	1	06	0E18	0	3	1
02C02F	1	1	06	0E18	0	2	1
02C031	1	1	06	0E18	0	2	1
02C033	1	1	06	0E18	0	2	1
02C035	1	1	06	0E18	0	2	1
02C037	1	1	06	0E18	0	2	1
02C039	1	1	06	0E18	0	2	1
02C03B	1	1	06	0E18	0	2	1
02C03D	1	1	06	0E18	0	2	1
02C03F	1	1	06	0E18	0	2	1
02C041	1	1	06	0E18	0	2	1
02C043	1	1	06	0E18	0	2	1
02C045	1	1	06	0E18	0	2	1
02C047	1	1	06	0E18	0	2	1
02C049	1	1	06	0E18	0	1	1
02C04A	1	1	06	0E18	0	2	1
02C04C	1	1	06	0E18	0	4	1
02C050	1	1	06	0E18	0	2	1
02C052	0	1	06	0E18	0	3	1
02C055	0	1	06	0E18	0	2	1
02C057	0	1	06	0E18	0	2	1
02C059	1	1	06	0E18	0	2	1
02C05B	1	1	06	0E18	0	2	1
02C05D	1	1	06	0E18	0	2	1
02C05F	1	1	06	0E18	0	2	1
02C061	1	1	06	0E18	0	1	1
02C062	1	1	06	0E18	0	4	1
02C066	1	1	06	0E18	0	2	1
02C068	1	1	06	0E18	0	2	1
02C06A	1	1	06	0E18	0	2	1
02C06C	1	1	06	0E18	0	2	1
02C06E	1	1	06	0E18	0	3	1
02C071	1	1	06	0E18	0	4	1
02C075	1	1	06	0E18	0	4	1
02C079	1	1	06	0E18	0	2	1
02C081	1	1	06	0E18	0	4	1
02C089	1	1	06	0E18	0	2	1
02C08B	1	1	06	0E18	0	2	1
02C08D	1	1	06	0E18	0	1	1
02C092	1	1	06	0E18	0	1	1
02C093	1	1	06	0E18	0	2	1
02C095	1	1	06	0E18	0	2	1
02C097	1	1	06	0E18	0	2	1
02C099	0	1	06	0E18	0	2	1
02C09B	0	1	06	0E18	0	3	1
02C09E	0	1	06	0E18	0	2	1
02C0A0	0	1	06	0E18	0	2	1
02C0A2	1	1	06	0E18	0	2	1
02C0A4	1	1	06	0E18	0	2	1
02C0A6	1	1	06	0E18	0	2	1
02C0A8	1	1	06	0E18	0	4	1
02C0AC	1	1	06	0E18	0	4	1
02C0B0	1	1	06	0E18	0	2	1
02C0B2	1	1	06	0E18	0	2	1
02C0B4	1	1	06	0E18	0	2	1
02C0B6	1	1	06	0E18	0	2	1
02C0B8	1	1	06	0E18	0	4	1
02C0BC	1	1	06	0E18	0	2	1
02C0BE	1	1	06	0E18	0	1	1
02C0BF	1	1	06	0E18	0	2	1
02C0C1	1	1	06	0E18	0	4	1
02C0C5	1	1	06	0E18	0	2	1
02C0C7	1	1	06	0E18	0	4	1
02C0CB	1	1	06	0E18	0	2	1
02C0CD	1	1	06	0E18	0	4	1
02C0D1	1	1	06	0E18	0	2	1
02C0D3	1	1	06	0E18	0	4	1
02C0D7	1	1	06	0E18	0	2	1
02C0D9	1	1	06	0E18	0	4	1
02C0DD	1	1	06	0E18	0	3	1
02C0E0	1	1	06	0E18	0	2	1
02C0E2	1	1	06	0E18	0	2	1
02C0E4	1	1	06	0E18	0	1	1
02C0E5	1	1	06	0E18	0	3	1
02C0E8	1	1	06	0E18	0	4	1
02C0EC	1	0	06	0E18	0	2	1
02C0EE	1	0	06	0E18	0	3	1
02C0F1	1	0	06	0E18	0	2	1
02C0F3	1	0	06	0E18	0	1	1
02C0F4	1	0	06	0E18	0	2	1
02C0F6	1	0	06	0E18	0	3	1
02C0F9	1	0	06	0E18	0	2	1
02C0FB	0	0	06	0E18	0	2	1
02C0FD	0	0	06	0E18	0	3	1
02C100	0	0	06	0E18	0	2	1
02C102	0	0	06	0E18	0	3	1
02C105	0	0	06	0E18	0	2	1
02C107	1	1	06	0E18	0	2	1
02C109	1	1	06	0E18	0	2	1
02C10B	1	1	06	0E18	0	1	1
02C117	1	1	06	0E18	0	4	1
02C125	1	1	06	0E18	0	3	1
02C128	1	1	06	0E18	0	2	1
02C12A	1	1	06	0E18	0	3	1
02C12D	1	1	06	0E18	0	4	1
02C131	1	0	06	0E18	0	2	1
02C133	1	0	06	0E18	0	3	1
02C136	1	0	06	0E18	0	3	1
02C139	1	0	06	0E18	0	3	1
02C13C	1	0	06	0E18	0	3	1
02C13F	1	0	06	0E18	0	2	1
02C141	1	0	06	0E18	0	3	1
02C144	1	0	06	0E18	0	4	1
02C148	1	0	06	0E18	0	2	1
02C14A	1	0	06	0E18	0	2	1
02C14C	1	0	06	0E18	0	3	1
02C14F	1	0	06	0E18	0	2	1
02C151	0	0	06	0E18	0	3	1
02C154	0	0	06	0E18	0	2	1
02C156	0	0	06	0E18	0	3	1
02C159	0	0	06	0E18	0	2	1
02C15B	0	0	06	0E18	0	3	1
02C15E	0	0	06	0E18	0	2	1
02C160	1	1	06	0E18	0	1	1
02C161	1	1	06	0E58	0	2	1
02C163	1	1	06	0E58	0	3	1
02C16E	1	1	06	0E58	0	4	1
02C172	1	1	06	0E58	0	2	1
02C174	1	1	06	0E58	0	1	1
02C175	1	1	06	0E58	0	1	1
02C176	1	1	06	0E58	0	2	1
02C178	1	1	06	0E58	0	2	1
02C17A	1	1	06	0E58	0	2	1
02C17C	1	1	06	0E58	0	2	1
02C17E	1	1	06	0E58	0	2	1
02C180	1	1	06	0E58	0	2	1
02C182	1	1	06	0E58	0	2	1
02C184	1	1	06	0E58	0	2	1
02C186	1	1	06	0E58	0	2	1
02C188	1	1	06	0E58	0	2	1
02C18A	1	1	06	0E58	0	2	1
02C18C	1	1	06	0E58	0	2	1
02C18E	1	1	06	0E58	0	2	1
02C190	1	1	06	0E58	0	2	1
02C192	1	1	06	0E58	0	2	1
02C194	1	1	06	0E58	0	2	1
02C196	1	1	06	0E58	0	2	1
02C198	1	1	06	0E58	0	2	1
02C19A	0	1	06	0E58	0	3	1
02C19D	0	1	06	0E58	0	2	1
02C19F	0	1	06	0E58	0	2	1
02C1A1	1	1	06	0E58	0	4	1
02C1A5	1	1	06	0E58	0	2	1
02C1A7	1	1	06	0E58	0	2	1
02C1A9	1	1	06	0E58	0	2	1
02C1AB	1	1	06	0E58	0	4	1
02C1AF	1	1	06	0E58	0	2	1
02C1B1	1	1	06	0E58	0	2	1
02C1B3	1	1	06	0E58	0	1	1
02C58A	1	1	06	0E58	0	2	1
02C58C	1	1	06	0E58	0	2	1
02C593	1	1	06	0E58	0	3	1
02C596	1	1	06	0E58	0	4	1
02C640	1	1	06	1838	0	2	1
02C642	1	1	06	1838	0	2	1
02C644	1	1	06	1838	0	3	1
02C647	1	1	06	1838	0	2	1
02C649	1	1	06	1838	0	1	1
02C64A	1	1	06	1838	0	2	1
02C64C	0	1	06	1838	0	3	1
02C64F	0	1	06	1838	0	3	1
02C652	0	1	06	1838	0	2	1
02C654	1	1	06	1838	0	2	1
02C656	1	1	06	1838	0	3	1
02C659	1	1	06	1838	0	2	1
02C660	1	1	06	1838	0	1	1
02C661	1	1	06	1838	0	4	1
02C665	1	1	06	0E58	0	2	1
02C667	1	1	06	0E58	0	3	1
02C670	1	1	06	0E58	0	4	1
02C674	1	1	06	0E58	0	2	1
02C676	1	1	06	0E58	0	2	1
02C678	1	1	06	0E58	0	2	1
02C67A	1	1	06	0E58	0	2	1
02C67C	1	1	06	0E58	0	2	1
02C67E	1	1	06	0E58	0	2	1
02C680	1	1	06	0E58	0	2	1
02C682	1	1	06	0E58	0	2	1
02C684	1	1	06	0E58	0	2	1
02C686	1	1	06	0E58	0	2	1
02C688	1	1	06	0E58	0	2	1
02C68A	1	1	06	0E58	0	2	1
02C68C	1	1	06	0E58	0	2	1
02C68E	1	1	06	0E58	0	3	1
02C691	1	1	06	0E58	0	2	1
02C693	1	1	06	0E58	0	2	1
02C695	1	1	06	0E58	0	4	1
02C699	1	1	06	0E58	0	2	1
02C69B	1	1	06	0E58	0	2	1
02C69D	1	1	06	0E58	0	4	1
02C6A1	1	1	06	0E58	0	2	1
02C6A3	1	1	06	0E58	0	2	1
02C6A5	1	1	06	0E58	0	2	1
02C6A7	1	1	06	0E58	0	3	1
02C6AA	1	1	06	0E58	0	2	1
02C6AC	1	1	06	0E58	0	2	1
02C6AE	1	1	06	0E18	0	4	1
02C6B2	1	1	06	0E18	0	2	1
02C6B4	1	1	06	0E18	0	2	1
02C6B6	1	1	06	0E18	0	1	1
02C6B7	1	1	06	0E58	0	2	1
02C6B9	1	1	06	0E58	0	2	1
02C6BB	1	1	06	0E58	0	3	1
02C6BE	1	1	06	0E58	0	2	1
02C6C0	1	1	06	0E58	0	3	1
02C6C3	1	1	06	0E58	0	2	1
02C6C5	1	1	06	0E58	0	2	1
02C6C7	1	1	06	0E58	0	2	1
02C6C9	1	1	06	0E58	0	3	1
02C6CC	1	1	06	0E58	0	2	1
02C6CE	1	1	06	0E58	0	4	1
02C6D2	1	1	06	0E58	0	2	1
02C6D4	1	1	06	0E58	0	2	1
02C6D6	1	1	06	0E58	0	1	1
02C6D7	1	1	06	0E58	0	4	1
02C6DB	1	1	06	0E58	0	2	1
02C6DD	1	1	06	0E58	0	2	1
02C6DF	1	1	06	0E58	0	2	1
02C6E1	1	1	06	0E58	0	2	1
02C6E3	1	1	06	0E58	0	3	1
02C6E6	1	1	06	0E58	0	4	1
02C6EA	1	1	06	0E58	0	4	1
02C6EE	1	1	06	0E58	0	2	1
02C6F0	1	1	06	0ED8	0	2	1
02C6F2	1	1	06	0ED8	0	2	1
02C6F4	1	1	06	0ED8	0	2	1
02C6F6	1	1	06	0E58	0	2	1
02C6F8	1	1	06	0E58	0	2	1
02C6FA	1	1	06	0E58	0	4	1
02C708	1	1	06	0E58	0	2	1
02C70A	1	1	06	0E58	0	2	1
02C70C	1	1	06	0E58	0	1	1
02C713	1	1	06	0E58	0	2	1
02C715	1	1	06	0E58	0	3	1
02C71E	1	1	06	0E58	0	4	1
02C722	1	1	06	0E58	0	2	1
02C724	1	1	06	0E58	0	2	1
02C726	1	1	06	0E58	0	2	1
02C728	1	1	06	0E58	0	2	1
02C72A	1	1	06	0E58	0	3	1
02C72D	1	1	06	0E58	0	3	1
02C730	1	1	06	0E58	0	2	1
02C73C	1	1	06	0E58	0	2	1
02C73E	1	1	06	0E58	0	2	1
02C740	1	1	06	0E58	0	2	1
02C74B	1	1	06	0E58	0	2	1
02C74D	1	1	06	0E58	0	4	1
02C751	1	1	06	0E58	0	2	1
02C753	1	1	06	0E58	0	2	1
02C755	1	1	06	0E58	0	1	1
02C779	1	1	06	0E58	0	2	1
02C77B	1	1	06	0E58	0	3	1
02C784	1	1	06	0E58	0	4	1
02C788	1	1	06	0E58	0	2	1
02C78A	1	1	06	0E58	0	2	1
02C78C	1	1	06	0E58	0	2	1
02C78E	1	1	06	0E58	0	2	1
02C790	1	1	06	0E58	0	3	1
02C793	1	1	06	0E58	0	3	1
02C796	1	1	06	0E58	0	2	1
02C7A5	1	1	06	0E58	0	2	1
02C7A7	1	1	06	0E58	0	2	1
02C7A9	1	1	06	0E58	0	2	1
02C7AB	1	1	06	0E58	0	4	1
02C7AF	1	1	06	0E58	0	2	1
02C7B1	1	1	06	0E58	0	2	1
02C7B3	1	1	06	0E58	0	1	1
02C7F7	1	1	06	0E58	0	2	1
02C7F9	1	1	06	0E58	0	3	1
02C802	1	1	06	0E58	0	4	1
02C806	1	1	06	0E58	0	2	1
02C808	1	1	06	0E58	0	2	1
02C80A	1	1	06	0E58	0	3	1
02C80D	1	1	06	0E58	0	2	1
02C81D	1	1	06	0E58	0	1	1
02C848	1	1	06	0E58	0	3	1
02C84B	1	1	06	0E58	0	4	1
02C84F	1	1	06	0E58	0	2	1
02C851	1	1	06	0E58	0	2	1
02C853	1	1	06	0E58	0	1	1
02C854	1	1	06	0E58	0	2	1
02C856	1	1	06	0E58	0	2	1
02C858	1	1	06	0E58	0	2	1
02C85A	1	1	06	0E58	0	2	1
02C85C	1	1	06	0E58	0	1	1
02C85D	1	1	06	0E58	0	2	1
02C85F	1	1	06	0E58	0	2	1
02C861	1	1	06	0E58	0	2	1
02C863	1	1	06	0E58	0	2	1
02C865	1	1	06	0E58	0	1	1
02C866	1	1	06	0DD8	0	2	1
02C868	1	1	06	0DD8	0	3	1
02C86B	1	1	06	0DD8	0	2	1
02C86D	1	1	06	0DD8	0	2	1
02C86F	1	1	06	0DD8	0	2	1
02C871	1	1	06	0DD8	0	3	1
02C874	1	1	06	0DD8	0	1	1
02C87F	1	1	06	0DD8	0	4	1
02C883	1	1	06	0DD8	0	2	1
02C885	1	1	06	0DD8	0	2	1
02C887	1	1	06	0DD8	0	2	1
02C889	1	1	06	0DD8	0	2	1
02C88B	1	1	06	0DD8	0	2	1
02C88D	1	1	06	0DD8	0	2	1
02C88F	1	1	06	0DD8	0	2	1
02C891	0	1	06	0DD8	0	3	1
02C894	0	1	06	0DD8	0	2	1
02C896	0	1	06	0DD8	0	2	1
02C898	1	1	06	0DD8	0	2	1
02C89A	1	1	06	0DD8	0	2	1
02C89C	1	1	06	0DD8	0	2	1
02C89E	1	1	06	0DD8	0	2	1
02C8A0	1	1	06	0DD8	0	1	1
02C8A1	1	1	06	0DD8	0	2	1
02C8A3	1	1	06	0DD8	0	3	1
02C8A6	1	1	06	0DD8	0	1	1
02C8AF	1	1	06	0DD8	0	2	1
02C8B1	1	1	06	0DD8	0	3	1
02C8BA	1	1	06	0DD8	0	2	1
02C8BC	1	1	06	0DD8	0	2	1
02C8BE	1	1	06	0DD8	0	3	1
02C8C1	1	1	06	0DD8	0	2	1
02C8C3	1	1	06	0DD8	0	2	1
02C8C5	1	1	06	0DD8	0	2	1
02C8C7	1	1	06	0DD8	0	2	1
02C8C9	1	1	06	0DD8	0	1	1
02C8CA	1	1	06	0DD8	0	2	1
02C8CC	1	1	06	0DD8	0	2	1
02C8CE	1	1	06	0DD8	0	2	1
02C8D0	1	1	06	0DD8	0	3	1
02C8D3	1	1	06	0DD8	0	2	1
02C8D5	1	1	06	0DD8	0	2	1
02C8D7	1	1	06	0DD8	0	3	1
02C8DA	1	1	06	0DD8	0	2	1
02C8DC	1	1	06	0DD8	0	2	1
02C8DE	1	1	06	0DD8	0	2	1
02C8E0	1	1	06	0DD8	0	1	1
02C8E1	1	1	06	0DD8	0	4	1
02C8E5	1	1	06	0DD8	0	2	1
02C8E7	1	1	06	0DD8	0	2	1
02C8EF	1	1	06	0DD8	0	2	1
02C8F1	1	1	06	0DD8	0	2	1
02C8F3	1	1	06	0DD8	0	1	1
02C8F4	1	1	06	0DD8	0	2	1
02C8F6	1	1	06	0DD8	0	3	1
02C903	1	1	06	0DD8	0	2	1
02C905	1	1	06	0DD8	0	3	1
02C908	1	1	06	0DD8	0	2	1
02C90A	1	1	06	0DD8	0	2	1
02C90C	1	1	06	0DD8	0	2	1
02C90E	1	1	06	0DD8	0	2	1
02C910	1	1	06	0DD8	0	2	1
02C912	1	1	06	0DD8	0	2	1
02C914	1	1	06	0DD8	0	2	1
02C916	1	1	06	0DD8	0	2	1
02C918	1	1	06	0DD8	0	2	1
02C91A	1	1	06	0DD8	0	1	1
02C91B	1	1	06	0DD8	0	3	1
02C91E	1	1	06	0DD8	0	1	1
02C91F	1	1	06	0DD8	0	2	1
02C921	1	1	06	0DD8	0	2	1
02C923	1	1	06	0DD8	0	2	1
02C925	1	1	06	0DD8	0	2	1
02C927	1	1	06	0DD8	0	2	1
02C929	1	1	06	0DD8	0	3	1
02C92C	1	1	06	0DD8	0	3	1
02C92F	1	1	06	0DD8	0	3	1
02C932	1	1	06	0DD8	0	1	1
02C933	1	1	06	0DD8	0	2	1
02C935	1	1	06	0DD8	0	3	1
02C938	1	1	06	0DD8	0	2	1
02C93A	1	1	06	0DD8	0	2	1
02C94B	1	1	06	0DD8	0	1	1
02C954	1	1	06	0DD8	0	3	1
02C957	1	1	06	0DD8	0	2	1
02C95E	1	1	06	0DD8	0	2	1
02C960	1	1	06	0DD8	0	2	1
02C962	1	1	06	0DD8	0	2	1
02C964	1	1	06	0DD8	0	2	1
02C966	1	1	06	0DD8	0	1	1
02C9F7	1	1	06	0DD8	0	3	1
02C9FA	1	1	06	0DD8	0	3	1
02C9FD	1	1	06	0DD8	0	3	1
02CA00	1	1	06	0DD8	0	2	1
02CA02	1	1	06	0DD8	0	2	1
02CA04	1	1	06	0DD8	0	1	1
02CA1D	1	1	06	0DD8	0	2	1
02CA1F	1	0	06	0DD8	0	3	1
02CA22	1	0	06	0DD8	0	2	1
02CA24	1	0	06	0DD8	0	3	1
02CA27	0	0	06	0DD8	0	2	1
02CA29	1	0	06	0DD8	0	3	1
02CA2C	1	0	06	0DD8	0	2	1
02CA2E	1	0	06	0DD8	0	3	1
02CA31	1	0	06	0DD8	0	2	1
02CA33	1	0	06	0DD8	0	2	1
02CA4C	1	0	06	0DD8	0	2	1
02CA4E	0	0	06	0DD8	0	1	1
02CA4F	0	0	06	0DD8	0	1	1
02CA50	0	0	06	0DD8	0	3	1
02CA53	0	0	06	0DD8	0	1	1
02CA54	0	0	06	0DD8	0	3	1
02CA57	0	0	06	0DD8	0	2	1
02CA59	0	0	06	0DD8	0	2	1
02CA5B	1	0	06	0DD8	0	2	1
02CA5D	1	0	06	0DD8	0	3	1
02CA60	1	0	06	0DD8	0	2	1
02CA6D	1	0	06	0DD8	0	2	1
02CA6F	1	1	06	0DD8	0	1	1
02CAD4	1	1	06	0DD8	0	2	1
02CAD6	0	1	06	0DD8	0	3	1
02CAD9	0	1	06	0DD8	0	3	1
02CADC	0	1	06	0DD8	0	2	1
02CAE5	0	1	06	0DD8	0	3	1
02CAE8	0	1	06	0DD8	0	2	1
02CAEA	1	1	06	0DD8	0	2	1
02CAEC	1	1	06	0DD8	0	2	1
02CAEE	1	1	06	0DD8	0	1	1
02D301	1	1	06	0D18	0	2	1
02D303	1	1	06	0D18	0	3	1
02D30C	1	1	06	0D18	0	2	1
02D30E	1	1	06	0D18	0	2	1
02D310	1	1	06	0D18	0	2	1
02D312	1	1	06	0D18	0	4	1
02D316	1	1	06	0D18	0	2	1
02D318	1	1	06	0D18	0	2	1
02D31A	1	1	06	0D18	0	2	1
02D31C	0	1	06	0D18	0	3	1
02D31F	0	1	06	0D18	0	2	1
02D321	0	1	06	0D18	0	3	1
02D324	0	1	06	0D18	0	2	1
02D326	0	1	06	0D18	0	3	1
02D329	0	1	06	0D18	0	2	1
02D32B	0	1	06	0D18	0	3	1
02D32E	0	1	06	0D18	0	2	1
02D330	0	1	06	0D18	0	2	1
02D332	1	1	06	0D18	0	2	1
02D334	1	1	06	0D18	0	2	1
02D336	1	1	06	0D18	0	2	1
02D338	1	1	06	0D18	0	2	1
02D33A	1	1	06	0D18	0	2	1
02D33C	1	1	06	0D18	0	2	1
02D33E	1	1	06	0D18	0	2	1
02D340	1	1	06	0D18	0	2	1
02D342	1	1	06	0D18	0	2	1
02D344	1	1	06	0D18	0	1	1
02D345	1	1	06	0D18	0	2	1
02D347	1	1	06	0D18	0	2	1
02D349	1	1	06	0D18	0	2	1
02D34B	1	1	06	0D18	0	2	1
02D34D	1	1	06	0D18	0	2	1
02D34F	1	1	06	0D18	0	2	1
02D351	1	1	06	0D18	0	2	1
02D353	1	1	06	0D18	0	1	1
02D354	1	1	06	0D18	0	3	1
02D357	1	1	06	0D18	0	3	1
02D35A	1	1	06	0D18	0	2	1
02D35C	0	1	06	0D18	0	2	1
02D35E	0	1	06	0D18	0	3	1
02D361	0	1	06	0D18	0	2	1
02D363	0	1	06	0D18	0	2	1
02D365	1	1	06	0D18	0	2	1
02D367	1	1	06	0D18	0	2	1
02D369	1	1	06	0D18	0	2	1
02D36B	1	1	06	0D18	0	2	1
02D36D	1	1	06	0D18	0	2	1
02D36F	1	1	06	0D18	0	2	1
02D371	1	1	06	0D18	0	2	1
02D373	1	1	06	0D18	0	2	1
02D375	1	1	06	0D18	0	2	1
02D377	1	1	06	0D18	0	2	1
02D379	1	1	06	0D18	0	2	1
02D37B	1	1	06	0D18	0	2	1
02D37D	1	1	06	0D18	0	2	1
02D37F	1	1	06	0D18	0	2	1
02D381	0	1	06	0D18	0	3	1
02D384	0	1	06	0D18	0	3	1
02D387	0	1	06	0D18	0	2	1
02D389	1	1	06	0D18	0	2	1
02D38B	1	1	06	0D18	0	4	1
02D38F	1	1	06	0D18	0	2	1
02D391	1	1	06	0D18	0	4	1
02D395	1	1	06	0D18	0	2	1
02D397	1	1	06	0D18	0	3	1
02D39A	1	1	06	0D18	0	2	1
02D39C	1	1	06	0D18	0	3	1
02D39F	1	1	06	0D18	0	2	1
02D3A1	1	1	06	0D18	0	3	1
02D3A4	1	1	06	0D18	0	1	1
02D3A5	1	1	06	0D18	0	3	1
02D3A8	1	1	06	0D18	0	4	1
02D3AC	1	1	06	0D18	0	2	1
02D3AE	1	1	06	0D18	0	2	1
02D3B0	1	1	06	0D18	0	2	1
02D3B2	1	1	06	0D18	0	2	1
02D3B4	1	1	06	0D18	0	3	1
02D3B7	1	1	06	0D18	0	1	1
02D3B8	1	1	06	0D18	0	2	1
02D3BA	1	1	06	0D18	0	2	1
02D3BC	1	1	06	0D18	0	2	1
02D3BE	1	1	06	0D18	0	1	1
02D3BF	1	1	06	0D18	0	1	1
02D3C0	1	1	06	0D18	0	3	1
02D3C7	1	1	06	0D18	0	2	1
02D3C9	1	1	06	0D18	0	3	1
02D3CC	1	1	06	0D18	0	2	1
02D3CE	1	1	06	0D18	0	2	1
02D3D0	1	1	06	0D18	0	3	1
02D3D3	1	1	06	0D18	0	2	1
02D3D5	1	1	06	0D18	0	2	1
02D3D7	1	1	06	0D18	0	2	1
02D3D9	1	1	06	0D18	0	2	1
02D3DB	1	1	06	0D18	0	2	1
02D3DD	1	1	06	0D18	0	2	1
02D3DF	1	1	06	0D18	0	2	1
02D3E1	1	1	06	0D18	0	2	1
02D3E3	1	1	06	0D18	0	1	1
02D3E4	1	1	06	0D18	0	2	1
02D3E6	1	1	06	0D18	0	3	1
02D3E9	1	1	06	0D18	0	2	1
02D3EB	1	1	06	0D18	0	2	1
02D3ED	1	1	06	0D18	0	2	1
02D3EF	1	1	06	0D18	0	2	1
02D3F1	1	1	06	0D18	0	2	1
02D3F3	1	1	06	0D18	0	2	1
02D3F5	1	1	06	0D18	0	1	1
02D3F6	1	1	06	0D18	0	3	1
02D3F9	1	1	06	0D18	0	2	1
02D3FB	1	1	06	0D18	0	2	1
02D3FD	1	1	06	0D18	0	3	1
02D400	1	1	06	0D18	0	2	1
02D402	1	1	06	0D18	0	3	1
02D405	1	1	06	0D18	0	2	1
02D407	1	1	06	0D18	0	3	1
02D40A	1	1	06	0D18	0	2	1
02D40C	1	1	06	0D18	0	3	1
02D40F	1	1	06	0D18	0	2	1
02D411	1	1	06	0D18	0	3	1
02D414	1	1	06	0D18	0	2	1
02D416	1	1	06	0D18	0	3	1
02D419	1	1	06	0D18	0	2	1
02D41B	1	1	06	0D18	0	3	1
02D41E	1	1	06	0D18	0	2	1
02D420	1	1	06	0D18	0	4	1
02D424	1	1	06	0D18	0	1	1
02D425	1	1	06	0D18	0	3	1
02D428	1	1	06	0D18	0	3	1
02D42B	1	1	06	0D18	0	3	1
02D42E	1	1	06	0D18	0	3	1
02D431	1	1	06	0D18	0	2	1
02D433	1	1	06	0D18	0	3	1
02D436	1	1	06	0D18	0	3	1
02D439	1	1	06	0D18	0	3	1
02D43C	1	1	06	0D18	0	2	1
02D43E	1	1	06	0D18	0	3	1
02D441	1	1	06	0D18	0	3	1
02D444	1	1	06	0D18	0	3	1
02D447	1	1	06	0D18	0	2	1
02D449	1	1	06	0D18	0	3	1
02D44C	1	1	06	0D18	0	3	1
02D44F	1	1	06	0D18	0	3	1
02D452	1	1	06	0D18	0	2	1
02D454	1	1	06	0D18	0	3	1
02D457	1	1	06	0D18	0	3	1
02D45A	1	1	06	0D18	0	3	1
02D45D	1	1	06	0D18	0	2	1
02D45F	1	1	06	0D18	0	3	1
02D462	1	1	06	0D18	0	2	1
02D464	1	1	06	0D18	0	3	1
02D467	1	1	06	0D18	0	3	1
02D46A	1	1	06	0D18	0	2	1
02D46C	1	1	06	0D18	0	3	1
02D46F	1	1	06	0D18	0	2	1
02D471	1	1	06	0D18	0	3	1
02D474	1	1	06	0D18	0	3	1
02D477	1	1	06	0D18	0	2	1
02D479	1	1	06	0D18	0	3	1
02D47C	1	1	06	0D18	0	3	1
02D47F	1	1	06	0D18	0	2	1
02D481	1	1	06	0D18	0	3	1
02D484	1	1	06	0D18	0	2	1
02D486	1	1	06	0D18	0	3	1
02D489	1	1	06	0D18	0	3	1
02D48C	1	1	06	0D18	0	2	1
02D48E	1	1	06	0D18	0	2	1
02D490	1	1	06	0D18	0	2	1
02D492	1	1	06	0D18	0	4	1
02D496	1	1	06	0D18	0	1	1
02D497	1	1	06	0D18	0	2	1
02D499	1	1	06	0D18	0	2	1
02D49B	1	1	06	0D18	0	4	1
02D49F	1	1	06	0D18	0	2	1
02D4A1	1	1	06	0D18	0	2	1
02D4A3	1	1	06	0D18	0	2	1
02D4A5	1	1	06	0D18	0	2	1
02D4A7	1	1	06	0D18	0	2	1
02D4A9	1	1	06	0D18	0	2	1
02D4AB	1	1	06	0D18	0	4	1
02D4AF	1	1	06	0D18	0	4	1
02D4B3	1	1	06	0D18	0	1	1
02D4B4	1	1	06	0D18	0	2	1
02D4B6	1	1	06	0D18	0	3	1
02D4BF	1	1	06	0D18	0	2	1
02D4C1	1	1	06	0D18	0	3	1
02D4CA	1	1	06	0D18	0	2	1
02D4CC	1	1	06	0D18	0	4	1
02D4D0	1	1	06	0D18	0	3	1
02D4D3	1	1	06	0D18	0	2	1
02D4D5	1	1	06	0D18	0	2	1
02D4D7	1	1	06	0D18	0	2	1
02D4D9	1	1	06	0D18	0	2	1
02D4DB	1	1	06	0D18	0	2	1
02D4DD	1	1	06	0D18	0	2	1
02D4DF	1	1	06	0D18	0	2	1
02D4E1	1	1	06	0D18	0	2	1
02D4E3	1	1	06	0D18	0	2	1
02D4E5	1	1	06	0D18	0	2	1
02D4E7	1	1	06	0D18	0	4	1
02D4EB	1	1	06	0D18	0	2	1
02D4ED	0	1	06	0D18	0	3	1
02D4F0	0	1	06	0D18	0	3	1
02D4F3	0	1	06	0D18	0	3	1
02D4F6	0	1	06	0D18	0	3	1
02D4F9	0	1	06	0D18	0	3	1
02D4FC	0	1	06	0D18	0	3	1
02D4FF	0	1	06	0D18	0	1	1
02D500	0	1	06	0D18	0	3	1
02D503	0	1	06	0D18	0	3	1
02D506	0	1	06	0D18	0	2	1
02D508	0	1	06	0D18	0	1	1
02D509	0	1	06	0D18	0	3	1
02D50C	0	1	06	0D18	0	3	1
02D50F	0	1	06	0D18	0	2	1
02D511	0	1	06	0D18	0	2	1
02D513	1	1	06	0D18	0	3	1
02D516	1	1	06	0D18	0	2	1
02D518	1	1	06	0D18	0	2	1
02D51A	1	1	06	0D18	0	1	1
02D51B	1	1	06	0D18	0	2	1
02D51D	1	1	06	0D18	0	4	1
02D521	1	1	06	0D18	0	2	1
02D523	1	1	06	0D18	0	2	1
02D525	1	1	06	0D18	0	1	1
02D526	1	1	06	0D18	0	4	1
02D52A	1	1	06	0D18	0	2	1
02D52C	1	1	06	0D18	0	2	1
02D52E	1	1	06	0D18	0	2	1
02D530	1	1	06	0D18	0	1	1
02D531	1	1	06	0D18	0	2	1
02D533	1	1	06	0D18	0	3	1
02D536	1	1	06	0D18	0	4	1
02D53A	1	1	06	0D18	0	4	1
02D53E	1	1	06	0D18	0	1	1
02D551	1	1	06	0D18	0	2	1
02D553	1	1	06	0D18	0	3	1
02D556	1	1	06	0D18	0	2	1
02D558	1	1	06	0D18	0	2	1
02D55A	1	1	06	0D18	0	2	1
02D55C	1	1	06	0D18	0	2	1
02D55E	1	1	06	0D18	0	2	1
02D560	1	1	06	0D18	0	2	1
02D562	1	1	06	0D18	0	1	1
02D563	1	1	06	0D18	0	1	1
02D564	1	1	06	0D18	0	2	1
02D566	1	1	06	0D18	0	2	1
02D568	1	1	06	0D18	0	2	1
02D56A	1	1	06	0D18	0	2	1
02D56C	1	1	06	0D18	0	2	1
02D56E	1	1	06	0D18	0	2	1
02D570	1	1	06	0D18	0	2	1
02D572	1	1	06	0D18	0	2	1
02D574	1	1	06	0D18	0	2	1
02D576	1	1	06	0D18	0	1	1
02D577	1	1	06	0D18	0	2	1
02D579	1	1	06	0D18	0	2	1
02D57B	1	1	06	0D18	0	2	1
02D57D	1	1	06	0D18	0	2	1
02D57F	1	1	06	0D18	0	2	1
02D581	1	1	06	0D18	0	2	1
02D583	1	1	06	0D18	0	2	1
02D585	1	1	06	0D18	0	2	1
02D587	1	1	06	0D18	0	2	1
02D589	1	1	06	0D18	0	3	1
02D58C	1	1	06	0D18	0	2	1
02D58E	0	1	06	0D18	0	2	1
02D590	0	1	06	0D18	0	2	1
02D592	1	1	06	0D18	0	2	1
02D594	1	1	06	0D18	0	2	1
02D596	1	1	06	0D18	0	2	1
02D598	1	1	06	0D18	0	2	1
02D59A	1	1	06	0D18	0	2	1
02D59C	1	1	06	0D18	0	1	1
02D59D	1	1	06	0D18	0	2	1
02D59F	1	1	06	0D18	0	2	1
02D5A1	1	1	06	0D18	0	2	1
02D5A3	1	1	06	0D18	0	2	1
02D5A5	1	1	06	0D18	0	2	1
02D5A7	1	1	06	0D18	0	4	1
02D5AB	1	1	06	0D18	0	1	1
02D5AC	1	1	06	0D18	0	2	1
02D5AE	1	1	06	0D18	0	2	1
02D5B0	1	1	06	0D18	0	2	1
02D5B2	1	1	06	0D18	0	2	1
02D5B4	1	1	06	0D18	0	1	1
02D5B5	1	1	06	0D18	0	3	1
02D5B8	1	1	06	0D18	0	2	1
02D5BA	1	1	06	0D18	0	2	1
02D5BC	1	1	06	0D18	0	2	1
02D5BE	1	1	06	0D18	0	2	1
02D5C0	1	1	06	0D18	0	2	1
02D5C2	1	1	06	0D18	0	1	1
02D5C3	1	1	06	0D18	0	3	1
02D5C6	1	1	06	0D18	0	2	1
02D5C8	1	1	06	0D18	0	2	1
02D5CA	1	1	06	0D18	0	2	1
02D5CC	1	1	06	0D18	0	2	1
02D5CE	1	1	06	0D18	0	2	1
02D5D0	1	1	06	0D18	0	1	1
02D5D1	1	1	06	0D18	0	3	1
02D5D4	1	1	06	0D18	0	2	1
02D5D6	1	1	06	0D18	0	3	1
02D5D9	1	1	06	0D18	0	2	1
02D5DB	1	1	06	0D18	0	2	1
02D5DD	1	1	06	0D18	0	1	1
02D5DE	1	1	06	0D18	0	3	1
02D5E1	1	1	06	0D18	0	3	1
02D5E4	1	1	06	0D18	0	3	1
02D5E7	1	1	06	0D18	0	3	1
02D5EA	1	1	06	0D18	0	2	1
02D5EC	1	1	06	0D18	0	2	1
02D5EE	1	1	06	0D18	0	2	1
02D5F0	1	1	06	0D18	0	2	1
02D5F2	1	1	06	0D18	0	2	1
02D5F4	1	1	06	0D18	0	1	1
02D5F5	1	1	06	0D18	0	2	1
02D5F7	1	1	06	0D18	0	3	1
02D5FA	1	1	06	0D18	0	4	1
02D5FE	1	1	06	0D18	0	2	1
02D600	0	1	06	0D18	0	2	1
02D602	0	1	06	0D18	0	3	1
02D605	0	1	06	0D18	0	3	1
02D608	0	1	06	0D18	0	2	1
02D60A	0	1	06	0D18	0	2	1
02D60C	1	1	06	0D18	0	1	1
02D60D	1	1	06	0D18	0	2	1
02D60F	0	1	06	0D18	0	2	1
02D611	0	1	06	0D18	0	3	1
02D614	0	1	06	0D18	0	3	1
02D617	0	1	06	0D18	0	2	1
02D619	0	1	06	0D18	0	2	1
02D61B	1	1	06	0D18	0	1	1
02D61C	1	1	06	0D18	0	1	1
02D61D	1	1	06	0D18	0	2	1
02D61F	1	1	06	0D18	0	2	1
02D621	1	1	06	0D18	0	2	1
02D623	1	1	06	0D18	0	2	1
02D625	1	1	06	0D18	0	2	1
02D627	1	1	06	0D18	0	2	1
02D629	1	1	06	0D18	0	2	1
02D62B	1	1	06	0D18	0	2	1
02D62D	1	1	06	0D18	0	2	1
02D62F	1	1	06	0D18	0	2	1
02D631	1	1	06	0D18	0	2	1
02D633	1	1	06	0D18	0	2	1
02D635	1	1	06	0D18	0	2	1
02D637	1	1	06	0D18	0	1	1
02D638	1	1	06	1318	0	2	1
02D63A	1	1	06	1318	0	3	1
02D643	1	1	06	1318	0	2	1
02D645	0	0	06	1318	0	3	1
02D648	0	0	06	1318	0	2	1
02D64A	0	0	06	1318	0	2	1
02D64C	1	0	06	1318	0	2	1
02D64E	1	0	06	1318	0	2	1
02D650	1	0	06	1318	0	2	1
02D652	1	0	06	1318	0	2	1
02D654	1	0	06	1318	0	2	1
02D656	1	0	06	1318	0	2	1
02D658	1	0	06	1318	0	2	1
02D65A	1	0	06	1318	0	2	1
02D65C	1	0	06	1318	0	2	1
02D65E	1	0	06	1318	0	2	1
02D660	1	0	06	1318	0	2	1
02D662	1	0	06	1318	0	2	1
02D664	1	0	06	1318	0	4	1
02D668	1	0	06	1318	0	2	1
02D66A	1	0	06	1318	0	2	1
02D66C	1	0	06	1318	0	2	1
02D66E	1	0	06	1318	0	2	1
02D670	1	0	06	1318	0	1	1
02D671	1	1	06	1318	0	2	1
02D673	1	1	06	1318	0	2	1
02D675	1	1	06	1318	0	2	1
02D677	1	1	06	1318	0	3	1
02D67A	1	1	06	1318	0	4	1
02D67E	1	1	06	1318	0	4	1
02D682	1	1	06	1318	0	2	1
02D684	1	1	06	1318	0	4	1
02D688	1	1	06	1318	0	2	1
02D68A	1	1	06	1318	0	4	1
02D68E	1	1	06	1318	0	2	1
02D690	1	1	06	1318	0	2	1
02D692	1	1	06	1318	0	4	1
02D696	1	1	06	1318	0	2	1
02D698	1	1	06	1318	0	2	1
02D69A	1	1	06	1318	0	2	1
02D69C	1	1	06	1318	0	2	1
02D69E	1	1	06	1318	0	1	1
02D6AA	1	1	06	1318	0	2	1
02D6AC	1	0	06	1318	0	4	1
02D6B0	1	0	06	1318	0	2	1
02D6B2	1	0	06	1318	0	2	1
02D6B4	0	0	06	1318	0	2	1
02D6B6	0	0	06	1318	0	3	1
02D6B9	0	0	06	1318	0	2	1
02D6BB	0	0	06	1318	0	3	1
02D6BE	0	0	06	1318	0	2	1
02D6C0	1	0	06	1318	0	2	1
02D6C2	1	0	06	1318	0	3	1
02D6C5	1	0	06	1318	0	2	1
02D6C7	1	0	06	1318	0	3	1
02D6CA	1	0	06	1318	0	2	1
02D6CC	1	0	06	1318	0	3	1
02D6CF	1	0	06	1318	0	2	1
02D6D1	1	0	06	1318	0	3	1
02D6D4	1	0	06	1318	0	3	1
02D6D7	1	0	06	1318	0	3	1
02D6DA	1	0	06	1318	0	3	1
02D6DD	1	0	06	1318	0	2	1
02D6DF	1	0	06	1318	0	2	1
02D6E1	1	0	06	1318	0	2	1
02D6E3	1	0	06	1318	0	2	1
02D6E5	1	0	06	1318	0	2	1
02D6E7	1	1	06	1318	0	1	1
02D6E8	1	1	06	1318	0	4	1
02D6EC	1	1	06	1318	0	4	1
02D6F0	1	1	06	1318	0	2	1
02D6F2	1	1	06	1318	0	2	1
02D6F4	1	1	06	1318	0	2	1
02D6F6	1	1	06	1318	0	2	1
02D6F8	1	1	06	1318	0	1	1
02D6F9	1	1	06	1318	0	2	1
02D6FB	1	1	06	1318	0	2	1
02D6FD	1	1	06	1318	0	2	1
02D6FF	1	1	06	1318	0	1	1
02D700	1	1	06	1318	0	2	1
02D702	1	1	06	1318	0	2	1
02D704	1	1	06	1318	0	2	1
02D706	0	1	06	1318	0	3	1
02D709	0	1	06	1318	0	2	1
02D70B	0	1	06	1318	0	2	1
02D70D	0	1	06	1318	0	3	1
02D710	0	1	06	1318	0	2	1
02D712	0	1	06	1318	0	1	1
02D713	0	1	06	1318	0	3	1
02D716	0	1	06	1318	0	3	1
02D719	0	1	06	1318	0	3	1
02D71C	0	1	06	1318	0	3	1
02D71F	0	1	06	1318	0	2	1
02D721	1	1	06	1318	0	4	1
02D725	1	1	06	1318	0	2	1
02D727	1	1	06	1318	0	4	1
02D72B	1	1	06	1318	0	2	1
02D72D	1	1	06	1318	0	2	1
02D72F	1	1	06	1318	0	2	1
02D731	1	1	06	1318	0	2	1
02D733	1	1	06	1318	0	2	1
02D735	1	1	06	1318	0	2	1
02D737	1	1	06	1318	0	2	1
02D739	1	1	06	1318	0	1	1
02D73A	1	1	06	1318	0	2	1
02D73C	1	1	06	1318	0	2	1
02D73F	1	1	06	1318	0	2	1
02D741	1	1	06	1318	0	2	1
02D743	1	1	06	1318	0	1	1
02D744	1	1	06	1318	0	2	1
02D746	1	0	06	1318	0	2	1
02D748	1	0	06	1318	0	3	1
02D74B	1	0	06	1318	0	4	1
02D81B	1	1	06	1358	0	2	1
02D81D	1	1	06	1358	0	3	1
02D826	1	1	06	1358	0	2	1
02D828	1	1	06	1358	0	2	1
02D82A	0	1	06	1358	0	3	1
02D82D	0	1	06	1358	0	2	1
02D82F	0	1	06	1358	0	2	1
02D831	1	1	06	1358	0	2	1
02D833	1	1	06	1358	0	2	1
02D835	1	1	06	1398	0	2	1
02D837	1	1	06	1398	0	2	1
02D839	1	1	06	1358	0	2	1
02D83B	1	1	06	1358	0	2	1
02D83D	1	1	06	1358	0	2	1
02D83F	1	1	06	1358	0	2	1
02D841	1	1	06	1358	0	2	1
02D843	1	1	06	1358	0	2	1
02D845	1	1	06	1358	0	2	1
02D847	1	1	06	1358	0	2	1
02D849	1	1	06	1358	0	2	1
02D84B	1	1	06	1358	0	2	1
02D84D	1	1	06	1358	0	2	1
02D84F	1	1	06	1358	0	4	1
02D853	1	1	06	1358	0	2	1
02D855	1	1	06	1358	0	4	1
02D859	1	1	06	1358	0	2	1
02D85B	1	1	06	1358	0	2	1
02D85D	1	1	06	1358	0	2	1
02D85F	1	1	06	1358	0	2	1
02D861	1	1	06	1358	0	2	1
02D863	1	1	06	1358	0	2	1
02D865	1	1	06	1358	0	2	1
02D867	1	1	06	1358	0	2	1
02D869	1	1	06	1358	0	1	1
02D86A	1	1	06	1358	0	2	1
02D86C	1	1	06	1358	0	1	1
02D86D	1	1	06	1358	0	2	1
02D86F	1	1	06	1358	0	4	1
02D873	1	1	06	1358	0	2	1
02D875	1	1	06	1358	0	2	1
02D877	1	1	06	1358	0	2	1
02D879	1	1	06	1358	0	2	1
02D87B	1	1	06	1358	0	2	1
02D87D	1	1	06	1358	0	1	1
02D87E	1	1	06	1358	0	2	1
02D880	1	1	06	1358	0	2	1
02D882	1	1	06	1358	0	3	1
02D885	1	1	06	1358	0	2	1
02D887	1	1	06	1358	0	2	1
02D889	1	1	06	1358	0	2	1
02D88B	1	1	06	1358	0	2	1
02D88D	1	1	06	1358	0	4	1
02D891	1	1	06	1358	0	1	1
02D892	1	1	06	1358	0	2	1
02D894	1	1	06	1358	0	2	1
02D896	1	1	06	1358	0	2	1
02D898	0	1	06	1358	0	2	1
02D89A	0	1	06	1398	0	2	1
02D89C	0	1	06	1398	0	1	1
02D89D	0	1	06	1398	0	3	1
02D8A0	0	1	06	1398	0	2	1
02D8A2	0	1	06	1358	0	2	1
02D8A4	0	1	06	1358	0	1	1
02D8A5	0	1	06	1358	0	3	1
02D8A8	0	1	06	1358	0	2	1
02D8AA	0	1	06	1358	0	2	1
02D8AC	1	1	06	1358	0	2	1
02D8AE	1	1	06	1358	0	2	1
02D8B0	1	1	06	1358	0	2	1
02D8B2	1	1	06	1358	0	1	1
02D8B3	1	1	06	1358	0	2	1
02D8B5	1	1	06	1358	0	1	1
02D8B6	1	1	06	1358	0	2	1
02D8B8	1	1	06	1358	0	4	1
02D8BC	1	1	06	1358	0	2	1
02D8BE	1	1	06	1358	0	2	1
02D8C0	1	1	06	1358	0	2	1
02D8C2	1	1	06	1358	0	1	1
02D8C3	1	1	06	1358	0	1	1
02D8C4	1	1	06	1358	0	1	1
02D8C5	1	1	06	1358	0	2	1
02D8C7	0	1	06	1358	0	4	1
02D8CB	0	1	06	1358	0	2	1
02D8CD	0	1	06	1358	0	4	1
02D8D1	0	1	06	1358	0	2	1
02D8D3	0	1	06	1358	0	2	1
02D8D5	1	1	06	1358	0	2	1
02D8D7	1	1	06	1358	0	2	1
02D8D9	1	1	06	1358	0	4	1
02D8DD	1	1	06	1358	0	2	1
02D8DF	1	1	06	1358	0	2	1
02D8E1	1	1	06	1358	0	4	1
02D8E5	1	1	06	1358	0	2	1
02D8E7	1	1	06	1358	0	2	1
02D8E9	1	1	06	1358	0	4	1
02D8ED	1	1	06	1358	0	2	1
02D8F5	1	1	06	1358	0	4	1
02D8F9	1	1	06	1358	0	2	1
02D8FB	1	1	06	1358	0	4	1
02D8FF	1	1	06	1358	0	2	1
02D901	1	1	06	1398	0	4	1
02D905	1	1	06	1398	0	2	1
02D907	1	1	06	1398	0	2	1
02D909	1	1	06	1398	0	2	1
02D90B	1	1	06	1398	0	1	1
02D90C	1	1	06	1398	0	4	1
02D910	1	1	06	1358	0	2	1
02D912	1	1	06	1358	0	2	1
02D914	1	1	06	1358	0	1	1
02D915	1	1	06	1358	0	2	1
02D917	1	1	06	1358	0	2	1
02D919	1	0	06	1358	0	2	1
02D91B	1	0	06	1358	0	3	1
02D91E	1	0	06	1358	0	4	1
02E268	1	1	06	1938	0	2	1
02E26A	1	1	06	1938	0	3	1
02E26D	1	1	06	1938	0	2	1
02E26F	0	0	06	1938	0	2	1
02E271	0	0	06	1938	0	3	1
02E274	0	0	06	1938	0	2	1
02E276	0	0	06	1938	0	3	1
02E279	0	0	06	1938	0	2	1
02E27B	0	0	06	1938	0	3	1
02E27E	0	0	06	1938	0	1	1
02E27F	0	0	06	1938	0	3	1
02E282	0	0	06	1938	0	2	1
02E284	0	0	06	1938	0	2	1
02E286	1	1	06	1938	0	4	1
02E29C	1	1	06	1938	0	2	1
02E29E	1	1	06	1938	0	2	1
02E2A0	1	1	06	1938	0	4	1
02E2A4	1	1	06	1938	0	2	1
02E2A6	1	1	06	1938	0	4	1
02E2AA	1	1	06	1938	0	2	1
02E2AC	1	1	06	1938	0	2	1
02E2AE	1	1	06	1938	0	2	1
02E2B0	1	1	06	1938	0	2	1
02E2B2	1	1	06	1938	0	2	1
02E2B4	1	1	06	1938	0	2	1
02E2B6	1	1	06	1938	0	2	1
02E2B8	1	1	06	1938	0	2	1
02E2BA	1	1	06	1938	0	2	1
02E2BC	1	1	06	1938	0	4	1
02E2C0	1	1	06	1938	0	2	1
02E2C2	1	0	06	1938	0	2	1
02E2C4	1	0	06	1938	0	3	1
02E2C7	1	0	06	1938	0	2	1
02E2C9	1	0	06	1938	0	2	1
02E2CB	1	0	06	1938	0	2	1
02E2CD	1	0	06	1938	0	2	1
02E2CF	1	0	06	1938	0	2	1
02E2D1	1	1	06	1938	0	1	1
02E2D2	1	1	06	1938	0	2	1
02E2D4	1	1	06	1938	0	2	1
02E2D6	1	1	06	1938	0	2	1
02E2D8	1	1	06	1938	0	2	1
02E2DA	1	1	06	1938	0	2	1
02E2DC	1	1	06	1938	0	2	1
02E2DE	1	1	06	1938	0	2	1
02E2E0	1	1	06	1938	0	1	1
02E2E1	1	1	06	1938	0	2	1
02E2E3	1	1	06	1938	0	2	1
02E2E5	1	1	06	1938	0	3	1
02E2E8	1	1	06	1938	0	4	1
02E2EC	1	1	06	1938	0	2	1
02E2EE	1	0	06	1938	0	2	1
02E2F0	1	0	06	1938	0	3	1
02E2F3	1	0	06	1938	0	2	1
02E2F5	1	0	06	1938	0	2	1
02E2F7	1	0	06	1938	0	2	1
02E2F9	1	0	06	1938	0	2	1
02E2FB	1	1	06	1938	0	4	1
02E2FF	1	1	06	1938	0	1	1
02E300	1	1	06	1938	0	2	1
02E302	1	1	06	1938	0	2	1
02E304	1	1	06	1938	0	4	1
02E308	1	1	06	1938	0	1	1
02E309	1	1	06	18B8	0	2	1
02E30B	1	1	06	18B8	0	3	1
02E314	1	1	06	18B8	0	2	1
02E316	1	1	06	18B8	0	2	1
02E318	1	1	06	18B8	0	2	1
02E31A	1	1	06	18B8	0	2	1
02E31C	1	1	06	18B8	0	2	1
02E31E	1	1	06	18B8	0	2	1
02E320	1	1	06	18B8	0	2	1
02E322	1	1	06	18B8	0	4	1
02E326	1	1	06	18B8	0	2	1
02E328	1	0	06	18B8	0	2	1
02E32A	1	0	06	18B8	0	3	1
02E32D	1	0	06	18B8	0	2	1
02E32F	1	0	06	18B8	0	2	1
02E331	1	1	06	18B8	0	2	1
02E333	1	1	06	18B8	0	3	1
02E336	1	1	06	18B8	0	4	1
02E33E	1	1	06	18B8	0	2	1
02E340	0	0	06	18B8	0	2	1
02E342	0	0	06	18B8	0	3	1
02E345	0	0	06	18B8	0	2	1
02E347	0	0	06	18B8	0	3	1
02E34A	0	0	06	18B8	0	2	1
02E34C	0	0	06	18B8	0	2	1
02E34E	1	1	06	18B8	0	3	1
02E351	1	1	06	18B8	0	2	1
02E353	1	1	06	18B8	0	2	1
02E355	1	1	06	18B8	0	2	1
02E357	1	1	06	18B8	0	1	1
02E358	1	1	06	18B8	0	2	1
02E35A	1	1	06	18B8	0	2	1
02E35C	1	1	06	18B8	0	4	1
02E360	1	1	06	18B8	0	2	1
02E362	1	1	06	18B8	0	2	1
02E364	1	1	06	18B8	0	4	1
02E368	1	1	06	18B8	0	2	1
02E36A	1	1	06	18B8	0	2	1
02E36C	1	1	06	18B8	0	2	1
02E36E	1	1	06	18B8	0	2	1
02E370	1	1	06	18B8	0	2	1
02E372	1	1	06	18B8	0	3	1
02E375	1	1	06	18B8	0	2	1
02E377	1	0	06	18B8	0	2	1
02E379	1	0	06	18B8	0	2	1
02E37B	1	0	06	18B8	0	3	1
02E37E	1	0	06	18B8	0	2	1
02E380	1	1	06	18B8	0	4	1
02E384	1	1	06	18B8	0	1	1
02E385	1	1	06	18B8	0	4	1
02E50F	1	1	06	1858	0	2	1
02E511	1	1	06	1858	0	2	1
02E513	1	1	06	1858	0	3	1
02E516	1	1	06	1858	0	2	1
02E518	1	1	06	1858	0	3	1
02E521	1	1	06	1858	0	3	1
02E524	1	1	06	1858	0	2	1
02E526	1	1	06	1858	0	2	1
02E528	1	1	06	1858	0	2	1
02E52A	1	1	06	1858	0	2	1
02E52C	1	1	06	1858	0	4	1
02E530	1	1	06	1858	0	1	1
02E531	1	1	06	1858	0	3	1
02E534	1	1	06	1858	0	2	1
02E536	1	1	06	1858	0	2	1
02E538	1	1	06	1858	0	2	1
02E53A	1	1	06	1858	0	2	1
02E53C	1	1	06	1858	0	3	1
02E53F	1	1	06	1858	0	2	1
02E541	0	0	06	1858	0	1	1
02E542	0	0	06	1858	0	3	1
02E545	0	0	06	1858	0	3	1
02E548	0	0	06	1858	0	3	1
02E54B	0	0	7F	1858	0	3	1
02E54E	0	0	7F	1858	0	1	1
02E54F	0	0	06	1858	0	2	1
02E551	1	1	06	1858	0	1	1
02E552	1	1	06	1858	0	2	1
02E554	1	1	06	1858	0	2	1
02E556	1	1	06	1858	0	3	1
02E559	1	1	06	1858	0	1	1
02E55A	1	1	06	1858	0	2	1
02E55C	1	1	06	1858	0	2	1
02E55E	1	0	06	1858	0	3	1
02E561	1	0	06	1858	0	4	1
02E565	1	0	06	1858	0	2	1
02E567	1	1	06	1858	0	2	1
02E57D	1	1	06	1858	0	2	1
02E57F	1	1	06	1858	0	3	1
02E582	1	1	06	1858	0	4	1
02E586	1	1	06	1858	0	2	1
02E588	1	1	06	1858	0	3	1
02E58B	1	1	06	1858	0	2	1
02E58D	1	1	06	1858	0	3	1
02E590	1	1	06	1858	0	3	1
02E593	1	1	06	1858	0	2	1
02E595	1	1	06	1858	0	3	1
02E598	1	1	06	1858	0	3	1
02E59B	1	1	06	1858	0	3	1
02E59E	1	1	06	1858	0	3	1
02E5A1	1	1	06	1858	0	3	1
02E5A4	1	1	06	1858	0	2	1
02E5A6	1	1	06	1858	0	3	1
02E5A9	1	1	06	1858	0	3	1
02E5AC	1	1	06	1858	0	2	1
02E5AE	1	1	06	1858	0	3	1
02E5B1	1	1	06	1858	0	3	1
02E5B4	1	1	06	1858	0	2	1
02E5B6	1	1	06	1858	0	3	1
02E5B9	1	1	06	1858	0	2	1
02E5BB	1	1	06	1858	0	3	1
02E5BE	1	1	06	1858	0	2	1
02E5C0	1	1	06	1858	0	3	1
02E5C3	1	1	06	1858	0	2	1
02E5C5	1	1	06	1858	0	3	1
02E5C8	1	1	06	1858	0	2	1
02E5CA	1	1	06	1858	0	3	1
02E5CD	1	1	06	1858	0	3	1
02E5D0	1	1	06	1858	0	2	1
02E5D2	1	1	06	1818	0	2	1
02E5D4	1	1	06	1818	0	2	1
02E5D6	1	1	06	1818	0	2	1
02E5D8	1	1	06	1818	0	2	1
02E5DA	1	1	06	1818	0	2	1
02E5DC	1	1	06	1858	0	2	1
02E5DE	1	1	06	1858	0	2	1
02E5E0	1	1	06	1858	0	4	1
02E5E4	1	1	06	1858	0	2	1
02E5E6	1	1	06	1858	0	3	1
02E5E9	1	1	06	1858	0	1	1
02E5EA	1	1	06	1858	0	2	1
02E5EC	0	0	06	1858	0	3	1
02E5EF	0	0	06	1858	0	3	1
02E5F2	0	0	06	1858	0	3	1
02E5F5	0	0	00	1858	0	3	1
02E5F8	0	0	00	1858	0	2	1
02E5FA	1	1	00	1858	0	1	1
02E5FB	1	1	06	1858	0	3	1
02E5FE	1	1	06	1858	0	1	1
02E5FF	1	1	06	1858	0	2	1
02E601	1	1	06	1858	0	3	1
02E60C	1	1	06	1858	0	3	1
02E60F	1	1	06	1858	0	2	1
02E611	1	1	06	1858	0	2	1
02E613	1	1	06	1858	0	2	1
02E615	1	1	06	1858	0	3	1
02E618	1	1	06	1858	0	2	1
02E61A	1	1	06	1858	0	2	1
02E61C	1	1	06	1858	0	2	1
02E61E	1	1	06	1858	0	2	1
02E620	1	1	06	1858	0	3	1
02E623	1	1	06	1858	0	2	1
02E625	1	1	06	1858	0	3	1
02E628	1	1	06	1858	0	2	1
02E62A	1	1	06	1858	0	2	1
02E62C	1	1	06	1858	0	4	1
02E630	1	1	06	1858	0	2	1
02E632	1	1	06	1858	0	2	1
02E634	1	1	06	1858	0	3	1
02E637	1	1	06	1858	0	1	1
02E638	1	1	06	1858	0	3	1
02E63B	1	1	06	1858	0	2	1
02E63D	1	1	06	1858	0	2	1
02E63F	1	1	06	1858	0	2	1
02E641	1	1	06	1858	0	1	1
02E642	1	1	06	1858	0	3	1
02E645	1	1	06	1858	0	2	1
02E647	1	1	06	1858	0	3	1
02E64A	1	1	06	1858	0	2	1
02E64C	1	1	06	1858	0	2	1
02E64E	1	1	06	1858	0	3	1
02E651	1	1	06	1858	0	2	1
02E653	1	1	06	1858	0	2	1
02E655	1	1	06	1858	0	2	1
02E657	1	1	06	1858	0	3	1
02E65A	1	1	06	1858	0	2	1
02E65C	1	1	06	1858	0	3	1
02E65F	1	1	06	1858	0	2	1
02E661	1	1	06	1858	0	2	1
02E663	1	1	06	1858	0	3	1
02E666	1	1	06	1858	0	2	1
02E668	1	1	06	1858	0	2	1
02E66A	1	1	06	1858	0	2	1
02E66C	1	1	06	1858	0	2	1
02E66E	1	1	06	1858	0	3	1
02E671	1	1	06	1858	0	2	1
02E673	1	1	06	1858	0	3	1
02E676	1	1	06	1858	0	3	1
02E679	1	1	06	1858	0	2	1
02E67B	1	1	06	1858	0	2	1
02E67D	1	1	06	1858	0	3	1
02E680	1	1	06	1858	0	3	1
02E683	1	1	06	1858	0	2	1
02E685	1	1	06	1858	0	3	1
02E688	1	1	06	1858	0	3	1
02E68B	1	1	06	1858	0	3	1
02E68E	1	1	06	1858	0	3	1
02E691	1	1	06	1858	0	2	1
02E693	1	1	06	1858	0	3	1
02E696	1	1	06	1858	0	2	1
02E698	1	1	06	1858	0	3	1
02E69B	1	1	06	1858	0	2	1
02E69D	1	1	06	1858	0	3	1
02E6A0	1	1	06	1858	0	2	1
02E6A2	1	1	06	1858	0	3	1
02E6A5	1	1	06	1858	0	3	1
02E6A8	1	1	06	1858	0	3	1
02E6AB	1	1	06	1858	0	3	1
02E6AE	1	1	06	1858	0	3	1
02E6B1	1	1	06	1858	0	1	1
02E6B2	1	1	06	1858	0	3	1
02E6B5	1	1	06	1858	0	1	1
02E6B6	1	1	06	1858	0	3	1
02E6B9	1	1	06	1858	0	2	1
02E6BB	1	1	06	1858	0	2	1
02E6BD	1	1	06	1858	0	3	1
02E6C0	1	1	06	1858	0	3	1
02E6C3	1	1	06	1858	0	2	1
02E6C5	0	0	06	1858	0	1	1
02E6C6	0	0	06	1858	0	3	1
02E6C9	0	0	06	1858	0	3	1
02E6CC	0	0	06	1858	0	3	1
02E6CF	0	0	00	1858	0	3	1
02E6D2	0	0	00	1858	0	1	1
02E6D3	0	0	06	1858	0	2	1
02E6D5	1	1	06	1858	0	3	1
02E6D8	1	1	06	1858	0	4	1
02E6DC	1	1	06	1858	0	4	1
02E6E0	1	1	06	1858	0	2	1
02E6E2	1	1	06	1858	0	2	1
02E6E4	1	1	06	1858	0	1	1
02E6E5	1	1	06	1858	0	2	1
02E6E7	1	1	06	1858	0	2	1
02E6E9	1	1	06	1858	0	2	1
02E6EB	1	1	06	1858	0	2	1
02E6ED	1	1	06	1858	0	3	1
02E6F0	1	1	06	1858	0	3	1
02E6F3	1	1	06	1858	0	3	1
02E6F6	1	1	06	1858	0	2	1
02E6F8	1	1	06	1858	0	3	1
02E6FB	1	1	06	1858	0	1	1
02E6FC	1	1	06	1858	0	1	1
02E6FD	1	1	06	1858	0	2	1
02E6FF	1	1	06	1858	0	1	1
02E700	1	1	06	1858	0	2	1
02E702	1	1	06	1858	0	2	1
02E70C	1	1	06	1858	0	3	1
02E70F	1	1	06	1858	0	2	1
02E711	1	1	06	1858	0	1	1
02E712	1	1	06	1858	0	2	1
02E714	1	1	06	1858	0	2	1
02E716	1	1	06	1858	0	2	1
02E718	1	1	06	1858	0	3	1
02E71B	1	1	06	1858	0	1	1
02E71C	1	1	06	1858	0	1	1
02E71D	1	1	06	1858	0	2	1
02E71F	1	1	06	1858	0	1	1
02E720	1	1	06	1858	0	2	1
02E722	1	1	06	1858	0	1	1
02E723	1	1	06	1858	0	2	1
02E725	1	1	06	1858	0	2	1
02E727	1	1	06	1858	0	2	1
02E731	1	1	06	1858	0	3	1
02E734	1	1	06	1858	0	2	1
02E736	1	1	06	1858	0	3	1
02E739	1	1	06	1858	0	1	1
02E73A	1	1	06	1858	0	1	1
02E73B	1	1	06	1858	0	3	1
02E73E	1	1	06	1858	0	1	1
02E73F	1	1	06	1858	0	2	1
02E741	0	1	06	1858	0	1	1
02E742	0	1	06	1858	0	3	1
02E745	0	1	06	1858	0	3	1
02E748	0	1	06	1858	0	2	1
02E74A	1	1	06	1858	0	2	1
02E74C	1	1	06	1858	0	1	1
02E74D	1	1	06	1858	0	2	1
02E74F	1	1	06	1858	0	2	1
02E751	1	1	06	1858	0	2	1
02E753	1	1	06	1858	0	3	1
02E756	1	1	06	1858	0	3	1
02E759	1	1	06	1858	0	3	1
02E75C	1	1	06	1858	0	2	1
02E75E	1	1	06	1858	0	3	1
02E761	1	1	06	1858	0	1	1
02E762	1	1	06	1858	0	1	1
02E763	1	1	06	1858	0	2	1
02E765	1	1	06	1858	0	1	1
02E766	1	1	06	1858	0	2	1
02E768	1	1	06	1858	0	2	1
02E770	1	1	06	1858	0	3	1
02E773	1	1	06	1858	0	2	1
02E775	1	1	06	1858	0	1	1
02E776	1	1	06	1858	0	2	1
02E778	1	1	06	1858	0	2	1
02E77A	1	1	06	1858	0	2	1
02E77C	1	1	06	1858	0	3	1
02E77F	1	1	06	1858	0	1	1
02E780	1	1	06	1858	0	1	1
02E781	1	1	06	1858	0	2	1
02E783	1	1	06	1858	0	1	1
02E784	1	1	06	1858	0	2	1
02E786	1	1	06	1858	0	1	1
02E787	1	1	06	1858	0	2	1
02E789	1	1	06	1858	0	2	1
02E78B	1	1	06	1858	0	2	1
02E793	1	1	06	1858	0	3	1
02E796	1	1	06	1858	0	2	1
02E798	1	1	06	1858	0	3	1
02E79B	1	1	06	1858	0	1	1
02E79C	1	1	06	1858	0	1	1
02E79D	1	1	06	1858	0	3	1
02E7A0	1	1	06	1858	0	1	1
02E7A1	1	1	06	1858	0	1	1
02E7A2	1	1	06	1858	0	2	1
02E7A4	1	1	06	1858	0	3	1
02E7A7	1	1	06	1858	0	3	1
02E7AA	1	1	06	1858	0	3	1
02E7AD	1	1	06	1858	0	1	1
02E7AE	1	1	06	1858	0	1	1
02E7AF	1	1	06	1858	0	1	1
02E7B0	1	1	06	1858	0	1	1
02E7B1	1	1	06	1858	0	2	1
02E7B3	1	1	06	1858	0	1	1
02E7CB	1	1	06	1518	0	4	1
02E7CF	1	0	06	1518	0	2	1
02E7D1	1	0	06	1518	0	3	1
02E7D4	1	0	06	1518	0	2	1
02E7D6	1	0	06	1518	0	3	1
02E7D9	1	0	06	1518	0	3	1
02E7DC	1	0	06	1518	0	3	1
02E7DF	1	0	06	1518	0	4	1
02E7E3	1	0	06	1518	0	2	1
02E7E5	1	0	06	1518	0	3	1
02E7E8	1	0	06	1518	0	2	1
02E7EA	1	0	06	1518	0	3	1
02E7ED	1	0	06	1518	0	3	1
02E7F0	1	0	06	1518	0	3	1
02E7F3	1	0	06	1518	0	3	1
02E7F6	1	0	06	1518	0	3	1
02E7F9	1	0	06	1518	0	3	1
02E7FC	1	0	06	1518	0	3	1
02E7FF	1	0	06	1518	0	3	1
02E802	1	0	06	1518	0	3	1
02E805	1	0	06	1518	0	3	1
02E808	1	0	06	1518	0	3	1
02E80B	1	0	06	1518	0	2	1
02E80D	1	1	06	1518	0	2	1
02E80F	1	1	06	1518	0	3	1
02E812	1	1	06	1518	0	1	1
02E813	1	1	06	1858	0	3	1
02E816	1	1	06	1858	0	2	1
02E818	1	1	06	1858	0	2	1
02E81A	1	1	06	1858	0	2	1
02E81C	1	1	06	1858	0	3	1
02E81F	1	1	06	1858	0	2	1
02E821	1	1	06	1858	0	1	1
02E822	1	1	06	1858	0	3	1
02E825	1	1	06	1858	0	2	1
02EB1C	1	1	06	1D38	0	1	1
02EB1D	1	1	06	1D38	0	2	1
02EB1F	1	1	06	1D38	0	1	1
02EB20	1	1	06	1D38	0	1	1
02EB21	1	1	02	1D38	0	2	1
02EB23	1	1	02	1D38	0	3	1
02EB26	1	1	02	1D38	0	3	1
02EB29	1	1	02	1D38	0	1	1
02EB2A	1	1	06	1D38	0	1	1
02EB2F	1	1	02	1D38	0	2	1
02EB31	1	1	02	1D38	0	2	1
02EB33	1	1	02	1D38	0	2	1
02EB35	0	0	02	1D38	0	2	1
02EB37	0	0	02	1D38	0	3	1
02EB3A	0	0	02	1D38	0	1	1
02EB3B	0	0	02	1D38	0	3	1
02EB3E	0	0	02	1D38	0	3	1
02EB41	0	0	02	1D38	0	3	1
02EB44	0	0	02	1D38	0	1	1
02EB45	0	0	02	1D38	0	1	1
02EB46	0	0	02	1D38	0	3	1
02EB49	0	0	02	1D38	0	1	1
02EB4A	0	0	02	1D38	0	3	1
02EB4D	0	0	02	1D38	0	1	1
02EB4E	0	0	02	1D38	0	3	1
02EB51	0	0	02	1D38	0	2	1
02EB53	1	1	02	1D38	0	2	1
02EB55	0	0	02	1D38	0	2	1
02EB57	0	0	02	1D38	0	3	1
02EB5A	0	0	02	1D38	0	3	1
02EB5D	0	0	02	1D38	0	2	1
02EB5F	0	0	02	1D38	0	3	1
02EB62	0	0	02	1D38	0	2	1
02EB64	0	0	02	1D28	0	3	1
02EB67	0	0	02	1D28	0	3	1
02EB6A	0	0	02	1D28	0	2	1
02EB6C	0	0	02	1D28	0	3	1
02EB6F	0	0	02	1D28	0	2	1
02EB71	0	0	02	1D28	0	3	1
02EB74	0	0	02	1D28	0	3	1
02EB77	0	0	02	1D28	0	2	1
02EB79	1	0	02	1D28	0	3	1
02EB7C	1	0	02	1D28	0	2	1
02EB7E	1	0	02	1D28	0	2	1
02EB80	0	0	02	1D28	0	3	1
02EB83	0	0	02	1D28	0	1	1
02EB84	0	0	02	1D28	0	1	1
02EB85	0	0	02	1D28	0	1	1
02EB86	0	0	02	1D28	0	1	1
02EB87	0	0	02	1D28	0	1	1
02EB88	0	0	02	1D28	0	3	1
02EB8B	0	0	02	1D28	0	1	1
02EB8C	0	0	02	1D28	0	3	1
02EB8F	0	0	02	1D28	0	3	1
02EB92	0	0	02	1D28	0	1	1
02EB93	0	0	02	1D28	0	1	1
02EB94	0	0	02	1D28	0	2	1
02EB96	0	0	02	1D38	0	2	1
02EB98	1	1	02	1D38	0	1	1
02EB99	1	1	02	1D38	0	2	1
02EB9B	0	0	02	1D38	0	3	1
02EB9E	0	0	02	1D38	0	1	1
02EB9F	0	0	02	1D38	0	3	1
02EBA2	0	0	02	1D38	0	2	1
02EBA4	0	0	02	1D38	0	1	1
02EBA5	0	0	02	1D38	0	3	1
02EBA8	0	0	02	1D38	0	2	1
02EBAA	0	0	02	1D38	0	2	1
02EBAC	0	0	02	1D38	0	3	1
02EBAF	0	0	02	1D38	0	2	1
02EBB1	0	0	02	1D38	0	2	1
02EBB3	0	0	02	1D38	0	2	1
02EBB5	0	0	02	1D38	0	2	1
02EBB7	0	0	02	1D78	0	3	1
02EBBA	0	0	02	1D78	0	2	1
02EBBC	0	0	02	1D78	0	2	1
02EBBE	0	0	02	1D38	0	3	1
02EBC1	0	0	02	1D38	0	1	1
02EBC2	0	0	02	1D38	0	3	1
02EBC5	0	0	02	1D38	0	2	1
02EBC7	0	0	02	1D38	0	1	1
02EBC8	0	0	02	1D38	0	3	1
02EBCB	0	0	02	1D38	0	2	1
02EBCD	0	0	02	1D38	0	3	1
02EBD0	0	0	02	1D38	0	2	1
02EBD2	0	0	02	1D38	0	2	1
02EBD4	0	0	02	1D38	0	2	1
02EBD6	0	0	02	1D38	0	2	1
02EBD8	0	0	02	1D38	0	3	1
02EBDB	0	0	02	1D38	0	2	1
02EBDD	0	0	02	1D38	0	2	1
02EBDF	0	0	02	1D38	0	2	1
02EBE1	1	1	02	1D38	0	1	1
02EBE2	0	0	02	1D28	0	2	1
02EBE4	1	1	02	1D28	0	4	1
02EBE8	1	0	02	1D28	0	1	1
038CF7	1	1	06	0D18	0	2	1
038CF9	1	1	06	0D18	0	3	1
038D02	1	1	06	0D18	0	4	1
038D06	1	1	06	0D18	0	2	1
038D08	1	1	06	0D18	0	1	1
038D09	1	1	06	0D18	0	1	1
038D0A	1	1	06	0D18	0	2	1
038D0C	1	1	06	0D18	0	1	1
038D0D	1	1	06	0D18	0	3	1
038D10	1	1	06	0D18	0	2	1
038D12	1	1	06	0D18	0	3	1
038D15	1	1	06	0D18	0	2	1
038D17	1	1	06	0D18	0	3	1
038D1A	1	1	06	0D18	0	2	1
038D1C	1	1	06	0D18	0	2	1
038D1E	1	1	06	0D18	0	2	1
038D20	1	1	06	0D18	0	2	1
038D22	1	1	06	0D18	0	2	1
038D24	1	1	06	0D18	0	2	1
038D26	1	1	06	0D18	0	2	1
038D28	1	1	06	0D18	0	2	1
038D2A	1	1	06	0D18	0	2	1
038D2C	1	1	06	0D18	0	2	1
038D2E	1	1	06	0D18	0	2	1
038D30	1	1	06	0D18	0	2	1
038D32	1	1	06	0D18	0	2	1
038D34	1	1	06	0D18	0	4	1
038D38	1	1	06	0D18	0	2	1
038D3A	0	1	06	0D18	0	3	1
038D3D	0	1	06	0D18	0	2	1
038D3F	0	1	06	0D18	0	2	1
038D41	1	1	06	0D18	0	2	1
038D43	1	1	06	0D18	0	2	1
038D45	1	1	06	0D18	0	2	1
038D47	1	1	06	0D18	0	2	1
038D49	1	1	06	0D18	0	1	1
038D4A	1	1	06	0D18	0	2	1
038D4C	1	1	06	0D18	0	2	1
038D4E	1	1	06	0D18	0	2	1
038D50	1	1	06	0D18	0	3	1
038D53	1	1	06	0D18	0	2	1
038D55	1	1	06	0D18	0	3	1
038D58	1	1	06	0D18	0	2	1
038D5A	1	1	06	0D18	0	3	1
038D5D	1	1	06	0D18	0	4	1
038D61	1	1	06	0D18	0	4	1
038D65	1	1	06	0D18	0	2	1
038D67	1	1	06	0D18	0	2	1
038D69	1	1	06	0D18	0	2	1
038D6B	1	1	06	0D18	0	2	1
038D6D	1	1	06	0D18	0	4	1
038D71	1	1	06	0D18	0	4	1
038D75	1	1	06	0D18	0	2	1
038D77	1	1	06	0D18	0	4	1
038D7B	1	1	06	0D18	0	2	1
038D7D	1	1	06	0D18	0	2	1
038D83	1	1	06	0D18	0	2	1
038D85	1	1	06	0D18	0	2	1
038D87	1	1	06	0D18	0	1	1
038D9C	1	1	06	0D18	0	1	1
038D9D	1	1	06	0D18	0	2	1
038D9F	1	1	06	0D18	0	2	1
038DA1	1	1	06	0D18	0	3	1
038DA4	1	1	06	0D18	0	1	1
038DA5	1	1	06	0D18	0	1	1
038DB2	1	1	06	0D18	0	2	1
038DB4	1	1	06	0D18	0	2	1
038DB6	1	1	06	0D18	0	2	1
038DB8	1	1	06	0D18	0	2	1
038DBA	1	1	06	0D18	0	2	1
038DBC	1	1	06	0D18	0	2	1
038DBE	1	1	06	0D18	0	2	1
038DC0	1	1	06	0D18	0	2	1
038DC2	1	1	06	0D18	0	2	1
038DC4	1	1	06	0D18	0	1	1
038DC5	1	1	06	0D18	0	3	1
038DC8	1	1	06	0D18	0	2	1
038DCA	1	1	06	0D18	0	1	1
038DCB	1	1	06	0D18	0	2	1
038DCD	1	1	06	0D18	0	2	1
038DCF	1	1	06	0D18	0	2	1
038DD1	1	1	06	0D18	0	2	1
038DD3	1	1	06	0D18	0	2	1
038DD5	1	1	06	0D18	0	1	1
038DD6	1	1	06	0D18	0	2	1
038DD8	1	1	06	0D18	0	2	1
038DDA	1	0	06	0D18	0	4	1
038DDE	1	0	06	0D18	0	2	1
038DE0	1	0	06	0D18	0	2	1
038DE2	1	0	06	0D18	0	3	1
038DE5	1	0	06	0D18	0	2	1
038DE7	1	0	06	0D18	0	3	1
038DEA	1	0	06	0D18	0	2	1
038DEC	1	0	06	0D18	0	1	1
038DED	1	0	06	0D18	0	2	1
038DEF	1	0	06	0D18	0	2	1
038DF1	1	0	06	0D18	0	3	1
038DF4	1	0	06	0D18	0	2	1
038DF6	1	0	06	0D18	0	2	1
038DF8	1	0	06	0D18	0	3	1
038DFB	1	0	06	0D18	0	2	1
038DFD	0	0	06	0D18	0	2	1
038DFF	0	0	06	0D18	0	3	1
038E02	0	0	06	0D18	0	2	1
038E04	0	0	06	0D18	0	3	1
038E07	0	0	06	0D18	0	3	1
038E0A	0	0	06	0D18	0	2	1
038E0C	1	0	06	0D18	0	2	1
038E0E	1	0	06	0D18	0	1	1
038E0F	1	0	06	0D18	0	2	1
038E11	1	0	06	0D18	0	2	1
038E13	1	0	06	0D18	0	2	1
038E15	1	0	06	0D18	0	2	1
038E17	0	0	06	0D18	0	3	1
038E1A	0	0	06	0D18	0	2	1
038E1C	0	0	06	0D18	0	2	1
038E1E	0	0	06	0D18	0	3	1
038E21	0	0	06	0D18	0	2	1
038E23	0	0	06	0D18	0	2	1
038E25	1	1	06	0D18	0	2	1
038E27	1	1	06	0D18	0	2	1
038E29	1	1	06	0D18	0	2	1
038E2B	1	1	06	0D18	0	2	1
038E2D	1	1	06	0D18	0	4	1
038E31	1	1	06	0D18	0	2	1
038E33	1	1	06	0D18	0	2	1
038E35	1	1	06	0D18	0	1	1
038E36	1	1	06	0D18	0	3	1
038E39	1	1	06	0D18	0	3	1
038E3C	1	1	06	0D18	0	4	1
038E40	1	1	06	0D18	0	4	1
038E44	1	1	06	0D18	0	2	1
038E46	1	1	06	0D18	0	2	1
038E48	1	1	06	0D18	0	2	1
038E4A	1	1	06	0D18	0	1	1
038E4B	1	1	06	0D18	0	2	1
038E4D	0	1	06	0D18	0	2	1
038E4F	0	1	06	0D18	0	2	1
038E51	0	1	06	0D18	0	2	1
038E53	0	1	06	0D18	0	2	1
038E55	1	1	06	0D18	0	2	1
038E57	1	1	06	0D18	0	4	1
038E5B	1	1	06	0D18	0	2	1
038E5D	1	1	06	0D18	0	2	1
038E5F	1	1	06	0D18	0	2	1
038E61	1	1	06	0D18	0	2	1
038E63	1	1	06	0D18	0	1	1
038E64	1	1	06	0D18	0	3	1
038E67	1	1	06	0D18	0	2	1
038E69	1	1	06	0D18	0	2	1
038E6B	1	1	06	0D18	0	1	1
038E6C	1	1	06	0D18	0	2	1
038E6E	1	1	06	0D18	0	2	1
038E70	1	1	06	0D18	0	2	1
038E72	1	1	06	0D18	0	2	1
038E74	1	1	06	0D18	0	1	1
038E75	1	1	06	0D18	0	3	1
038E78	1	1	06	0D18	0	2	1
038E7A	1	1	06	0D18	0	2	1
038E7C	1	1	06	0D18	0	2	1
038E7E	1	1	06	0D18	0	2	1
038E80	1	1	06	0D18	0	2	1
038E82	1	1	06	0D18	0	2	1
038E84	1	1	06	0D18	0	3	1
038E87	1	1	06	0D18	0	2	1
038E89	1	1	06	0D18	0	2	1
038E8B	1	1	06	0D18	0	2	1
038E8D	1	1	06	0D18	0	2	1
038E8F	1	1	06	0D18	0	4	1
038E93	1	1	06	0D18	0	1	1
038E94	1	1	06	0D18	0	2	1
038E96	1	1	06	0D18	0	2	1
038E98	1	1	06	0D18	0	2	1
038E9A	1	1	06	0D18	0	2	1
038E9C	0	0	06	0D18	0	3	1
038E9F	0	0	06	0D18	0	2	1
038EA1	0	0	06	0D18	0	1	1
038EA2	0	0	06	0D18	0	3	1
038EA5	0	0	06	0D18	0	3	1
038EA8	0	0	06	0D18	0	3	1
038EAB	0	0	06	0D18	0	3	1
038EAE	0	0	06	0D18	0	2	1
038EB0	0	0	06	0D18	0	1	1
038EB1	0	0	06	0D18	0	3	1
038EB4	0	0	06	0D18	0	3	1
038EB7	0	0	06	0D18	0	2	1
038EB9	1	1	06	0D18	0	2	1
038EBB	1	1	06	0D18	0	4	1
038EBF	1	1	06	0D18	0	2	1
038EC1	1	1	06	0D18	0	4	1
038EC5	1	1	06	0D18	0	1	1
038F7B	1	1	06	0D18	0	1	1
038FC0	1	1	06	0D18	0	1	1
038FFB	1	1	06	0D18	0	2	1
038FFD	1	1	06	0D18	0	3	1
039006	1	1	06	0D18	0	2	1
039008	1	1	06	0D18	0	2	1
03900A	1	1	06	0D18	0	2	1
03900C	1	1	06	0D18	0	2	1
03900E	1	1	06	0D18	0	2	1
039010	1	1	06	0D18	0	2	1
039012	1	1	06	0D18	0	2	1
039014	1	1	06	0D18	0	1	1
039015	1	1	06	0D18	0	2	1
039017	1	1	06	0D18	0	3	1
03901A	1	1	06	0D18	0	2	1
03901C	1	1	06	0D18	0	2	1
03901E	1	1	06	0D18	0	2	1
039020	1	1	06	0D18	0	1	1
039021	1	1	06	0D18	0	2	1
039023	1	1	06	0D18	0	2	1
039025	1	1	06	0D18	0	2	1
039027	1	1	06	0D18	0	4	1
03902B	1	1	06	0D18	0	2	1
03902D	1	1	06	0D18	0	2	1
03902F	1	1	06	0D18	0	1	1
039030	1	1	06	0D18	0	2	1
039032	1	1	06	0D18	0	2	1
039034	1	1	06	0D18	0	1	1
039035	1	1	06	0D18	0	2	1
039037	1	1	06	0D18	0	4	1
03903B	1	1	06	0D18	0	2	1
03903D	1	1	06	0D18	0	2	1
03903F	1	1	06	0D18	0	4	1
039047	1	1	06	0D18	0	1	1
039048	1	1	06	0D18	0	2	1
03904A	0	1	06	0D18	0	3	1
03904D	0	1	06	0D18	0	3	1
039050	0	1	06	0D18	0	3	1
039053	0	1	06	0D18	0	3	1
039056	0	1	06	0D18	0	3	1
039059	0	1	06	0D18	0	3	1
03905C	0	1	06	0D18	0	3	1
03905F	0	1	06	0D18	0	3	1
039062	0	1	06	0D18	0	4	1
039066	0	1	06	0D18	0	1	1
039067	1	1	06	0D18	0	1	1
039068	1	1	06	0D18	0	1	1
039069	1	1	06	0D18	0	2	1
03906B	1	1	06	0D18	0	2	1
03906D	1	0	06	0D18	0	1	1
03906E	1	0	06	0D18	0	4	1
039072	1	0	06	0D18	0	2	1
039079	1	0	06	0D18	0	2	1
03907B	1	0	06	0D18	0	2	1
03907D	1	0	06	0D18	0	3	1
039080	1	0	06	0D18	0	1	1
039081	1	0	06	0D18	0	3	1
039084	1	0	06	0D18	0	2	1
039086	1	0	06	0D18	0	3	1
039089	1	0	06	0D18	0	2	1
03908B	1	0	06	0D18	0	3	1
03908E	1	0	06	0D18	0	3	1
039091	1	0	06	0D18	0	2	1
039093	0	0	06	0D18	0	1	1
039094	0	0	06	0D18	0	3	1
039097	0	0	06	0D18	0	3	1
03909A	0	0	06	0D18	0	1	1
03909B	1	1	06	0D18	0	2	1
03909D	1	1	06	0D18	0	1	1
03909E	1	1	06	0D18	0	1	1
03909F	1	1	06	0D18	0	3	1
0390A2	1	1	06	0D18	0	1	1
0390A3	1	1	06	0000	0	2	1
0390A5	1	1	06	0000	0	2	1
0390A7	1	1	06	0000	0	2	1
0390A9	1	1	06	0000	0	2	1
0390AB	1	1	06	0000	0	2	1
0390AD	1	1	06	0000	0	2	1
0390AF	1	1	06	0000	0	2	1
0390B1	1	1	06	0000	0	2	1
0390B3	1	1	06	0000	0	2	1
0390B5	1	1	06	0000	0	2	1
0390B7	1	1	06	0000	0	2	1
0390B9	1	1	06	0000	0	2	1
0390BB	1	1	06	0000	0	2	1
0390BD	1	1	06	0000	0	2	1
0390BF	1	1	06	0000	0	1	1
0390C0	1	1	06	0D18	0	4	1
0390C4	1	1	06	0D18	0	1	1
03B5C4	1	1	06	0D18	0	2	1
03B5C6	1	1	06	0D18	0	3	1
03B5C9	1	1	06	0D18	0	3	1
03B5CC	1	1	06	0D18	0	2	1
03B5CE	1	1	06	0D18	0	2	1
03B5D0	1	0	06	0D18	0	4	1
03B5D4	1	0	06	0D18	0	2	1
03B5D6	1	0	06	0D18	0	3	1
03B5D9	1	0	06	0D18	0	2	1
03B5DB	1	0	06	0D18	0	3	1
03B5DE	1	0	06	0D18	0	3	1
03B5E1	1	0	06	0D18	0	2	1
03B5E3	1	0	06	0D18	0	3	1
03B5E6	1	0	06	0D18	0	3	1
03B5E9	1	0	06	0D18	0	2	1
03B5EB	1	0	06	0D18	0	3	1
03B5EE	1	0	06	0D18	0	2	1
03B5F0	1	0	06	0D18	0	3	1
03B5F3	1	0	06	0D18	0	2	1
03B5F5	0	0	06	0D18	0	4	1
03B5F9	0	0	06	0D18	0	3	1
03B5FC	0	0	06	0D18	0	1	1
03B5FD	0	0	06	0D18	0	3	1
03B600	0	0	06	0D18	0	1	1
03B601	0	0	06	0D18	0	2	1
03B603	0	0	06	0D18	0	3	1
03B606	0	0	06	0D18	0	4	1
03B60A	0	0	06	0D18	0	3	1
03B60D	0	0	06	0D18	0	1	1
03B60E	0	0	06	0D18	0	3	1
03B611	0	0	06	0D18	0	1	1
03B612	0	0	06	0D18	0	2	1
03B614	0	0	06	0D18	0	3	1
03B617	0	0	06	0D18	0	3	1
03B61A	0	0	06	0D18	0	3	1
03B61D	0	0	06	0D18	0	3	1
03B620	0	0	06	0D18	0	2	1
03B622	1	1	06	0D18	0	1	1
03D5C9	1	1	06	1318	0	2	1
03D5CB	1	1	06	1318	0	3	1
03D5CE	1	1	06	1318	0	1	1
03D5DF	1	1	06	1318	0	2	1
03D5E1	1	1	06	1318	0	3	1
03D5E4	1	1	06	1318	0	2	1
03D5E6	1	0	06	1318	0	2	1
03D5E8	1	0	06	1318	0	3	1
03D5EB	1	0	06	1318	0	2	1
03D5ED	1	0	06	1318	0	2	1
03D5EF	1	0	06	1318	0	3	1
03D5F2	1	0	06	1318	0	2	1
03D5F4	1	0	06	1318	0	2	1
03D5F6	1	0	06	1318	0	2	1
03D5F8	1	1	06	1318	0	3	1
03D5FB	1	0	06	1318	0	2	1
03D5FD	1	1	06	1318	0	3	1
03D606	1	1	06	1318	0	2	1
03D608	1	1	06	1318	0	2	1
03D60A	1	1	06	1318	0	2	1
03D60C	1	1	06	1318	0	2	1
03D60E	1	1	06	1318	0	2	1
03D610	1	1	06	1318	0	2	1
03D612	1	1	06	1318	0	2	1
03D614	1	1	06	1318	0	2	1
03D616	1	1	06	1318	0	2	1
03D618	1	1	06	1318	0	2	1
03D61A	1	1	06	1318	0	4	1
03D61E	1	1	06	1318	0	2	1
03D620	1	1	06	1318	0	2	1
03D622	0	1	06	1318	0	3	1
03D625	0	1	06	1318	0	2	1
03D627	0	1	06	1318	0	2	1
03D629	0	1	06	1318	0	2	1
03D630	0	1	06	1318	0	2	1
03D632	0	1	06	1318	0	2	1
03D634	0	1	06	1318	0	2	1
03D636	0	1	06	1318	0	3	1
03D639	0	1	06	1318	0	2	1
03D63B	0	1	06	1318	0	2	1
03D63D	1	1	06	1318	0	2	1
03D63F	1	1	06	1318	0	2	1
03D641	1	1	06	1318	0	2	1
03D643	1	1	06	1318	0	4	1
03D647	1	1	06	1318	0	2	1
03D649	1	1	06	1318	0	2	1
03D64B	1	1	06	1318	0	4	1
03D64F	1	1	06	1318	0	3	1
03D652	1	1	06	1318	0	4	1
03D656	1	1	06	1318	0	2	1
03D658	1	1	06	1318	0	2	1
03D65A	1	1	06	1318	0	2	1
03D65C	1	1	06	1318	0	4	1
03D660	1	1	06	1318	0	1	1
03D661	1	1	06	1318	0	4	1
03D665	1	1	06	1318	0	2	1
03D667	1	1	06	1318	0	2	1
03D669	0	0	06	1318	0	2	1
03D66B	0	0	06	1318	0	3	1
03D66E	0	0	06	1318	0	1	1
03D66F	0	0	06	1318	0	3	1
03D672	0	0	06	1318	0	2	1
03D674	0	0	06	1318	0	2	1
03D676	1	1	06	1318	0	2	1
03D678	1	1	06	1318	0	2	1
03D67A	1	1	06	1318	0	2	1
03D67C	1	1	06	1318	0	4	1
03D680	1	1	06	1318	0	2	1
03D682	1	1	06	1318	0	2	1
03D684	1	1	06	1318	0	4	1
03D688	1	1	06	1318	0	4	1
03D68C	1	1	06	1318	0	4	1
03D690	1	1	06	1318	0	2	1
03D692	1	1	06	1318	0	4	1
03D696	1	1	06	1318	0	2	1
03D698	1	1	06	1318	0	2	1
03D69A	1	1	06	1318	0	2	1
03D69C	1	1	06	1318	0	4	1
03D6A0	1	1	06	1318	0	4	1
03D6A4	1	1	06	1318	0	1	1
03D6A5	1	1	06	1318	0	4	1
03D6A9	1	1	06	1318	0	1	1
03D6AF	1	1	06	1318	0	2	1
03D6B1	1	1	06	1318	0	2	1
03D6B3	1	1	06	1318	0	2	1
03D6B5	1	1	06	1318	0	3	1
03D6B8	1	1	06	1318	0	2	1
03D6BA	1	1	06	1318	0	3	1
03D6C3	1	1	06	1318	0	2	1
03D6C5	1	1	06	1318	0	2	1
03D6C7	1	1	06	1318	0	2	1
03D6C9	1	1	06	1318	0	2	1
03D6CB	1	1	06	1318	0	2	1
03D6CD	1	1	06	1318	0	2	1
03D6CF	1	1	06	1318	0	2	1
03D6D1	1	1	06	1318	0	2	1
03D6D3	1	1	06	1318	0	2	1
03D6D5	1	1	06	1318	0	2	1
03D6D7	1	1	06	1318	0	2	1
03D6D9	1	1	06	1318	0	2	1
03D6DB	1	1	06	1318	0	2	1
03D6DD	1	1	06	1318	0	2	1
03D6DF	1	1	06	1318	0	2	1
03D6E1	1	1	06	1318	0	4	1
03D6E5	1	1	06	1318	0	2	1
03D6E7	1	1	06	1318	0	2	1
03D6E9	0	1	06	1318	0	3	1
03D6EC	0	1	06	1318	0	2	1
03D6EE	0	1	06	1318	0	2	1
03D6F0	1	1	06	1318	0	2	1
03D6F2	1	1	06	1318	0	2	1
03D6F4	1	1	06	1318	0	2	1
03D6F6	1	1	06	1318	0	4	1
03D6FA	1	1	06	1318	0	2	1
03D6FC	1	1	06	1318	0	2	1
03D6FE	1	1	06	1318	0	3	1
03D701	1	1	06	1318	0	2	1
03D703	1	0	06	1318	0	2	1
03D705	1	0	06	1318	0	3	1
03D708	1	0	06	1318	0	2	1
03D70A	1	0	06	1318	0	2	1
03D70C	1	0	06	1318	0	2	1
03D70E	1	1	06	1318	0	3	1
03D711	1	0	06	1318	0	2	1
03D713	1	1	06	1318	0	1	1
03D71C	1	1	06	1318	0	2	1
03D71E	1	0	06	1318	0	2	1
03D720	1	0	06	1318	0	3	1
03D723	1	0	06	1318	0	2	1
03D725	1	0	06	1318	0	2	1
03D727	1	0	06	1318	0	2	1
03D729	1	0	06	1318	0	2	1
03D72B	1	0	06	1318	0	2	1
03D72D	1	1	06	1318	0	3	1
03D730	1	1	06	1318	0	4	1
03D734	1	1	06	1318	0	4	1
03D738	1	1	06	1318	0	2	1
03D74D	1	1	06	1318	0	4	1
03D751	1	1	06	1318	0	4	1
03D755	1	1	06	1318	0	1	1
03D756	1	1	06	1318	0	2	1
03D758	1	0	06	1318	0	2	1
03D75A	1	0	06	1318	0	3	1
03D75D	1	0	06	1318	0	2	1
03D75F	1	0	06	1318	0	2	1
03D761	1	0	06	1318	0	2	1
03D763	1	0	06	1318	0	2	1
03D765	1	0	06	1318	0	2	1
03D767	1	0	06	1318	0	2	1
03D769	0	0	06	1318	0	2	1
03D76B	0	0	06	1318	0	3	1
03D76E	0	0	06	1318	0	2	1
03D770	0	0	06	1318	0	2	1
03D772	0	0	06	1318	0	3	1
03D775	0	0	06	1318	0	1	1
03D776	0	0	06	1318	0	3	1
03D779	0	0	06	1318	0	2	1
03D77B	0	0	06	1318	0	3	1
03D77E	0	0	06	1318	0	1	1
03D77F	0	0	06	1318	0	3	1
03D782	0	0	06	1318	0	2	1
03D784	0	0	06	1318	0	2	1
03D786	0	1	06	1318	0	3	1
03D789	0	1	06	1318	0	2	1
03D78B	0	1	06	1318	0	2	1
03D78D	0	1	06	1318	0	2	1
03D78F	0	1	06	1318	0	3	1
03D792	0	1	06	1318	0	2	1
03D794	0	1	06	1318	0	2	1
03D796	0	1	06	1318	0	2	1
03D798	0	1	06	1318	0	2	1
03D79A	0	1	06	1318	0	3	1
03D79D	0	1	06	1318	0	2	1
03D79F	0	1	06	1318	0	2	1
03D7A1	1	1	06	1318	0	2	1
03D7A3	1	1	06	1318	0	2	1
03D7A5	1	1	06	1318	0	2	1
03D7A7	1	1	06	1318	0	2	1
03D7A9	1	1	06	1318	0	2	1
03D7AB	1	1	06	1318	0	2	1
03D7AD	1	1	06	1318	0	2	1
03D7AF	1	1	06	1318	0	2	1
03D7B1	1	1	06	1318	0	2	1
03D7B3	1	1	06	1318	0	4	1
03D7B7	1	1	06	1318	0	4	1
03D7BB	1	1	06	1318	0	2	1
03D7BD	1	1	06	1318	0	4	1
03D7C1	1	1	06	1318	0	2	1
03D7C3	1	1	06	1318	0	1	1
03D7C4	1	1	06	1318	0	3	1
03D7C7	1	1	06	1318	0	4	1
03D7CB	1	1	06	1318	0	2	1
03D7CD	1	1	06	1318	0	2	1
03D7CF	1	1	06	1318	0	2	1
03D7D1	1	1	06	1318	0	4	1
03D7D5	1	1	06	1318	0	1	1
03D7D6	1	1	06	1318	0	4	1
03D7DA	1	1	06	1318	0	2	1
03D7DC	1	1	06	1318	0	2	1
03D7DE	0	0	06	1318	0	2	1
03D7E0	0	0	06	1318	0	3	1
03D7E3	0	0	06	1318	0	1	1
03D7E4	0	0	06	1318	0	3	1
03D7E7	0	0	06	1318	0	2	1
03D7E9	0	0	06	1318	0	2	1
03D7EB	1	1	06	1318	0	2	1
03D7ED	1	1	06	1318	0	2	1
03D7EF	1	1	06	1318	0	2	1
03D7F1	1	1	06	1318	0	2	1
03D7F3	1	1	06	1318	0	2	1
03D7F5	1	1	06	1318	0	4	1
03D7F9	1	1	06	1318	0	2	1
03D7FB	1	1	06	1318	0	2	1
03D7FD	1	1	06	1318	0	2	1
03D7FF	1	1	06	1318	0	2	1
03D801	1	1	06	1318	0	2	1
03D803	1	1	06	1318	0	4	1
03D807	1	1	06	1318	0	2	1
03D809	0	1	06	1318	0	2	1
03D80B	0	1	06	1318	0	3	1
03D80E	0	1	06	1318	0	1	1
03D80F	0	1	06	1318	0	2	1
03D811	0	1	06	1318	0	2	1
03D813	1	1	06	1318	0	2	1
03D815	1	1	06	1318	0	4	1
03D819	1	1	06	1318	0	4	1
03D81D	1	1	06	1318	0	1	1
03D81E	1	1	06	1318	0	3	1
03D821	1	1	06	1318	0	4	1
03D825	1	1	06	1318	0	2	1
03D827	1	1	06	1318	0	2	1
03D829	1	1	06	1318	0	2	1
03D82B	1	1	06	1318	0	4	1
03D82F	1	1	06	1318	0	1	1
03D830	1	1	06	1318	0	4	1
03D834	1	1	06	1318	0	2	1
03D836	1	1	06	1318	0	2	1
03D838	0	0	06	1318	0	2	1
03D83A	0	0	06	1318	0	3	1
03D83D	0	0	06	1318	0	1	1
03D83E	0	0	06	1318	0	3	1
03D841	0	0	06	1318	0	2	1
03D843	0	0	06	1318	0	3	1
03D846	0	0	06	1318	0	1	1
03D847	0	0	06	1318	0	2	1
03D849	0	0	06	1318	0	2	1
03D84B	0	0	06	1318	0	3	1
03D84E	0	0	06	1318	0	1	1
03D84F	0	0	06	1318	0	3	1
03D852	0	0	06	1318	0	2	1
03D854	1	1	06	1318	0	2	1
03D856	1	1	06	1318	0	2	1
03D858	1	1	06	1318	0	2	1
03D85A	1	1	06	1318	0	4	1
03D85E	1	1	06	1318	0	2	1
03D860	1	1	06	1318	0	4	1
03D864	1	1	06	1318	0	4	1
03D868	1	1	06	1318	0	1	1
03D869	1	1	06	1318	0	4	1
03D86D	1	1	06	1318	0	1	1
03D86E	1	1	06	1318	0	2	1
03D870	1	1	06	1318	0	3	1
03D873	1	1	06	1318	0	2	1
03D875	1	0	06	1318	0	2	1
03D877	1	0	06	1318	0	3	1
03D87A	1	0	06	1318	0	2	1
03D87C	1	0	06	1318	0	2	1
03D87E	1	0	06	1318	0	3	1
03D881	1	0	06	1318	0	2	1
03D883	1	1	06	1318	0	3	1
03D890	1	1	06	1318	0	2	1
03D892	1	1	06	1318	0	2	1
03D894	1	1	06	1318	0	2	1
03D896	1	1	06	1318	0	2	1
03D898	1	1	06	1318	0	2	1
03D89A	1	1	06	1318	0	2	1
03D89C	1	1	06	1318	0	2	1
03D89E	1	1	06	1318	0	2	1
03D8A0	1	1	06	1318	0	2	1
03D8A2	1	1	06	1318	0	2	1
03D8A4	1	1	06	1318	0	4	1
03D8A8	1	1	06	1318	0	2	1
03D8AA	1	1	06	1318	0	2	1
03D8AC	0	1	06	1318	0	2	1
03D8AE	0	1	06	1318	0	3	1
03D8B1	0	1	06	1318	0	2	1
03D8B3	0	1	06	1318	0	3	1
03D8B6	0	1	06	1318	0	2	1
03D8B8	0	1	06	1318	0	2	1
03D8BA	1	1	06	1318	0	2	1
03D8BC	1	1	06	1318	0	2	1
03D8BE	1	1	06	1318	0	2	1
03D8C0	1	1	06	1318	0	4	1
03D8C4	1	1	06	1318	0	2	1
03D8C6	1	1	06	1318	0	2	1
03D8C8	1	1	06	1318	0	4	1
03D8CC	1	1	06	1318	0	3	1
03D8CF	1	1	06	1318	0	4	1
03D8D3	1	1	06	1318	0	2	1
03D8D5	1	1	06	1318	0	2	1
03D8D7	1	1	06	1318	0	2	1
03D8D9	1	1	06	1318	0	4	1
03D8DD	1	1	06	1318	0	1	1
03D8DE	1	1	06	1318	0	4	1
03D8E2	1	1	06	1318	0	2	1
03D8E4	1	1	06	1318	0	4	1
03D8E8	1	1	06	1318	0	2	1
03D8EA	1	1	06	1318	0	2	1
03D8EC	1	1	06	1318	0	2	1
03D8EE	1	1	06	1318	0	2	1
03D8F0	1	1	06	1318	0	4	1
03D8F4	1	1	06	1318	0	2	1
03D8F6	1	1	06	1318	0	2	1
03D8F8	1	1	06	1318	0	4	1
03D8FC	1	1	06	1318	0	4	1
03D900	1	1	06	1318	0	4	1
03D904	1	1	06	1318	0	2	1
03D906	1	1	06	1318	0	4	1
03D90A	1	1	06	1318	0	2	1
03D90C	1	1	06	1318	0	2	1
03D90E	1	1	06	1318	0	2	1
03D910	1	1	06	1318	0	4	1
03D914	1	1	06	1318	0	4	1
03D918	1	1	06	1318	0	1	1
03D919	1	1	06	1318	0	2	1
03D91B	1	0	06	1318	0	2	1
03D91D	1	0	06	1318	0	3	1
03D920	1	0	06	1318	0	2	1
03D922	1	1	06	1318	0	2	1
03D924	1	1	06	1318	0	2	1
03D926	1	1	06	1318	0	2	1
03D928	0	1	06	1318	0	2	1
03D92A	0	1	06	1318	0	2	1
03D92C	0	1	06	1318	0	2	1
03D92E	1	1	06	1318	0	2	1
03D930	1	1	06	1318	0	2	1
03D932	1	1	06	1318	0	2	1
03D934	1	1	06	1318	0	2	1
03D936	1	1	06	1318	0	2	1
03D938	1	1	06	1318	0	2	1
03D93A	1	1	06	1318	0	4	1
03D93E	1	1	06	1318	0	1	1
03D93F	1	1	06	1318	0	4	1
03D943	1	1	06	1318	0	2	1
03D945	0	0	06	1318	0	2	1
03D947	0	0	06	1318	0	3	1
03D94A	0	0	06	1318	0	1	1
03D94B	0	0	06	1318	0	3	1
03D94E	0	0	06	1318	0	2	1
03D950	0	0	06	1318	0	2	1
03D952	1	1	06	1318	0	2	1
03D954	1	1	06	1318	0	2	1
03D956	1	1	06	1318	0	4	1
03D95A	1	1	06	1318	0	2	1
03D95C	1	1	06	1318	0	2	1
03D95E	1	1	06	1318	0	4	1
03D962	1	1	06	1318	0	1	1
03D963	1	1	06	1318	0	4	1
03D967	1	1	06	1318	0	1	1
03D968	1	1	06	1318	0	2	1
03D96A	1	1	06	1318	0	3	1
03D96D	1	1	06	1318	0	3	1
03D97A	1	1	06	1318	0	2	1
03D97C	1	1	06	1318	0	2	1
03D97E	1	1	06	1318	0	2	1
03D980	1	1	06	1318	0	2	1
03D982	1	1	06	1318	0	2	1
03D984	1	1	06	1318	0	2	1
03D986	1	1	06	1318	0	2	1
03D988	1	1	06	1318	0	2	1
03D98A	1	1	06	1318	0	2	1
03D98C	1	1	06	1318	0	2	1
03D98E	1	1	06	1318	0	4	1
03D992	1	1	06	1318	0	2	1
03D994	1	1	06	1318	0	2	1
03D996	0	1	06	1318	0	2	1
03D998	0	1	06	1318	0	3	1
03D99B	0	1	06	1318	0	2	1
03D99D	0	1	06	1318	0	2	1
03D99F	1	1	06	1318	0	2	1
03D9A1	1	1	06	1318	0	2	1
03D9A3	1	1	06	1318	0	2	1
03D9A5	1	1	06	1318	0	2	1
03D9A7	1	1	06	1318	0	4	1
03D9AB	1	1	06	1318	0	2	1
03D9AD	1	1	06	1318	0	4	1
03D9B1	1	1	06	1318	0	2	1
03D9B3	1	1	06	1318	0	2	1
03D9B5	1	1	06	1318	0	2	1
03D9B7	1	1	06	1318	0	1	1
03D9B8	1	1	06	1318	0	2	1
03D9BA	0	0	06	1318	0	2	1
03D9BC	0	0	06	1318	0	3	1
03D9BF	0	0	06	1318	0	1	1
03D9C0	0	0	06	1318	0	3	1
03D9C3	0	0	06	1318	0	2	1
03D9C5	0	0	06	1318	0	2	1
03D9C7	0	0	06	1318	0	3	1
03D9CA	0	0	06	1318	0	2	1
03D9CC	0	0	06	1318	0	3	1
03D9CF	0	0	06	1318	0	2	1
03D9D1	0	0	06	1318	0	2	1
03D9D3	1	0	06	1318	0	2	1
03D9D5	1	0	06	1318	0	3	1
03D9D8	1	0	06	1318	0	2	1
03D9DA	1	1	06	1318	0	2	1
03D9DC	1	1	06	1318	0	2	1
03D9DE	1	1	06	1318	0	2	1
03D9E0	1	1	06	1318	0	2	1
03D9E2	1	1	06	1318	0	2	1
03D9E4	1	1	06	1318	0	2	1
03D9E6	1	1	06	1318	0	2	1
03D9E8	0	0	06	1318	0	2	1
03D9EA	1	1	06	1318	0	4	1
03D9EE	1	1	06	1318	0	2	1
03D9F0	1	1	06	1318	0	2	1
03D9F2	0	1	06	1318	0	3	1
03D9F5	0	1	06	1318	0	2	1
03D9F7	0	1	06	1318	0	2	1
03D9F9	1	1	06	1318	0	4	1
03D9FD	1	1	06	1318	0	4	1
03DA01	1	1	06	1318	0	1	1
03DA02	1	1	06	1318	0	2	1
03DA04	1	1	06	1318	0	2	1
03DA06	1	1	06	1318	0	2	1
03DA08	1	1	06	1318	0	2	1
03DA0A	1	1	06	1318	0	2	1
03DA0C	1	1	06	1318	0	2	1
03DA0E	1	1	06	1318	0	2	1
03DA10	1	1	06	1318	0	4	1
03DA14	1	1	06	1318	0	1	1
03DA15	1	1	06	1318	0	2	1
03DA17	1	1	06	1318	0	2	1
03DA19	1	1	06	1318	0	4	1
03DA1D	1	1	06	1318	0	4	1
03DA21	1	1	06	1318	0	1	1
03DA22	1	1	06	1318	0	4	1
03DA26	1	1	06	1318	0	1	1
03DA27	1	1	06	1418	0	2	1
03DA29	1	1	06	1418	0	2	1
03DA2B	1	1	06	1418	0	2	1
03DA2D	1	1	06	1418	0	3	1
03DA30	1	1	06	1418	0	2	1
03DA32	1	1	06	1418	0	1	1
03DA3B	1	1	06	1418	0	2	1
03DA3D	1	1	06	1418	0	2	1
03DA3F	1	1	06	1418	0	2	1
03DA41	1	1	06	1418	0	2	1
03DA43	1	1	06	1418	0	2	1
03DA45	1	1	06	1418	0	4	1
03DA49	1	1	06	1418	0	2	1
03DA4B	1	1	06	1418	0	2	1
03DA4D	1	1	06	1418	0	2	1
03DA4F	1	1	06	1418	0	2	1
03DA51	1	1	06	1418	0	2	1
03DA53	1	1	06	1418	0	4	1
03DA57	1	1	06	1418	0	2	1
03DA59	1	1	06	1418	0	2	1
03DA5B	1	1	06	1418	0	2	1
03DA5D	1	1	06	1418	0	2	1
03DA5F	1	1	06	1418	0	2	1
03DA61	0	1	06	1418	0	3	1
03DA64	0	1	06	1418	0	3	1
03DA67	0	1	06	1418	0	3	1
03DA6A	0	1	06	1418	0	3	1
03DA6D	0	1	06	1418	0	2	1
03DA6F	0	1	06	1418	0	3	1
03DA72	0	1	06	1418	0	2	1
03DA74	0	1	06	1418	0	3	1
03DA77	0	1	06	1418	0	3	1
03DA7A	0	1	06	1418	0	3	1
03DA7D	0	1	06	1418	0	4	1
03DA81	0	1	06	1418	0	3	1
03DA84	0	1	06	1418	0	2	1
03DA86	0	1	06	1418	0	3	1
03DA89	0	1	06	1418	0	2	1
03DA8B	0	1	06	1418	0	3	1
03DA8E	0	1	06	1418	0	2	1
03DA90	0	1	06	1418	0	2	1
03DA92	1	1	06	1418	0	2	1
03DA94	1	1	06	1418	0	2	1
03DA96	1	1	06	1418	0	2	1
03DA98	1	1	06	1418	0	2	1
03DA9A	1	1	06	1418	0	2	1
03DA9C	1	1	06	1418	0	2	1
03DA9E	1	1	06	1418	0	2	1
03DAA0	1	1	06	1418	0	2	1
03DAA2	1	1	06	1418	0	4	1
03DAA6	1	1	06	1418	0	2	1
03DAA8	1	1	06	1418	0	2	1
03DAAA	1	1	06	1418	0	4	1
03DAAE	1	1	06	1418	0	2	1
03DAB0	0	1	06	1418	0	2	1
03DAB2	0	1	06	1418	0	3	1
03DAB5	0	1	06	1418	0	2	1
03DAB7	0	1	06	1418	0	3	1
03DABA	0	1	06	1418	0	2	1
03DABC	0	1	06	1418	0	2	1
03DABE	1	1	06	1418	0	4	1
03DAC2	1	1	06	1418	0	2	1
03DAC4	1	1	06	1418	0	2	1
03DAC6	1	1	06	1418	0	2	1
03DAC8	1	1	06	1418	0	2	1
03DACA	1	1	06	1418	0	2	1
03DACC	1	1	06	1418	0	2	1
03DACE	1	1	06	1418	0	2	1
03DAD0	1	1	06	1418	0	2	1
03DAD2	1	1	06	1418	0	2	1
03DAD4	1	1	06	1418	0	2	1
03DAD6	1	1	06	1418	0	2	1
03DAD8	1	1	06	1418	0	2	1
03DADA	1	1	06	1418	0	2	1
03DADC	1	1	06	1418	0	2	1
03DADE	1	1	06	1418	0	2	1
03DAE0	1	1	06	1418	0	2	1
03DAEC	1	1	06	1418	0	2	1
03DAEE	1	1	06	1418	0	2	1
03DAF0	1	1	06	1418	0	2	1
03DAFA	1	1	06	1418	0	4	1
03DAFE	1	1	06	1418	0	1	1
03DAFF	1	1	06	1418	0	2	1
03DB0A	1	1	06	1418	0	4	1
03DB0E	1	1	06	1418	0	4	1
03DB12	1	1	06	1418	0	1	1
03DB13	1	1	06	1418	0	2	1
03DB15	1	1	06	1418	0	2	1
03DB17	1	1	06	1418	0	2	1
03DB19	1	0	06	1418	0	4	1
03DB1D	1	0	06	1418	0	2	1
03DB1F	1	0	06	1418	0	3	1
03DB22	1	0	06	1418	0	2	1
03DB24	1	0	06	1418	0	3	1
03DB27	1	0	06	1418	0	2	1
03DB29	1	0	06	1418	0	3	1
03DB2C	1	0	06	1418	0	2	1
03DB2E	1	0	06	1418	0	3	1
03DB31	1	0	06	1418	0	2	1
03DB33	1	0	06	1418	0	3	1
03DB36	1	0	06	1418	0	2	1
03DB38	0	0	06	1418	0	2	1
03DB3A	0	0	06	1418	0	3	1
03DB3D	0	0	06	1418	0	2	1
03DB3F	0	0	06	1418	0	3	1
03DB42	0	0	06	1418	0	2	1
03DB44	1	0	06	1418	0	2	1
03DB46	1	0	06	1418	0	3	1
03DB49	1	0	06	1418	0	3	1
03DB4C	1	0	06	1418	0	2	1
03DB4E	1	0	06	1418	0	2	1
03DB50	1	1	06	1418	0	1	1
03DB51	1	1	06	1418	0	2	1
03DB53	1	1	06	1418	0	2	1
03DB55	1	1	06	1418	0	4	1
03DB59	1	1	06	1418	0	2	1
03DB5B	1	1	06	1418	0	1	1
03DB5C	1	1	06	1418	0	1	1
03DB5D	1	1	06	1418	0	3	1
03DB60	1	1	06	1418	0	2	1
03DB62	1	0	06	1418	0	2	1
03DB64	1	0	06	1418	0	3	1
03DB67	1	0	06	1418	0	1	1
03DB68	1	0	06	1418	0	3	1
03DB6B	1	0	06	1418	0	2	1
03DB6D	1	0	06	1418	0	2	1
03DB6F	1	0	06	1418	0	2	1
03DB71	1	0	06	1418	0	2	1
03DB73	1	0	06	1398	0	3	1
03DB76	1	0	06	1398	0	1	1
03DB77	1	0	06	1398	0	2	1
03DB79	1	0	06	1398	0	2	1
03DB7B	1	0	06	1398	0	2	1
03DB7D	1	0	06	1398	0	2	1
03DB7F	1	0	06	1418	0	3	1
03DB82	1	0	06	1418	0	1	1
03DB83	1	0	06	1418	0	2	1
03DB85	1	0	06	1418	0	2	1
03DB87	1	0	06	1418	0	2	1
03DB89	1	0	06	1418	0	2	1
03DB8B	1	1	06	1418	0	2	1
03DB8D	1	1	06	1418	0	3	1
03DB90	1	1	06	1418	0	4	1
03DB94	1	1	06	1418	0	2	1
03DB96	1	1	06	1418	0	2	1
03DB98	1	1	06	1418	0	2	1
03DB9A	1	1	06	1418	0	3	1
03DB9D	1	1	06	1418	0	2	1
03DB9F	1	1	06	1418	0	2	1
03DBA1	0	0	06	1418	0	2	1
03DBA3	0	0	06	1418	0	1	1
03DBA4	0	0	06	1418	0	3	1
03DBA7	0	0	06	1418	0	1	1
03DBA8	0	0	06	1418	0	3	1
03DBAB	0	0	06	1418	0	3	1
03DBAE	0	0	06	1418	0	3	1
03DBB1	0	0	06	1418	0	2	1
03DBB3	0	0	06	1418	0	3	1
03DBB6	0	0	06	1418	0	3	1
03DBB9	0	0	06	1418	0	1	1
03DBBA	0	0	06	1418	0	1	1
03DBBB	0	0	06	1418	0	3	1
03DBBE	0	0	06	1418	0	2	1
03DBC0	0	0	06	1418	0	3	1
03DBC3	0	0	06	1418	0	3	1
03DBC6	0	0	06	1418	0	3	1
03DBC9	0	0	06	1418	0	2	1
03DBCE	0	0	06	1418	0	3	1
03DBD1	0	0	06	1418	0	1	1
03DBD2	0	0	06	1418	0	1	1
03DBD3	0	0	06	1418	0	3	1
03DBD6	0	0	06	1418	0	2	1
03DBD8	0	0	06	1418	0	3	1
03DBDB	0	0	06	1418	0	3	1
03DBDE	0	0	06	1418	0	1	1
03DBDF	0	0	06	1418	0	3	1
03DBE2	0	0	06	1418	0	3	1
03DBE5	0	0	06	1418	0	3	1
03DBE8	0	0	06	1418	0	2	1
03DBEA	0	0	06	1418	0	3	1
03DBED	0	0	06	1418	0	3	1
03DBF0	0	0	06	1418	0	1	1
03DBF1	0	0	06	1418	0	1	1
03DBF2	0	0	06	1418	0	2	1
03DBF4	0	0	06	1418	0	2	1
03DBF6	0	0	06	1418	0	3	1
03DBF9	0	0	06	1418	0	3	1
03DBFC	0	0	06	1418	0	3	1
03DBFF	0	0	06	1418	0	2	1
03DC04	0	0	06	1418	0	3	1
03DC07	0	0	06	1418	0	1	1
03DC08	0	0	06	1418	0	1	1
03DC09	0	0	06	1418	0	2	1
03DC0B	0	0	06	1418	0	2	1
03DC0D	0	0	06	1418	0	2	1
03DC0F	1	1	06	1418	0	4	1
03DC13	1	1	06	1418	0	1	1
03DC14	1	1	06	1418	0	2	1
03DC16	1	1	06	1418	0	4	1
03DC1A	1	1	06	1418	0	4	1
03DC1E	1	1	06	1418	0	2	1
03DC2A	1	1	06	1418	0	2	1
03DC2C	1	0	06	1418	0	2	1
03DC2E	1	0	06	1418	0	2	1
03DC30	1	0	06	1418	0	3	1
03DC33	1	0	06	1418	0	2	1
03DC35	1	1	06	1418	0	4	1
03DC39	1	1	06	1418	0	4	1
03DC3D	1	1	06	1418	0	1	1
03DC3E	1	1	06	1418	0	4	1
03DC42	1	1	06	1418	0	1	1
03DC43	1	1	06	1318	0	2	1
03DC45	1	1	06	1318	0	2	1
03DC47	1	1	06	1318	0	2	1
03DC49	1	1	06	1318	0	4	1
03DC4D	1	1	06	1318	0	2	1
03DC4F	1	1	06	1318	0	2	1
03DC51	1	1	06	1318	0	2	1
03DC53	1	1	06	1318	0	4	1
03DC57	1	1	06	1318	0	2	1
03DC59	1	1	06	1318	0	2	1
03DC5B	1	1	06	1318	0	2	1
03DC5D	1	1	06	1318	0	2	1
03DC5F	1	1	06	1318	0	2	1
03DC61	1	1	06	1318	0	2	1
03DC63	1	1	06	1318	0	2	1
03DC65	1	1	06	1318	0	2	1
03DC67	1	1	06	1318	0	2	1
03DC69	1	1	06	1318	0	2	1
03DC6B	1	1	06	1318	0	2	1
03DC6D	1	1	06	1318	0	4	1
03DC71	1	1	06	1318	0	2	1
03DC73	1	1	06	1318	0	2	1
03DC75	1	1	06	1318	0	2	1
03DC77	1	1	06	1318	0	2	1
03DC79	1	1	06	1318	0	2	1
03DC7B	1	1	06	1318	0	2	1
03DC7D	1	1	06	1318	0	2	1
03DC7F	1	1	06	1318	0	4	1
03DC83	1	1	06	1318	0	1	1
03DC84	1	1	06	1318	0	2	1
03DC86	0	1	06	1318	0	3	1
03DC89	0	1	06	1318	0	3	1
03DC8C	0	1	06	1318	0	2	1
03DC8E	0	1	06	1318	0	2	1
03DC90	1	1	06	1318	0	4	1
03DC94	1	1	06	1318	0	4	1
03DC98	1	1	06	1318	0	4	1
03DC9C	1	1	06	1318	0	1	1
03DC9D	1	1	06	1398	0	2	1
03DC9F	1	1	06	1398	0	3	1
03DCA6	1	1	06	1398	0	2	1
03DCA8	1	1	06	1398	0	2	1
03DCAA	1	1	06	1398	0	2	1
03DCAC	1	1	06	1398	0	2	1
03DCAE	1	1	06	1398	0	2	1
03DCB0	1	1	06	1398	0	2	1
03DCB2	1	1	06	1398	0	2	1
03DCB4	1	1	06	1398	0	2	1
03DCB6	1	1	06	1398	0	2	1
03DCB8	1	1	06	1398	0	2	1
03DCBA	1	1	06	1398	0	2	1
03DCBC	1	1	06	1398	0	4	1
03DCC0	1	1	06	1398	0	1	1
03DCC1	1	1	06	1398	0	2	1
03DCC3	1	1	06	1398	0	2	1
03DCC5	1	1	06	1398	0	2	1
03DCC7	0	1	06	1398	0	3	1
03DCCA	0	1	06	1398	0	2	1
03DCCC	0	1	06	1398	0	2	1
03DCCE	1	1	06	1398	0	2	1
03DCD0	1	1	06	1398	0	2	1
03DCD2	1	1	06	1398	0	2	1
03DCD4	1	1	06	1398	0	4	1
03DCD8	1	1	06	1398	0	2	1
03DCDA	1	1	06	1398	0	2	1
03DCDC	1	1	06	1398	0	4	1
03DCE0	1	1	06	1398	0	4	1
03DCE4	1	1	06	1398	0	4	1
03DCE8	1	1	06	1398	0	1	1
03DCE9	1	1	06	1398	0	4	1
03DCED	1	1	06	1398	0	1	1
03DCEE	1	1	06	1318	0	2	1
03DCF0	1	1	06	1318	0	2	1
03DCF2	1	1	06	1318	0	2	1
03DCF4	1	1	06	1318	0	4	1
03DCF8	1	1	06	1318	0	2	1
03DCFA	1	1	06	1318	0	2	1
03DCFC	1	1	06	1318	0	2	1
03DCFE	1	1	06	1318	0	4	1
03DD02	1	1	06	1318	0	2	1
03DD04	1	1	06	1318	0	2	1
03DD06	1	1	06	1318	0	2	1
03DD08	1	1	06	1318	0	2	1
03DD0A	1	1	06	1318	0	2	1
03DD0C	1	1	06	1318	0	2	1
03DD0E	1	1	06	1318	0	2	1
03DD10	1	1	06	1318	0	2	1
03DD12	1	1	06	1318	0	2	1
03DD14	1	1	06	1318	0	2	1
03DD16	1	1	06	1318	0	2	1
03DD18	1	1	06	1318	0	4	1
03DD1C	1	1	06	1318	0	2	1
03DD1E	1	1	06	1318	0	2	1
03DD20	1	1	06	1318	0	2	1
03DD22	1	1	06	1318	0	2	1
03DD24	1	1	06	1318	0	2	1
03DD26	1	1	06	1318	0	2	1
03DD28	1	1	06	1318	0	2	1
03DD2A	1	1	06	1318	0	4	1
03DD2E	1	1	06	1318	0	1	1
03DD2F	1	1	06	1318	0	2	1
03DD31	0	1	06	1318	0	3	1
03DD34	0	1	06	1318	0	3	1
03DD37	0	1	06	1318	0	2	1
03DD39	0	1	06	1318	0	2	1
03DD3B	1	1	06	1318	0	4	1
03DD3F	1	1	06	1318	0	4	1
03DD43	1	1	06	1318	0	4	1
03DD47	1	1	06	1318	0	1	1
03DD48	1	1	06	1318	0	4	1
03DD4C	1	1	06	1318	0	2	1
03DD52	1	1	06	1318	0	1	1
03DD53	1	1	06	1318	0	1	1
03DD54	1	1	06	1318	0	2	1
03DD56	1	1	06	1318	0	4	1
03DD5A	1	0	06	1318	0	2	1
03DD5C	1	0	06	1318	0	3	1
03DD5F	1	0	06	1318	0	2	1
03DD61	1	0	06	1318	0	3	1
03DD64	1	0	06	1318	0	2	1
03DD66	1	0	06	1318	0	3	1
03DD69	1	0	06	1318	0	3	1
03DD6C	1	0	06	1318	0	2	1
03DD6E	1	0	06	1318	0	3	1
03DD71	1	0	06	1318	0	2	1
03DD73	0	0	06	1318	0	2	1
03DD75	0	0	06	1318	0	3	1
03DD78	0	0	06	1318	0	2	1
03DD7A	0	0	06	1318	0	3	1
03DD7D	0	0	06	1318	0	4	1
03DD81	0	0	06	1318	0	3	1
03DD84	0	0	06	1318	0	2	1
03DD86	0	0	06	1318	0	3	1
03DD89	0	0	06	1318	0	2	1
03DD8B	0	0	06	1318	0	1	1
03DD8C	0	0	06	1318	0	3	1
03DD8F	0	0	06	1318	0	2	1
03DD91	0	0	06	1318	0	2	1
03DD93	0	0	06	1318	0	3	1
03DD96	0	0	06	1318	0	1	1
03DD97	0	0	06	1318	0	3	1
03DD9A	0	0	06	1318	0	3	1
03DD9D	0	0	06	1318	0	2	1
03DD9F	1	0	06	1318	0	3	1
03DDA2	1	0	06	1318	0	2	1
03DDA4	1	0	06	1318	0	3	1
03DDA7	1	0	06	1318	0	1	1
03DDA8	1	1	06	1318	0	1	1
03DDA9	1	1	06	1318	0	2	1
03DDAB	1	1	06	1318	0	4	1
03DDAF	1	1	06	1318	0	2	1
03DDB1	1	1	06	1318	0	2	1
03DDB3	1	1	06	1318	0	2	1
03DDB5	1	1	06	1318	0	2	1
03DDB7	1	1	06	1318	0	1	1
03EAC3	1	1	06	1838	0	2	1
03EAC5	1	1	06	1838	0	2	1
03EAC7	1	1	06	1838	0	2	1
03EAC9	1	1	06	1838	0	2	1
03EACB	1	1	06	1838	0	2	1
03EACD	1	1	06	1838	0	1	1
03EACE	1	1	06	1838	0	1	1
03EACF	1	1	06	1838	0	1	1
03EAD0	1	1	06	1838	0	3	1
03EAD3	1	1	06	1838	0	1	1
03EAD4	1	1	06	1838	0	2	1
03EAD6	1	1	06	1838	0	4	1
03EADA	1	1	06	1838	0	4	1
03EADE	1	1	06	1838	0	2	1
03EAE0	1	1	06	1838	0	2	1
03EAE2	1	1	06	1838	0	2	1
03EAE4	1	1	06	1838	0	2	1
03EAE6	1	1	06	1838	0	2	1
03EAE8	1	1	06	1838	0	2	1
03EAEA	1	1	06	1838	0	4	1
03EAEE	1	1	06	1838	0	2	1
03EAF0	1	1	06	1838	0	2	1
03EAF2	1	1	06	1838	0	3	1
03EAF5	1	1	06	1838	0	2	1
03EAF7	1	1	06	1838	0	3	1
03EAFA	1	1	06	1838	0	2	1
03EAFC	1	1	06	1838	0	3	1
03EAFF	1	1	06	1838	0	4	1
03EB03	1	1	06	1838	0	2	1
03EB05	1	1	06	1838	0	3	1
03EB28	1	1	06	1838	0	2	1
03EB2A	1	1	06	1838	0	2	1
03EB2C	1	1	06	1838	0	4	1
03EB30	1	1	06	1838	0	4	1
03EB34	1	1	06	1838	0	4	1
03EB38	1	1	06	18B8	0	2	1
03EB3A	1	1	06	18B8	0	2	1
03EB3C	1	1	06	18B8	0	4	1
03EB40	1	1	06	18B8	0	4	1
03EB44	1	1	06	1818	0	4	1
03EB48	1	1	06	1818	0	4	1
03EB58	1	1	06	1918	0	2	1
03EB5A	0	0	06	1918	0	2	1
03EB5C	0	0	06	1918	0	3	1
03EB5F	0	0	06	1918	0	2	1
03EB61	0	0	06	1918	0	4	1
03EB65	0	0	06	1918	0	3	1
03EB68	0	0	06	1918	0	3	1
03EB6B	0	0	06	1918	0	3	1
03EB6E	0	0	06	1918	0	2	1
03EB70	0	0	06	1918	0	3	1
03EB73	0	0	06	1918	0	2	1
03EB75	0	0	06	1918	0	3	1
03EB78	0	0	06	1918	0	2	1
03EB7A	0	0	06	1918	0	2	1
03EB7C	1	1	06	1918	0	4	1
03EB80	1	1	06	1918	0	4	1
03EB84	1	1	06	1878	0	2	1
03EB86	1	1	06	1878	0	2	1
03EB88	1	1	06	1858	0	4	1
03EB8C	1	1	06	1878	0	4	1
03EB90	1	1	06	1878	0	4	1
03EB94	1	1	06	1878	0	4	1
03EB98	1	1	06	19B8	0	2	1
03EB9A	1	1	06	19B8	0	2	1
03EB9C	1	1	06	1818	0	2	1
03EB9E	1	1	06	1818	0	4	1
03EBA2	1	1	06	1818	0	2	1
03EBA4	1	1	06	1818	0	2	1
03EBA6	1	1	06	19B8	0	4	1
03EBAA	1	1	06	19B8	0	2	1
03EBAC	1	1	06	19B8	0	2	1
03EBAF	1	1	06	19B8	0	4	1
03EBC3	1	1	06	18D8	0	2	1
03EBC5	1	1	06	18D8	0	2	1
03EBC7	1	1	06	18D8	0	4	1
03EBCB	1	1	06	18D8	0	4	1
03EBCF	1	1	06	18D8	0	4	1
03EBD3	1	1	06	18D8	0	4	1
03EBD7	1	1	06	18D8	0	2	1
03EBD9	0	0	06	18D8	0	2	1
03EBDB	0	0	06	18D8	0	3	1
03EBDE	0	0	06	18D8	0	2	1
03EBE0	0	0	06	18D8	0	3	1
03EBE3	0	0	06	18D8	0	2	1
03EBE5	0	0	06	18D8	0	2	1
03EBE7	1	1	06	18D8	0	2	1
03EBE9	1	1	06	18D8	0	2	1
03EBEB	1	1	06	18D8	0	4	1
03EBEF	1	1	06	18D8	0	4	1
03EBF3	1	1	06	18D8	0	4	1
03ECBE	1	1	06	1838	0	2	1
03ECC0	1	1	06	1838	0	3	1
03ECD3	1	1	06	19B8	0	2	1
03ECD5	1	1	06	19B8	0	3	1
03ECD8	1	1	06	19B8	0	3	1
03ECE3	1	1	06	1898	0	2	1
03ECE5	1	1	06	1898	0	2	1
03ECE7	1	1	06	1898	0	2	1
03ECE9	1	1	06	1898	0	2	1
03ECEB	1	1	06	1898	0	2	1
03ECED	1	1	06	1898	0	2	1
03ECEF	1	1	06	1898	0	4	1
03ECF3	1	1	06	1898	0	2	1
03ECF5	1	1	06	1898	0	2	1
03ECF7	0	1	06	1898	0	3	1
03ECFA	0	1	06	1898	0	2	1
03ECFC	0	1	06	1898	0	2	1
03ED01	0	1	06	1898	0	2	1
03ED03	0	1	06	1898	0	2	1
03ED05	0	1	06	1898	0	2	1
03ED07	1	1	06	1898	0	2	1
03ED09	1	1	06	1898	0	2	1
03ED0B	1	1	06	1898	0	2	1
03ED0D	1	1	06	1898	0	2	1
03ED0F	1	1	06	1898	0	2	1
03ED11	1	1	06	1898	0	2	1
03ED13	1	1	06	1898	0	4	1
03ED17	1	1	06	1898	0	1	1
03ED18	1	1	06	1978	0	2	1
03ED1A	0	0	06	1978	0	2	1
03ED1C	0	0	06	1978	0	3	1
03ED1F	0	0	06	1978	0	1	1
03ED20	0	0	06	1978	0	3	1
03ED23	0	0	06	1978	0	2	1
03ED25	0	0	06	1978	0	2	1
03ED27	1	1	06	1978	0	4	1
03ED2B	1	1	06	1978	0	2	1
03ED2D	1	1	06	1998	0	2	1
03ED2F	1	1	06	1998	0	4	1
03ED33	1	1	06	1998	0	2	1
03ED35	1	1	06	1998	0	2	1
03ED37	1	1	06	1998	0	2	1
03ED39	1	1	06	1998	0	4	1
03ED3D	1	1	06	1998	0	1	1
03ED3E	1	1	06	19B8	0	2	1
03ED40	0	0	06	19B8	0	2	1
03ED42	0	0	06	19B8	0	3	1
03ED45	0	0	06	19B8	0	1	1
03ED46	0	0	06	19B8	0	3	1
03ED49	0	0	06	19B8	0	2	1
03ED4B	0	0	06	19B8	0	2	1
03ED4D	1	1	06	19B8	0	3	1
03ED50	1	1	06	19B8	0	4	1
03ED54	1	1	06	19B8	0	2	1
03ED56	1	1	06	19B8	0	2	1
03ED58	1	1	06	19B8	0	2	1
03ED5A	1	1	06	19B8	0	2	1
03ED5C	1	1	06	19B8	0	2	1
03ED5E	1	1	06	19B8	0	4	1
03ED62	1	1	06	19B8	0	2	1
03ED64	0	0	06	19B8	0	2	1
03ED66	0	0	06	19B8	0	3	1
03ED69	0	0	06	19B8	0	1	1
03ED6A	0	0	06	19B8	0	3	1
03ED6D	0	0	06	19B8	0	2	1
03ED6F	0	0	06	19B8	0	2	1
03ED71	1	1	06	19B8	0	4	1
03ED75	1	1	06	19B8	0	2	1
03ED77	1	1	06	19B8	0	4	1
03ED7B	1	1	06	19B8	0	1	1
03ED7C	1	1	06	19B8	0	2	1
03ED7E	0	0	06	19B8	0	2	1
03ED80	0	0	06	19B8	0	3	1
03ED83	0	0	06	19B8	0	1	1
03ED84	0	0	06	19B8	0	2	1
03ED86	0	0	06	19B8	0	2	1
03ED8C	0	0	06	19B8	0	3	1
03ED8F	0	0	06	19B8	0	2	1
03ED91	1	1	06	19B8	0	2	1
03ED93	1	1	06	19B8	0	3	1
03ED96	1	1	06	19B8	0	4	1
03ED9A	1	1	06	19B8	0	1	1
03ED9B	1	1	06	19B8	0	4	1
03ED9F	1	1	06	19B8	0	1	1
03EDA0	1	1	06	19B8	0	2	1
03EDA2	1	1	06	19B8	0	3	1
03EDA5	1	1	06	19B8	0	2	1
03EDA7	1	0	06	19B8	0	2	1
03EDA9	1	0	06	19B8	0	3	1
03EDAC	1	0	06	19B8	0	2	1
03EDAE	1	0	06	19B8	0	2	1
03EDB0	1	0	06	1958	0	2	1
03EDB2	1	1	06	1958	0	3	1
03EDB5	1	0	06	19B8	0	2	1
03EDB7	1	1	06	19B8	0	3	1
03EDC2	1	1	06	19B8	0	2	1
03EDC4	1	1	06	19B8	0	2	1
03EDC6	1	1	06	19B8	0	2	1
03EDC8	1	1	06	19B8	0	2	1
03EDCA	1	1	06	19B8	0	2	1
03EDCC	1	1	06	19B8	0	2	1
03EDCE	1	1	06	19B8	0	4	1
03EDD2	1	1	06	19B8	0	2	1
03EDD4	1	1	06	19B8	0	2	1
03EDD6	0	1	06	19B8	0	3	1
03EDD9	0	1	06	19B8	0	2	1
03EDDB	0	1	06	19B8	0	2	1
03EDDD	0	1	06	19B8	0	3	1
03EDE0	0	1	06	19B8	0	2	1
03EDE2	0	1	06	19B8	0	2	1
03EDE4	0	0	06	19B8	0	2	1
03EDE6	0	0	06	19B8	0	3	1
03EDE9	0	0	06	19B8	0	1	1
03EDEA	0	0	06	19B8	0	3	1
03EDED	0	0	06	19B8	0	2	1
03EDEF	0	0	06	19B8	0	2	1
03EDF1	1	1	06	19B8	0	2	1
03EDF3	1	1	06	19B8	0	2	1
03EDF5	1	1	06	19B8	0	2	1
03EDF7	1	1	06	19B8	0	2	1
03EDF9	1	1	06	19B8	0	2	1
03EDFB	1	1	06	19B8	0	2	1
03EDFD	1	1	06	19B8	0	4	1
03EE01	1	1	06	19B8	0	1	1
03EE02	1	1	06	1898	0	4	1
03EE06	1	1	06	1898	0	2	1
03EE08	1	1	06	1898	0	2	1
03EE0A	1	1	06	1898	0	4	1
03EE0E	1	1	06	1898	0	2	1
03EE10	1	1	06	1898	0	2	1
03EE12	1	1	06	1898	0	2	1
03EE14	1	1	06	1898	0	4	1
03EE18	1	1	06	1898	0	1	1
03EE19	1	1	06	19B8	0	3	1
03EE1C	1	1	06	19B8	0	4	1
03EE20	1	1	06	19B8	0	2	1
03EE22	1	1	06	19B8	0	2	1
03EE24	0	1	06	19B8	0	2	1
03EE26	0	1	06	19B8	0	3	1
03EE29	0	1	06	19B8	0	1	1
03EE2A	0	1	06	19B8	0	2	1
03EE2C	0	1	06	19B8	0	2	1
03EE2E	1	1	06	19B8	0	2	1
03EE30	1	1	06	19B8	0	2	1
03EE32	1	1	06	19B8	0	2	1
03EE34	1	1	06	19B8	0	4	1
03EE38	1	1	06	19B8	0	4	1
03EE3C	1	1	06	19B8	0	1	1
03EE60	1	1	06	19B8	0	2	1
03EE62	0	0	06	19B8	0	2	1
03EE64	0	0	06	19B8	0	3	1
03EE67	0	0	06	19B8	0	1	1
03EE68	0	0	06	19B8	0	2	1
03EE6A	0	0	06	19B8	0	2	1
03EE6C	0	0	06	19B8	0	3	1
03EE6F	0	0	06	19B8	0	1	1
03EE70	0	0	06	19B8	0	3	1
03EE73	0	0	06	19B8	0	2	1
03EE75	1	1	06	19B8	0	2	1
03EE77	1	1	06	19B8	0	3	1
03EE7A	1	1	06	19B8	0	4	1
03EE7E	1	1	06	19B8	0	4	1
03EE82	1	1	06	19B8	0	1	1
03EE83	1	1	06	1958	0	4	1
03EE87	1	1	06	1958	0	1	1
03EE88	1	1	06	19D8	0	2	1
03EE8A	1	1	06	19D8	0	3	1
03EE8D	1	1	06	19D8	0	3	1
03EE9A	1	1	06	1918	0	2	1
03EE9C	1	1	06	1918	0	2	1
03EE9E	1	1	06	1918	0	2	1
03EEA0	1	1	06	1918	0	2	1
03EEA2	1	1	06	1918	0	2	1
03EEA4	1	1	06	18D8	0	2	1
03EEA6	1	1	06	18D8	0	4	1
03EEAA	1	1	06	18D8	0	2	1
03EEAC	1	1	06	18D8	0	2	1
03EEAE	0	1	06	18D8	0	3	1
03EEB1	0	1	06	18D8	0	2	1
03EEB3	0	1	06	18D8	0	2	1
03EEB5	1	1	06	18D8	0	2	1
03EEB7	1	1	06	18D8	0	2	1
03EEB9	1	1	06	18D8	0	2	1
03EEBB	1	1	06	18D8	0	2	1
03EEBD	1	1	06	18D8	0	2	1
03EEBF	1	1	06	18D8	0	4	1
03EEC3	1	1	06	18D8	0	1	1
03EEC4	1	1	06	1898	0	2	1
03EEC6	1	0	06	1898	0	2	1
03EEC8	1	0	06	1898	0	3	1
03EECB	1	0	06	1898	0	2	1
03EECD	1	0	06	1898	0	2	1
03EEDD	1	0	06	1898	0	2	1
03EEDF	1	1	06	1898	0	2	1
03EEE1	1	1	06	1898	0	4	1
03EEE5	1	1	06	1898	0	2	1
03EEE7	1	1	06	1898	0	2	1
03EEE9	1	1	06	1898	0	2	1
03EEEB	1	1	06	1898	0	4	1
03EEEF	1	1	06	1898	0	1	1
03EEF0	1	1	06	1998	0	2	1
03EEF2	1	0	06	1998	0	2	1
03EEF4	1	0	06	1998	0	3	1
03EEF7	1	0	06	1998	0	2	1
03EEF9	1	0	06	1998	0	2	1
03EF09	1	0	06	1998	0	2	1
03EF0B	1	1	06	1978	0	4	1
03EF0F	1	1	06	1978	0	2	1
03EF11	1	1	06	19D8	0	2	1
03EF13	0	1	06	19D8	0	3	1
03EF16	0	1	06	19D8	0	2	1
03EF18	0	1	06	19D8	0	2	1
03EF1A	0	1	06	19D8	0	2	1
03EF1C	0	1	06	19D8	0	2	1
03EF1E	1	1	06	19D8	0	2	1
03EF20	1	1	06	19D8	0	2	1
03EF22	1	1	06	19D8	0	2	1
03EF24	1	1	06	1978	0	4	1
03EF28	1	1	06	1978	0	4	1
03EF2C	1	1	06	1978	0	1	1
03EF2D	1	1	06	1998	0	2	1
03EF2F	1	0	06	1998	0	2	1
03EF31	1	0	06	1998	0	3	1
03EF34	1	0	06	1998	0	2	1
03EF36	1	0	06	1998	0	2	1
03EF38	1	0	06	19D8	0	2	1
03EF3A	1	0	06	19D8	0	2	1
03EF3C	1	0	06	19D8	0	2	1
03EF3E	1	0	06	19D8	0	2	1
03EF40	1	0	06	19D8	0	2	1
03EF42	1	0	06	19D8	0	2	1
03EF44	1	0	06	19D8	0	2	1
03EF46	1	0	06	1998	0	2	1
03EF48	0	0	06	1998	0	2	1
03EF4A	0	0	06	1998	0	3	1
03EF4D	0	0	06	1998	0	1	1
03EF4E	0	0	06	1998	0	3	1
03EF51	0	0	06	1998	0	2	1
03EF53	0	0	06	1998	0	2	1
03EF55	0	0	06	1978	0	2	1
03EF57	1	1	06	1978	0	1	1
03EF58	0	0	06	1998	0	2	1
03EF5A	0	0	06	1998	0	2	1
03EF5C	0	0	06	1998	0	2	1
03EF5E	1	1	06	1998	0	4	1
03EF62	1	1	06	1998	0	1	1
03EF63	1	1	06	19D8	0	2	1
03EF65	1	1	06	19D8	0	2	1
03EF67	1	1	06	19D8	0	4	1
03EF6B	1	1	06	19D8	0	2	1
03EF6D	0	0	06	19D8	0	2	1
03EF6F	0	0	06	19D8	0	3	1
03EF72	0	0	06	19D8	0	1	1
03EF73	0	0	06	19D8	0	3	1
03EF76	0	0	06	19D8	0	2	1
03EF78	0	0	06	19D8	0	2	1
03EF7A	0	0	06	19D8	0	2	1
03EF7C	1	1	06	19D8	0	4	1
03EF80	1	1	06	19D8	0	1	1
03EF81	0	0	06	19B8	0	2	1
03EF83	1	1	06	19B8	0	4	1
03EF87	1	1	06	19B8	0	1	1
03EF88	1	1	06	1878	0	2	1
03EF8A	1	1	06	1878	0	3	1
03EF93	1	1	06	19B8	0	2	1
03EF95	1	1	06	19B8	0	2	1
03EF97	1	1	06	19B8	0	2	1
03EF99	1	1	06	19B8	0	2	1
03EF9B	1	1	06	19B8	0	2	1
03EF9D	1	1	06	19B8	0	2	1
03EF9F	1	1	06	19B8	0	4	1
03EFA3	1	1	06	19B8	0	2	1
03EFA5	1	1	06	19B8	0	2	1
03EFA7	0	1	06	19B8	0	2	1
03EFA9	0	1	06	19B8	0	3	1
03EFAC	0	1	06	19B8	0	2	1
03EFAE	0	1	06	19B8	0	2	1
03EFB0	1	1	06	19B8	0	2	1
03EFB2	1	1	06	19B8	0	2	1
03EFB4	1	1	06	19B8	0	2	1
03EFB6	1	1	06	19B8	0	2	1
03EFB8	1	1	06	19B8	0	2	1
03EFBA	1	1	06	19B8	0	4	1
03EFBE	1	1	06	19B8	0	1	1
03EFBF	1	1	06	1838	0	2	1
03EFC1	1	1	06	1838	0	4	1
03EFC5	1	1	06	1838	0	2	1
03EFC7	1	1	06	1838	0	2	1
03EFC9	1	1	06	1838	0	2	1
03EFCB	1	1	06	1838	0	4	1
03EFCF	1	1	06	1878	0	2	1
03EFD1	0	0	06	1878	0	2	1
03EFD3	0	0	06	1878	0	3	1
03EFD6	0	0	06	1878	0	1	1
03EFD7	0	0	06	1878	0	3	1
03EFDA	0	0	06	1878	0	2	1
03EFDC	0	0	06	1878	0	2	1
03EFDE	0	0	06	1838	0	4	1
03EFE2	0	0	06	1838	0	3	1
03EFE5	0	0	06	1838	0	2	1
03EFE7	0	0	06	1838	0	3	1
03EFEA	0	0	06	1838	0	2	1
03EFEC	0	0	06	1838	0	2	1
03EFEE	1	1	06	1838	0	4	1
03EFF2	1	1	06	1838	0	4	1
03EFF6	0	0	06	1878	0	2	1
03EFF8	1	1	06	1878	0	4	1
03EFFC	1	1	06	1A38	0	2	1
03EFFE	1	1	06	1A38	0	3	1
03F009	1	1	06	18B8	0	2	1
03F00B	1	1	06	18B8	0	2	1
03F00D	1	1	06	18B8	0	2	1
03F00F	1	1	06	18B8	0	2	1
03F011	1	1	06	18B8	0	2	1
03F013	1	1	06	18B8	0	2	1
03F015	1	1	06	18B8	0	2	1
03F017	1	1	06	18B8	0	2	1
03F019	1	1	06	18B8	0	4	1
03F01D	1	1	06	18B8	0	2	1
03F01F	1	1	06	18B8	0	2	1
03F021	0	1	06	18B8	0	2	1
03F023	0	1	06	18B8	0	2	1
03F025	0	1	06	18B8	0	2	1
03F027	0	1	06	18B8	0	2	1
03F029	0	1	06	18B8	0	2	1
03F02B	1	1	06	18B8	0	2	1
03F02D	1	1	06	18B8	0	3	1
03F030	1	1	06	18B8	0	4	1
03F034	1	1	06	18B8	0	2	1
03F036	1	1	06	18B8	0	2	1
03F038	1	1	06	18B8	0	2	1
03F03A	1	1	06	18B8	0	3	1
03F03D	1	1	06	18B8	0	2	1
03F03F	1	1	06	18B8	0	2	1
03F041	1	1	06	18B8	0	2	1
03F043	1	1	06	18B8	0	2	1
03F045	1	1	06	1898	0	2	1
03F047	1	0	06	1898	0	4	1
03F04B	1	0	06	1898	0	2	1
03F04D	1	0	06	1898	0	3	1
03F050	1	0	06	1898	0	2	1
03F052	1	0	06	1898	0	3	1
03F055	1	0	06	1898	0	2	1
03F057	1	0	06	1898	0	3	1
03F05A	1	0	06	1898	0	2	1
03F05C	1	0	06	1898	0	3	1
03F05F	1	0	06	1898	0	2	1
03F061	1	0	06	1898	0	3	1
03F064	1	0	06	1898	0	2	1
03F066	0	0	06	1898	0	2	1
03F068	0	0	06	1898	0	3	1
03F06B	0	0	06	1898	0	2	1
03F06D	0	0	06	1898	0	3	1
03F070	0	0	06	1898	0	2	1
03F072	1	0	06	1898	0	2	1
03F074	1	0	06	1898	0	3	1
03F077	1	0	06	1898	0	2	1
03F079	1	0	06	1898	0	1	1
03F07A	1	0	06	1898	0	3	1
03F07D	1	0	06	1898	0	2	1
03F07F	1	0	06	1898	0	2	1
03F081	1	1	06	1898	0	1	1
03F082	1	1	06	18B8	0	2	1
03F084	1	1	06	18B8	0	2	1
03F086	1	1	06	18B8	0	1	1
03F087	1	1	06	1A38	0	4	1
03F08B	1	1	06	1A18	0	2	1
03F08D	1	1	06	1A18	0	1	1
03F08E	1	1	06	1A18	0	1	1
03F08F	1	1	06	1A18	0	3	1
03F092	1	1	06	1A18	0	2	1
03F094	1	0	06	1A18	0	2	1
03F096	1	0	06	1A18	0	3	1
03F099	1	0	06	1A18	0	1	1
03F09A	1	0	06	1A18	0	3	1
03F09D	1	0	06	1A18	0	2	1
03F09F	1	0	06	1A18	0	2	1
03F0A1	1	0	06	1A18	0	2	1
03F0A3	1	0	06	1A18	0	2	1
03F0A5	1	0	06	1A18	0	3	1
03F0A8	1	0	06	1A18	0	1	1
03F0A9	1	0	06	1A18	0	2	1
03F0AB	1	0	06	1A18	0	2	1
03F0AD	1	0	06	1A18	0	2	1
03F0AF	1	0	06	1A18	0	2	1
03F0B1	1	0	06	1A18	0	3	1
03F0B4	1	0	06	1A18	0	1	1
03F0B5	1	0	06	1A18	0	2	1
03F0B7	1	0	06	1A18	0	2	1
03F0B9	1	0	06	1A18	0	2	1
03F0BB	1	0	06	1A18	0	2	1
03F0BD	1	1	06	1A18	0	2	1
03F0BF	1	1	06	1A18	0	3	1
03F0C2	1	1	06	1A18	0	4	1
03F0C6	1	1	06	1A18	0	2	1
03F0C8	1	1	06	1A18	0	2	1
03F0CA	1	1	06	1A18	0	2	1
03F0CC	1	1	06	1A18	0	3	1
03F0CF	1	1	06	1A18	0	2	1
03F0D1	1	1	06	1A18	0	2	1
03F0D3	0	0	06	1A18	0	2	1
03F0D5	0	0	06	1A18	0	2	1
03F0D7	0	0	06	1A18	0	3	1
03F0DA	0	0	06	1A18	0	1	1
03F0DB	0	0	06	1A18	0	3	1
03F0DE	0	0	06	1A18	0	3	1
03F0E1	0	0	06	1A18	0	3	1
03F0E4	0	0	06	1A18	0	2	1
03F0E6	0	0	06	1A18	0	3	1
03F0E9	0	0	06	1A18	0	3	1
03F0EC	0	0	06	1A18	0	1	1
03F0ED	0	0	06	1A18	0	1	1
03F0EE	0	0	06	1A18	0	3	1
03F0F1	0	0	06	1A18	0	2	1
03F0F3	0	0	06	1A18	0	3	1
03F0F6	0	0	06	1A18	0	3	1
03F0F9	0	0	06	1A18	0	3	1
03F0FC	0	0	06	1A18	0	2	1
03F101	0	0	06	1A18	0	3	1
03F104	0	0	06	1A18	0	1	1
03F105	0	0	06	1A18	0	1	1
03F106	0	0	06	1A18	0	3	1
03F109	0	0	06	1A18	0	2	1
03F10B	0	0	06	1A18	0	3	1
03F10E	0	0	06	1A18	0	3	1
03F111	0	0	06	1A18	0	1	1
03F112	0	0	06	1A18	0	3	1
03F115	0	0	06	1A18	0	3	1
03F118	0	0	06	1A18	0	3	1
03F11B	0	0	06	1A18	0	2	1
03F11D	0	0	06	1A18	0	3	1
03F120	0	0	06	1A18	0	3	1
03F123	0	0	06	1A18	0	1	1
03F124	0	0	06	1A18	0	1	1
03F125	0	0	06	1A18	0	2	1
03F127	0	0	06	1A18	0	2	1
03F129	0	0	06	1A18	0	3	1
03F12C	0	0	06	1A18	0	3	1
03F12F	0	0	06	1A18	0	3	1
03F132	0	0	06	1A18	0	2	1
03F137	0	0	06	1A18	0	3	1
03F13A	0	0	06	1A18	0	1	1
03F13B	0	0	06	1A18	0	1	1
03F13C	0	0	06	1A18	0	2	1
03F13E	0	0	06	1A18	0	2	1
03F140	0	0	06	1A18	0	2	1
03F142	1	1	06	1A18	0	4	1
03F146	1	1	06	1AD8	0	2	1
03F148	1	1	06	1AD8	0	2	1
03F14A	1	1	06	1AD8	0	2	1
03F14C	1	1	06	1AB8	0	2	1
03F14E	1	0	06	1AB8	0	2	1
03F150	1	0	06	1AB8	0	2	1
03F152	1	0	06	1AB8	0	3	1
03F155	1	0	06	1AB8	0	2	1
03F157	1	1	06	1AB8	0	2	1
03F159	1	1	06	1AD8	0	4	1
03F15D	1	1	06	1AD8	0	1	1
03F15E	1	1	06	1AD8	0	4	1
03F162	1	1	06	1AD8	0	4	1
03F166	1	1	06	1878	0	2	1
03F168	1	1	06	1878	0	2	1
03F16A	1	1	06	1838	0	2	1
03F16C	1	1	06	1838	0	4	1
03F170	1	1	06	1838	0	2	1
03F172	1	1	06	1838	0	2	1
03F174	1	1	06	1838	0	2	1
03F176	1	1	06	1838	0	4	1
03F17A	1	1	06	1838	0	2	1
03F17C	1	1	06	1838	0	2	1
03F17E	1	1	06	1838	0	2	1
03F180	1	1	06	1838	0	2	1
03F182	1	1	06	1838	0	4	1
03F186	1	1	06	1838	0	2	1
03F188	1	1	06	1838	0	2	1
03F18A	1	1	06	1878	0	2	1
03F18C	1	1	06	1878	0	2	1
03F18E	1	1	06	1838	0	4	1
03F192	1	1	06	1878	0	4	1
03F196	1	1	06	1878	0	4	1
03F19A	1	1	06	1838	0	2	1
03F19C	1	1	06	1838	0	2	1
03F19E	1	1	06	1838	0	2	1
03F1A0	1	1	06	1838	0	4	1
03F1A4	1	1	06	1838	0	2	1
03F1A6	1	1	06	1838	0	2	1
03F1A8	1	1	06	1838	0	2	1
03F1AA	1	1	06	1838	0	4	1
03F1AE	1	1	06	1838	0	1	1
03F1AF	1	1	06	1838	0	2	1
03F1B1	1	1	06	1838	0	2	1
03F1B3	1	1	06	1838	0	2	1
03F1B5	1	1	06	1838	0	2	1
03F1B7	1	1	06	1838	0	2	1
03F1B9	1	1	06	1838	0	4	1
03F1BD	1	1	06	1838	0	2	1
03F1BF	1	1	06	1838	0	2	1
03F1C1	1	1	06	1838	0	2	1
03F1C3	0	0	06	1838	0	2	1
03F1C5	0	0	06	1838	0	3	1
03F1C8	0	0	06	1838	0	2	1
03F1CA	0	0	06	1838	0	3	1
03F1CD	0	0	06	1838	0	2	1
03F1CF	0	0	06	1838	0	3	1
03F1D2	0	0	06	1838	0	2	1
03F1D4	0	0	06	1838	0	2	1
03F1D6	1	1	06	1838	0	4	1
03F1DA	1	1	06	1838	0	2	1
03F1DC	1	1	06	1838	0	2	1
03F1DE	1	1	06	1838	0	2	1
03F1E0	1	1	06	1838	0	4	1
03F1E4	1	1	06	1838	0	4	1
03F1E8	1	1	06	1838	0	4	1
03F237	1	1	06	19B8	0	4	1
03F23B	1	1	06	19B8	0	2	1
03F241	1	1	06	19B8	0	1	1
03F242	1	1	06	19B8	0	4	1
03F246	1	1	06	19B8	0	2	1
03F248	1	1	06	19B8	0	2	1
03F24A	1	1	06	19B8	0	4	1
03F24E	1	1	06	19B8	0	2	1
03F250	1	1	06	19B8	0	2	1
03F252	1	1	06	1998	0	4	1
03F256	1	0	06	1998	0	2	1
03F258	1	0	06	1998	0	3	1
03F25B	1	0	06	1998	0	2	1
03F25D	1	0	06	1998	0	3	1
03F260	1	0	06	1998	0	2	1
03F262	1	0	06	1998	0	3	1
03F265	1	0	06	1998	0	2	1
03F267	1	0	06	1998	0	3	1
03F26A	1	0	06	1998	0	2	1
03F26C	0	0	06	1998	0	2	1
03F26E	0	0	06	1998	0	3	1
03F271	0	0	06	1998	0	4	1
03F275	0	0	06	1998	0	3	1
03F278	0	0	06	1998	0	2	1
03F27A	0	0	06	1998	0	3	1
03F27D	0	0	06	1998	0	3	1
03F280	0	0	06	1998	0	3	1
03F283	0	0	06	1998	0	2	1
03F285	0	0	06	1998	0	1	1
03F286	0	0	06	1998	0	3	1
03F289	0	0	06	1998	0	3	1
03F28C	0	0	06	1998	0	2	1
03F28E	0	0	06	18B8	0	3	1
03F291	0	0	06	18B8	0	3	1
03F294	0	0	06	18B8	0	3	1
03F297	0	0	06	18B8	0	2	1
03F299	0	0	06	18B8	0	1	1
03F29A	0	0	06	18B8	0	3	1
03F29D	0	0	06	18B8	0	3	1
03F2A0	0	0	06	1998	0	2	1
03F2A2	1	1	06	19B8	0	2	1
03F2A4	1	1	06	19B8	0	1	1
03F2A5	1	1	06	1958	0	2	1
03F2A7	1	1	06	1958	0	3	1
03F2AE	1	1	06	1958	0	2	1
03F2B0	1	1	06	1958	0	2	1
03F2B2	1	1	06	1958	0	2	1
03F2B4	1	1	06	1958	0	2	1
03F2B6	1	1	06	1958	0	2	1
03F2B8	1	1	06	1958	0	2	1
03F2BA	1	1	06	1958	0	2	1
03F2BC	1	1	06	1958	0	4	1
03F2C0	1	1	06	1958	0	2	1
03F2C2	1	1	06	1958	0	2	1
03F2C4	1	1	06	1958	0	2	1
03F2C6	1	1	06	1958	0	1	1
03F2C7	1	1	06	1958	0	1	1
03F2C8	1	1	06	1958	0	1	1
03F2C9	1	1	06	1958	0	2	1
03F2CB	0	1	06	1958	0	3	1
03F2CE	0	1	06	1958	0	2	1
03F2D0	0	1	06	1958	0	3	1
03F2D3	0	1	06	1958	0	2	1
03F2D5	0	1	06	1958	0	2	1
03F2D7	1	1	06	1958	0	3	1
03F2DA	1	1	06	1958	0	2	1
03F2DC	1	1	06	1958	0	2	1
03F2DE	1	1	06	1958	0	1	1
03F2DF	1	1	06	1958	0	2	1
03F2E1	1	1	06	1958	0	2	1
03F2E3	1	1	06	1878	0	3	1
03F2E6	1	1	06	1878	0	1	1
03F2E7	1	1	06	1878	0	2	1
03F2E9	1	1	06	1878	0	2	1
03F2EB	1	1	06	1878	0	2	1
03F2ED	1	1	06	1878	0	3	1
03F2F0	1	1	06	1958	0	3	1
03F2F3	1	1	06	1958	0	2	1
03F2F5	1	1	06	1958	0	3	1
03F2F8	1	1	06	1958	0	2	1
03F2FA	1	1	06	1878	0	3	1
03F2FD	1	1	06	1878	0	2	1
03F2FF	1	1	06	1878	0	3	1
03F302	1	1	06	1878	0	2	1
03F304	1	1	06	1878	0	1	1
03F305	1	1	06	1958	0	3	1
03F308	1	1	06	1958	0	2	1
03F30A	1	1	06	1958	0	3	1
03F30D	1	1	06	1958	0	2	1
03F30F	1	1	06	1958	0	4	1
03F313	1	1	06	1958	0	4	1
03F317	1	1	06	1958	0	1	1
03F318	1	1	06	1958	0	2	1
03F31A	1	1	06	1958	0	1	1
03F31B	1	1	06	1958	0	1	1
03F31C	1	1	06	1958	0	3	1
03F31F	1	1	06	1958	0	1	1
03F320	1	1	06	1958	0	2	1
03F322	1	1	06	1958	0	3	1
03F325	1	1	06	1958	0	1	1
048000	1	1	06	19F8	0	2	1
048002	1	1	06	19F8	0	3	1
04800B	1	1	06	18D8	0	2	1
04800D	1	1	06	18D8	0	2	1
04800F	1	1	06	18D8	0	2	1
048011	1	1	06	18D8	0	2	1
048013	1	1	06	18D8	0	2	1
048015	1	1	06	18D8	0	2	1
048017	1	1	06	18D8	0	2	1
048019	1	1	06	18D8	0	2	1
04801B	0	1	06	18D8	0	3	1
04801E	0	1	06	18D8	0	2	1
048020	0	1	06	18D8	0	4	1
048024	0	1	06	18D8	0	3	1
048027	0	1	06	18D8	0	1	1
048028	0	1	06	18D8	0	1	1
048029	0	1	06	18D8	0	1	1
04802A	0	1	06	18D8	0	2	1
04802C	0	1	06	18D8	0	2	1
04802E	0	1	06	18D8	0	2	1
048030	0	1	06	18D8	0	3	1
048033	0	1	06	18D8	0	2	1
048035	1	1	06	18D8	0	2	1
048037	1	1	06	19F8	0	2	1
048039	1	1	06	19F8	0	2	1
04803B	1	1	06	18D8	0	2	1
04803D	1	1	06	18D8	0	4	1
048041	1	1	06	18D8	0	2	1
048043	1	1	06	18D8	0	2	1
048045	1	1	06	18D8	0	1	1
048046	1	1	06	19F8	0	3	1
048049	1	1	06	19F8	0	2	1
04804B	1	1	06	19F8	0	4	1
04804F	1	1	06	19F8	0	2	1
048051	1	1	06	1958	0	3	1
048054	1	1	06	1958	0	4	1
048058	1	1	06	19F8	0	4	1
04805C	1	1	06	19F8	0	4	1
048060	1	1	06	19F8	0	4	1
048064	1	1	06	19F8	0	2	1
048066	0	1	06	19F8	0	2	1
048068	0	1	06	19F8	0	2	1
04806A	0	1	06	19F8	0	2	1
04806C	1	1	06	19F8	0	4	1
048070	1	1	06	19F8	0	2	1
048072	1	1	06	19F8	0	1	1
048073	1	1	06	19F8	0	2	1
048075	1	1	06	19F8	0	2	1
048077	1	1	06	19F8	0	4	1
04807B	1	1	06	19F8	0	2	1
04807D	1	1	06	19F8	0	2	1
04807F	1	1	06	19F8	0	1	1
0481C1	0	1	06	1418	0	1	1
0481C2	0	1	06	1418	0	1	1
0481C3	0	1	06	1418	0	2	1
0481C5	0	1	06	1418	0	2	1
0481C7	0	1	06	1418	0	3	1
0481CA	0	1	06	1418	0	1	1
0481CB	0	1	06	0000	0	2	1
0481CD	0	1	06	0000	0	3	1
0481D0	0	1	06	0000	0	2	1
0481D2	0	1	06	0000	0	2	1
0481D4	0	1	06	0000	0	1	1
0481D5	0	1	06	0000	0	2	1
0481D7	0	1	06	0000	0	2	1
0481D9	0	1	06	0000	0	2	1
0481DB	0	1	06	0000	0	3	1
0481DE	0	1	06	0000	0	1	1
0481DF	0	1	06	0000	0	2	1
0481E1	0	1	06	0000	0	2	1
0481E3	0	1	06	0000	0	1	1
0481E4	0	1	06	0000	0	2	1
0481E6	0	1	06	0000	0	3	1
0481E9	0	1	06	0000	0	2	1
0481EE	0	1	06	0000	0	3	1
0481F1	0	1	06	0000	0	2	1
0481F3	0	1	06	0000	0	2	1
0481F5	0	1	06	0000	0	3	1
0481F8	0	1	06	0000	0	1	1
0481F9	0	1	06	0000	0	2	1
0481FB	0	1	06	0000	0	1	1
0481FC	0	1	06	0000	0	2	1
0481FE	0	1	06	0000	0	2	1
048200	0	1	06	0000	0	1	1
048201	0	1	06	0000	0	1	1
048202	0	1	06	0000	0	1	1
048203	0	1	06	0000	0	1	1
048204	0	1	06	0000	0	1	1
048205	0	1	06	0000	0	2	1
048207	0	1	06	0000	0	2	1
048209	1	1	06	0000	0	3	1
04820C	1	1	06	0000	0	3	1
04820F	1	1	06	0000	0	2	1
048211	1	1	06	0000	0	2	1
048213	1	1	06	0000	0	3	1
048216	1	1	06	0000	0	2	1
048218	1	1	06	0000	0	2	1
04821A	1	1	06	0000	0	2	1
04821C	1	1	06	0000	0	2	1
04821E	1	1	06	0000	0	2	1
048220	1	1	06	0000	0	3	1
048223	1	1	06	0000	0	3	1
048226	1	1	06	0000	0	2	1
048228	1	1	06	0000	0	2	1
04822A	1	1	06	0000	0	3	1
04822D	1	1	06	0000	0	2	1
04822F	1	1	06	0000	0	2	1
048231	1	1	06	0000	0	1	1
048232	1	1	06	0000	0	2	1
048234	1	1	06	0000	0	2	1
048236	1	1	06	0000	0	2	1
048238	1	1	06	0000	0	1	1
048239	1	1	06	0000	0	2	1
04823B	1	1	06	0000	0	2	1
04823D	1	1	06	0000	0	2	1
04823F	1	1	06	0000	0	2	1
048241	1	1	06	0000	0	2	1
048243	1	1	06	0000	0	3	1
048246	1	1	06	0000	0	2	1
048248	1	1	06	0000	0	2	1
04824A	1	1	06	0000	0	2	1
04824C	0	1	06	0000	0	2	1
04824E	0	1	06	0000	0	3	1
048251	0	1	06	0000	0	1	1
048252	0	1	06	0000	0	2	1
048254	1	1	06	0000	0	1	1
048255	1	1	06	1418	0	1	1
048256	0	1	06	1418	0	1	1
048257	1	1	06	0000	0	2	1
048259	1	1	06	0000	0	3	1
04825C	1	1	06	0000	0	2	1
04825E	1	1	06	0000	0	3	1
048261	1	1	06	0000	0	2	1
048263	1	1	06	0000	0	3	1
048266	1	1	06	0000	0	3	1
048269	1	1	06	0000	0	3	1
04826C	1	1	06	0000	0	2	1
04826E	0	1	06	0000	0	3	1
048271	0	1	06	0000	0	2	1
048273	0	1	06	0000	0	2	1
048275	0	1	06	0000	0	2	1
048277	1	1	06	0000	0	1	1
048278	1	1	06	0000	0	1	1
048279	1	1	06	0000	0	2	1
04827B	0	1	06	0000	0	2	1
04827D	0	1	06	0000	0	2	1
04827F	0	1	06	0000	0	2	1
048281	0	1	06	0000	0	2	1
048283	0	1	06	0000	0	2	1
048285	0	1	06	0000	0	3	1
048288	0	1	06	0000	0	1	1
048289	0	1	06	0000	0	2	1
04828B	0	1	06	0000	0	2	1
04828D	0	1	06	0000	0	2	1
04828F	0	1	06	0000	0	2	1
048291	0	1	06	0000	0	2	1
048293	0	1	06	0000	0	1	1
048294	0	1	06	0000	0	2	1
048296	0	1	06	0000	0	2	1
048298	0	1	06	0000	0	2	1
04829A	0	1	06	0000	0	1	1
04829B	0	1	06	0000	0	3	1
04829E	0	1	06	0000	0	3	1
0482A1	0	1	06	0000	0	2	1
0482A3	0	1	06	0000	0	2	1
0482A5	0	1	06	0000	0	1	1
0482A6	0	1	06	0000	0	2	1
0482A8	0	1	06	0000	0	2	1
0482AA	0	1	06	0000	0	1	1
0482AB	0	1	06	0000	0	3	1
0482AE	0	1	06	0000	0	2	1
0482B0	0	1	06	0000	0	2	1
0482B2	0	1	06	0000	0	1	1
0482B3	0	1	06	0000	0	2	1
0482B5	0	1	06	0000	0	2	1
0482B7	0	1	06	0000	0	1	1
0482B8	0	1	06	0000	0	2	1
0482BA	0	1	06	0000	0	3	1
0482BD	0	1	06	0000	0	2	1
0482BF	0	1	06	0000	0	3	1
0482C2	0	1	06	0000	0	1	1
0482C3	0	1	06	0000	0	1	1
0482C4	0	1	06	0000	0	1	1
0482C5	0	1	06	0000	0	1	1
0482C6	0	1	06	0000	0	1	1
0482C7	0	1	06	0000	0	1	1
0482C8	0	1	06	0000	0	1	1
0482C9	0	1	06	0000	0	1	1
0482CA	0	1	06	0000	0	3	1
0482CD	0	1	06	0000	0	1	1
0482CE	0	1	06	0000	0	2	1
0482D0	0	1	06	0000	0	2	1
0482D2	0	1	06	0000	0	1	1
0482D3	0	1	06	0000	0	2	1
0482D5	0	1	06	0000	0	2	1
0482D7	0	1	06	0000	0	1	1
0482D8	1	1	06	0000	0	1	1
0482D9	0	1	06	0000	0	1	1
0482DA	0	1	06	0000	0	2	1
0482DC	0	1	06	0000	0	2	1
0482DE	0	1	06	0000	0	1	1
0482DF	1	1	06	0000	0	1	1
0482E0	1	1	06	0000	0	2	1
0482E2	1	1	06	0000	0	1	1
0482E3	1	1	06	0000	0	2	1
0482E5	0	0	06	0000	0	3	1
0482E8	0	0	06	0000	0	1	1
0482E9	0	0	06	0000	0	1	1
0482EA	0	0	06	0000	0	1	1
0482EB	0	0	06	0000	0	2	1
0482ED	1	0	06	0000	0	3	1
0482F0	1	0	06	0000	0	3	1
0482F3	1	0	06	0000	0	3	1
0482F6	1	0	06	0000	0	3	1
0482F9	1	0	06	0000	0	2	1
0482FB	1	0	06	0000	0	3	1
0482FE	1	0	06	0000	0	3	1
048301	1	0	06	0000	0	3	1
048304	1	0	06	0000	0	3	1
048307	1	0	06	0000	0	2	1
048309	1	0	06	0000	0	3	1
04830C	1	0	06	0000	0	2	1
04830E	1	0	06	0000	0	3	1
048311	1	0	06	0000	0	3	1
048314	1	0	06	0000	0	3	1
048317	1	0	06	0000	0	3	1
04831A	1	0	06	0000	0	2	1
04831C	1	0	06	0000	0	3	1
04831F	1	0	06	0000	0	3	1
048322	1	0	06	0000	0	3	1
048325	1	0	06	0000	0	3	1
048328	1	0	06	0000	0	2	1
04832A	1	0	06	0000	0	3	1
04832D	1	0	06	0000	0	2	1
04832F	1	0	06	0000	0	2	1
048331	1	1	06	0000	0	1	1
0494C4	1	1	06	0D58	0	2	1
0494C6	1	1	06	0D58	0	2	1
0494C8	1	1	06	0D58	0	1	1
0494C9	1	1	06	0D58	0	3	1
0494CC	1	1	06	0D58	0	1	1
0494D3	1	1	06	0D18	0	2	1
0494D5	1	1	06	0D18	0	3	1
0494DE	1	1	06	0D18	0	4	1
0494E2	1	1	06	0D18	0	2	1
0494E4	1	1	06	0D18	0	2	1
0494E6	1	1	06	0D18	0	2	1
0494E8	1	1	06	0D18	0	2	1
0494EA	1	1	06	0D18	0	2	1
0494EC	1	1	06	0D18	0	2	1
0494EE	1	1	06	0D18	0	2	1
0494F0	1	1	06	0D18	0	2	1
0494F2	1	1	06	0D18	0	2	1
0494F4	1	1	06	0D18	0	2	1
0494F6	1	1	06	0D18	0	2	1
0494F8	1	1	06	0D18	0	2	1
0494FA	1	1	06	0D18	0	2	1
0494FC	1	1	06	0D18	0	2	1
0494FE	1	1	06	0D18	0	2	1
049500	1	1	06	0D18	0	2	1
049502	1	1	06	0D18	0	2	1
049504	1	1	06	0D18	0	2	1
049506	1	1	06	0D18	0	2	1
049508	1	1	06	0D18	0	2	1
04950A	1	1	06	0D18	0	2	1
04950C	0	1	06	0D18	0	3	1
04950F	0	1	06	0D18	0	2	1
049511	0	1	06	0D18	0	2	1
049513	0	1	06	0D18	0	2	1
049515	0	1	06	0D18	0	2	1
049517	0	1	06	0D18	0	2	1
049519	0	1	06	0D18	0	2	1
04951B	0	1	06	0D18	0	2	1
04951D	1	1	06	0D18	0	2	1
04951F	1	1	06	0D18	0	2	1
049521	1	1	06	0D18	0	2	1
049523	1	1	06	0D18	0	2	1
049525	1	1	06	0D18	0	2	1
049527	1	1	06	0D18	0	2	1
049529	1	1	06	0D18	0	2	1
04952B	1	1	06	0D18	0	2	1
04952D	1	1	06	0D18	0	4	1
049531	1	1	06	0D18	0	2	1
049533	1	1	06	0D18	0	2	1
049535	1	1	06	0D18	0	2	1
049537	1	1	06	0D18	0	3	1
04953A	1	1	06	0D18	0	2	1
04953C	1	1	06	0D18	0	2	1
04953E	1	1	06	0D18	0	2	1
049540	1	1	06	0D18	0	2	1
049542	1	1	06	0D18	0	2	1
049544	1	1	06	0D18	0	2	1
049549	1	1	06	0D18	0	4	1
04954D	1	1	06	0D18	0	2	1
04954F	1	1	06	0D18	0	2	1
049551	1	1	06	0D18	0	2	1
049553	1	1	06	0D18	0	2	1
049555	1	1	06	0D18	0	2	1
049557	1	1	06	0D18	0	2	1
049559	1	1	06	0D18	0	2	1
04955B	1	1	06	0D18	0	2	1
04955D	1	1	06	0D18	0	2	1
04955F	1	1	06	0D18	0	2	1
049561	1	1	06	0D18	0	2	1
049563	0	1	06	0D18	0	3	1
049566	0	1	06	0D18	0	1	1
049567	0	1	06	0D18	0	2	1
049569	0	1	06	0D18	0	2	1
04956B	0	1	06	0D18	0	3	1
04956E	0	1	06	0D18	0	1	1
04956F	0	1	06	0D18	0	3	1
049572	0	1	06	0D18	0	2	1
049574	1	1	06	0D18	0	2	1
049576	1	1	06	0D58	0	4	1
04957A	1	0	06	0D58	0	1	1
04957B	1	1	06	0D18	0	4	1
04957F	1	1	06	0D18	0	4	1
049583	1	1	06	0D18	0	1	1
04958E	1	1	06	0D18	0	2	1
049590	1	1	06	0D18	0	3	1
049597	1	1	06	0D18	0	2	1
049599	1	1	06	0D18	0	4	1
04959D	1	1	06	0D18	0	2	1
04959F	1	1	06	0D18	0	2	1
0495A1	1	1	06	0D18	0	2	1
0495A3	0	1	06	0D18	0	3	1
0495A6	0	1	06	0D18	0	1	1
0495A7	0	1	06	0D18	0	2	1
0495A9	0	1	06	0D18	0	2	1
0495AB	0	1	06	0D18	0	3	1
0495AE	0	1	06	0D18	0	1	1
0495AF	0	1	06	0D18	0	3	1
0495B2	0	1	06	0D18	0	2	1
0495B4	1	1	06	0D18	0	2	1
0495B6	1	1	06	0D18	0	2	1
0495B8	1	1	06	0D18	0	2	1
0495BA	1	1	06	0D18	0	2	1
0495BC	1	1	06	0D18	0	4	1
0495C0	1	1	06	0D18	0	1	1
049640	1	1	06	0D18	0	2	1
049642	1	1	06	0D18	0	3	1
04964D	1	1	06	0D18	0	2	1
04964F	0	1	06	0D18	0	2	1
049651	0	1	06	0D18	0	2	1
049653	0	1	06	0D18	0	2	1
049655	1	1	06	0D18	0	2	1
049657	1	1	06	0D18	0	2	1
049659	1	1	06	0D18	0	4	1
04965D	1	1	06	0D18	0	2	1
04965F	1	1	06	0D18	0	2	1
049661	1	1	06	0D18	0	2	1
049663	1	1	06	0D18	0	2	1
049665	1	1	06	0D18	0	2	1
049667	1	1	06	0D18	0	4	1
04966B	1	1	06	0D18	0	4	1
04966F	1	0	06	0D18	0	2	1
049671	1	0	06	0D18	0	3	1
049674	1	0	06	0D18	0	2	1
049676	1	0	06	0D18	0	3	1
049679	1	0	06	0D18	0	2	1
04967B	1	0	06	0D18	0	2	1
04967D	1	0	06	0D18	0	2	1
04967F	1	0	06	0D18	0	3	1
049682	1	0	06	0D18	0	2	1
049684	0	0	06	0D18	0	3	1
049687	0	0	06	0D18	0	2	1
049689	0	0	06	0D18	0	2	1
04968B	0	0	06	0D18	0	3	1
04968E	0	0	06	0D18	0	1	1
04968F	0	0	06	0D18	0	2	1
049691	0	0	06	0D18	0	3	1
049694	0	0	06	0D18	0	2	1
049696	0	0	06	0D18	0	3	1
049699	0	0	06	0D18	0	2	1
04969B	0	0	06	0D18	0	1	1
04969C	0	0	06	0D18	0	3	1
04969F	0	0	06	0D18	0	2	1
0496A1	0	0	06	0D18	0	2	1
0496A3	1	1	06	0D18	0	2	1
0496A5	1	1	06	0D18	0	4	1
0496A9	1	1	06	0D18	0	2	1
0496AB	1	1	06	0D18	0	2	1
0496AD	1	1	06	0D18	0	2	1
0496AF	1	1	06	0D18	0	2	1
0496B1	1	1	06	0D18	0	4	1
0496B5	1	1	06	0D18	0	1	1
0496B6	1	1	06	0D18	0	2	1
0496B8	1	0	06	0D18	0	2	1
0496BA	1	0	06	0D18	0	3	1
0496BD	1	0	06	0D18	0	3	1
0496C0	1	0	06	0D18	0	2	1
0496C2	1	0	06	0D18	0	2	1
0496C4	1	0	06	0D18	0	3	1
0496C7	1	0	06	0D18	0	2	1
0496C9	1	0	06	0D18	0	2	1
0496CB	1	0	06	0D18	0	3	1
0496CE	1	0	06	0D18	0	1	1
0496CF	1	0	06	0D18	0	2	1
0496D1	1	0	06	0D18	0	2	1
0496D3	1	0	06	0D18	0	1	1
0496D4	1	0	06	0D18	0	2	1
0496D6	1	0	06	0D18	0	2	1
0496D8	1	1	06	0D18	0	1	1
0496D9	1	1	06	0D18	0	2	1
0496DB	0	1	06	0D18	0	3	1
0496DE	0	1	06	0D18	0	2	1
0496E0	0	1	06	0D18	0	2	1
0496E2	1	1	06	0D18	0	2	1
0496E4	1	0	06	0D18	0	2	1
0496E6	1	0	06	0D18	0	3	1
0496E9	1	0	06	0D18	0	2	1
0496EB	1	0	06	0D18	0	2	1
0496ED	1	0	06	0D18	0	2	1
0496EF	1	0	06	0D18	0	2	1
0496F1	1	0	06	0D18	0	1	1
0496F2	1	0	06	0D18	0	2	1
0496F4	1	0	06	0D18	0	2	1
0496F6	1	0	06	0D18	0	2	1
0496F8	1	0	06	0D18	0	2	1
0496FA	1	0	06	0D18	0	2	1
0496FC	1	1	06	0D18	0	1	1
0496FD	1	1	06	0D18	0	1	1
0496FE	1	1	06	0D18	0	2	1
049700	1	1	06	0D18	0	2	1
049702	1	1	06	0D18	0	2	1
049704	1	1	06	0D18	0	2	1
049706	1	1	06	0D18	0	2	1
049708	1	1	06	0D18	0	2	1
049729	1	1	06	0D18	0	3	1
04972C	1	1	06	0D18	0	2	1
04972E	1	1	06	0D18	0	2	1
049730	1	1	06	0D18	0	4	1
049734	1	1	06	0D18	0	1	1
049735	1	1	06	0D18	0	2	1
049737	1	1	06	0D18	0	4	1
04973B	1	1	06	0D18	0	4	1
04973F	1	0	06	0D18	0	1	1
049740	1	1	06	0D58	0	2	1
049742	1	0	06	0D58	0	2	1
049744	1	0	06	0D58	0	3	1
049747	1	0	06	0D58	0	2	1
049749	1	0	06	0D58	0	2	1
04974B	1	1	06	0D58	0	2	1
04974D	1	1	06	0D58	0	3	1
04975A	1	1	06	0D58	0	4	1
04975E	1	1	06	0D58	0	2	1
049760	1	1	06	0D58	0	2	1
049762	1	1	06	0D58	0	2	1
049764	1	1	06	0D58	0	2	1
049766	1	1	06	0D58	0	2	1
049768	1	1	06	0D58	0	2	1
04976A	1	1	06	0D58	0	2	1
04976C	0	0	06	0D58	0	2	1
04976E	0	0	06	0D58	0	3	1
049771	0	0	06	0D58	0	3	1
049774	0	0	06	0D58	0	2	1
049776	0	0	06	0D58	0	2	1
049778	0	0	06	0D58	0	3	1
04977B	0	0	06	0D58	0	3	1
04977E	0	0	06	0D58	0	2	1
049780	0	0	06	0D58	0	2	1
049782	0	0	06	0D58	0	2	1
049784	1	1	06	0D58	0	2	1
049786	1	1	06	0D58	0	2	1
049788	1	1	06	0D58	0	2	1
04978A	1	1	06	0D58	0	4	1
04978E	1	1	06	0D58	0	2	1
049790	1	1	06	0D58	0	2	1
049792	1	1	06	0D58	0	2	1
049794	1	1	06	0D58	0	2	1
049796	0	1	06	0D58	0	2	1
049798	0	1	06	0D58	0	3	1
04979B	0	1	06	0D58	0	2	1
04979D	0	1	06	0D58	0	2	1
04979F	1	1	06	0D58	0	4	1
0497A3	1	1	06	0D58	0	4	1
0497A7	1	1	06	0D58	0	2	1
0497A9	1	1	06	0D58	0	2	1
0497AB	1	1	06	0D58	0	2	1
0497AD	1	1	06	0D58	0	2	1
0497AF	1	1	06	0D58	0	2	1
0497B1	1	1	06	0D58	0	2	1
0497B3	1	1	06	0D58	0	2	1
0497B5	1	1	06	0D58	0	4	1
0497B9	1	1	06	0D58	0	4	1
0497BD	1	1	06	0D58	0	1	1
0497BE	1	1	06	0D58	0	2	1
0497C0	1	1	06	0D58	0	2	1
0497C2	1	1	06	0D58	0	2	1
0497C4	1	1	06	0D58	0	4	1
0497C8	1	1	06	0D58	0	2	1
0497CA	1	1	06	0D58	0	1	1
0497CB	1	1	06	0D58	0	2	1
0497CD	1	1	06	0D58	0	2	1
0497CF	1	1	06	0D58	0	2	1
0497D1	1	1	06	0D58	0	2	1
0497D3	1	1	06	0D58	0	4	1
0497D7	1	1	06	0D58	0	4	1
0497DB	1	1	06	0D58	0	1	1
0497DC	1	1	06	0D58	0	2	1
0497DE	0	1	06	0D58	0	3	1
0497E1	0	1	06	0D58	0	2	1
0497E3	0	1	06	0D58	0	2	1
0497E5	0	1	06	0D58	0	3	1
0497E8	0	1	06	0D58	0	2	1
0497EA	0	1	06	0D58	0	2	1
0497EC	1	1	06	0D58	0	4	1
0497F0	1	1	06	0D58	0	2	1
0497F2	0	1	06	0D58	0	3	1
0497F5	0	1	06	0D58	0	2	1
0497F7	0	1	06	0D58	0	2	1
0497F9	0	1	06	0D58	0	3	1
0497FC	0	1	06	0D58	0	2	1
0497FE	0	1	06	0D58	0	2	1
049800	1	1	06	0D58	0	4	1
049804	1	1	06	0D58	0	4	1
049808	1	1	06	0D58	0	4	1
04980C	1	1	06	0D58	0	4	1
049810	1	1	06	0D58	0	2	1
049812	1	0	06	0D58	0	2	1
049814	1	0	06	0D58	0	3	1
049817	1	0	06	0D58	0	2	1
049819	1	0	06	0D58	0	2	1
04981B	1	0	06	0D58	0	2	1
04981D	1	1	06	0D58	0	2	1
04981F	1	1	06	0D58	0	2	1
049821	1	1	06	0D58	0	2	1
049823	1	1	06	0D58	0	2	1
049825	1	1	06	0D58	0	1	1
049826	1	0	06	0D58	0	3	1
049829	1	0	06	0D58	0	2	1
04982B	1	1	06	0D58	0	2	1
049831	1	1	06	0D58	0	1	1
049832	1	1	06	0D58	0	2	1
049834	1	1	06	0D58	0	2	1
049836	1	1	06	0D58	0	3	1
049839	1	1	06	0D58	0	3	1
04983C	1	1	06	0D58	0	2	1
04983E	1	1	06	0D58	0	1	1
04983F	1	1	06	0D58	0	3	1
049842	1	1	06	0D58	0	3	1
049845	1	1	06	0D58	0	3	1
049848	1	1	06	0D58	0	2	1
04984A	1	1	06	0D58	0	2	1
04984C	1	1	06	0D58	0	2	1
04984E	1	1	06	0D58	0	1	1
04984F	1	1	06	0D58	0	3	1
049852	1	1	06	0D58	0	2	1
049864	1	1	06	0D58	0	3	1
049867	1	1	06	0D58	0	2	1
049869	1	1	06	0D58	0	3	1
04986C	1	1	06	0D58	0	3	1
04986F	1	1	06	0D58	0	3	1
049872	1	1	06	0D58	0	1	1
049873	1	1	06	0D58	0	2	1
049875	1	1	06	0D58	0	3	1
049878	1	1	06	0D58	0	2	1
04987A	1	1	06	0D58	0	3	1
04987D	1	1	06	0D58	0	4	1
049881	1	1	06	0D58	0	3	1
049884	1	1	06	0D58	0	2	1
049886	1	1	06	0D58	0	2	1
049888	1	1	06	0D58	0	4	1
04988C	1	1	06	0D58	0	1	1
04988D	1	1	06	0D58	0	4	1
049891	1	1	06	0D58	0	1	1
0498C5	1	1	06	0D18	0	2	1
0498C7	1	1	06	0D18	0	3	1
0498CA	1	1	06	0D18	0	1	1
0498D3	1	1	06	0D18	0	4	1
0498D7	1	1	06	0D18	0	2	1
0498D9	1	1	06	0D18	0	2	1
0498DB	1	1	06	0D18	0	2	1
0498DD	1	1	06	0D18	0	2	1
0498DF	1	1	06	0D18	0	2	1
0498E1	1	1	06	0D18	0	2	1
0498E3	1	1	06	0D18	0	2	1
0498E5	1	1	06	0D18	0	2	1
0498E7	1	1	06	0D18	0	2	1
0498E9	1	1	06	0D18	0	2	1
0498EB	1	1	06	0D18	0	2	1
0498ED	1	1	06	0D18	0	2	1
0498EF	1	1	06	0D18	0	2	1
0498F1	0	1	06	0D18	0	2	1
0498F3	0	1	06	0D18	0	2	1
0498F5	0	1	06	0D18	0	3	1
0498F8	0	1	06	0D18	0	2	1
0498FA	0	1	06	0D18	0	2	1
0498FC	1	1	06	0D18	0	2	1
0498FE	1	1	06	0D18	0	2	1
049900	1	1	06	0D18	0	2	1
049902	1	1	06	0D18	0	2	1
049904	1	1	06	0D18	0	2	1
049906	1	1	06	0D18	0	4	1
04990A	1	1	06	0D18	0	3	1
04990D	1	1	06	0D18	0	2	1
04990F	1	1	06	0D18	0	2	1
049911	1	1	06	0D18	0	2	1
049913	1	1	06	0D18	0	2	1
049919	1	1	06	0D18	0	3	1
04991C	1	1	06	0D18	0	2	1
04991E	1	1	06	0D18	0	2	1
049920	1	1	06	0D18	0	4	1
049924	1	1	06	0D18	0	4	1
049928	1	1	06	0D18	0	4	1
04992C	1	1	06	0D18	0	2	1
04992E	1	1	06	0D18	0	3	1
049931	1	1	06	0D18	0	2	1
049933	1	1	06	0D18	0	2	1
049935	1	1	06	0D18	0	3	1
049938	1	1	06	0D18	0	2	1
049948	1	1	06	0D18	0	2	1
04994A	1	1	06	0D18	0	2	1
04994C	1	1	06	0D18	0	2	1
04994E	1	1	06	0D18	0	1	1
04994F	1	1	06	0D18	0	1	1
049950	1	1	06	0D18	0	1	1
049951	1	1	06	0D18	0	1	1
049952	1	1	06	0D18	0	1	1
049953	1	1	06	0D18	0	1	1
049954	1	1	06	0D18	0	3	1
049957	1	1	06	0D18	0	4	1
04995B	1	1	06	0D18	0	2	1
04995D	1	1	06	0D18	0	2	1
04995F	1	1	06	0D18	0	4	1
049963	1	1	06	0D18	0	4	1
049967	1	1	06	0D18	0	2	1
04996E	1	1	06	0D18	0	4	1
049972	1	1	06	0D18	0	1	1
049973	1	1	06	0D18	0	2	1
049975	1	1	06	0D18	0	2	1
049977	1	1	06	0D18	0	2	1
049979	1	1	06	0D18	0	2	1
04997B	1	1	06	0D18	0	2	1
04997D	1	1	06	0D18	0	3	1
049984	1	1	06	0D18	0	2	1
049986	1	1	06	0D18	0	2	1
049988	1	1	06	0D18	0	2	1
04998A	1	1	06	0D18	0	4	1
04998E	1	1	06	0D18	0	4	1
049992	1	1	06	0D18	0	4	1
049996	1	1	06	0D18	0	4	1
04999A	1	1	06	0D18	0	4	1
04999E	1	1	06	0D18	0	2	1
0499A0	1	1	06	0D18	0	4	1
0499A4	1	1	06	0D18	0	4	1
0499A8	1	1	06	0D18	0	4	1
0499AC	1	1	06	0D18	0	4	1
0499B0	1	1	06	0D18	0	4	1
0499B4	1	1	06	0D18	0	2	1
0499B6	1	1	06	0D18	0	4	1
0499BA	1	1	06	0D18	0	2	1
0499BC	1	1	06	0D18	0	4	1
0499C0	1	1	06	0D18	0	2	1
0499C2	1	1	06	0D18	0	4	1
0499C6	1	1	06	0D18	0	4	1
0499CA	1	1	06	0D18	0	2	1
0499CC	1	1	06	0D18	0	4	1
0499D0	1	1	06	0D18	0	1	1
0499D1	1	1	06	0D18	0	4	1
0499D5	1	1	06	0D18	0	1	1
0499DF	1	1	06	0D18	0	2	1
0499E1	1	1	06	0D18	0	2	1
0499F7	1	1	06	0D18	0	3	1
0499FA	1	1	06	0D18	0	2	1
0499FC	1	1	06	0D18	0	2	1
0499FE	1	1	06	0D18	0	2	1
049A00	0	1	06	0D18	0	3	1
049A03	0	1	06	0D18	0	2	1
049A05	0	1	06	0D18	0	2	1
049A07	1	1	06	0D18	0	2	1
049A09	1	1	06	0D18	0	2	1
049A0B	1	1	06	0D18	0	2	1
049A0D	0	1	06	0D18	0	3	1
049A10	0	1	06	0D18	0	3	1
049A13	0	1	06	0D18	0	2	1
049A15	0	1	06	0D18	0	2	1
049A17	0	1	06	0D18	0	3	1
049A1A	0	1	06	0D18	0	1	1
049A1B	0	1	06	0D18	0	1	1
049A1C	0	1	06	0D18	0	1	1
049A1D	0	1	06	0D18	0	1	1
049A1E	0	1	06	0D18	0	3	1
049A21	0	1	06	0D18	0	2	1
049A23	0	1	06	0D18	0	2	1
049A25	1	1	06	0D18	0	3	1
049A28	1	1	06	0D18	0	1	1
049A29	1	1	06	0D18	0	2	1
049A2B	1	1	06	0D18	0	3	1
049A2E	1	1	06	0D18	0	1	1
049A35	1	1	06	0D18	0	2	1
049A37	1	1	06	0D18	0	3	1
049A40	1	1	06	0D18	0	4	1
049A44	1	1	06	0D18	0	2	1
049A46	1	1	06	0D18	0	3	1
049A49	1	1	06	0D18	0	2	1
049A4E	1	1	06	0D18	0	2	1
049A50	1	1	06	0D18	0	2	1
049A52	1	1	06	0D18	0	4	1
049A56	1	1	06	0D18	0	2	1
049A58	1	1	06	0D18	0	4	1
049A5C	1	1	06	0D18	0	4	1
049A60	1	1	06	0D18	0	2	1
049A62	1	1	06	0D18	0	2	1
049A64	1	1	06	0D18	0	4	1
049A68	1	1	06	0D18	0	4	1
049A6C	1	1	06	0D18	0	2	1
049A6E	1	1	06	0D18	0	2	1
049A70	1	1	06	0D18	0	3	1
049A73	1	1	06	0D18	0	4	1
049A77	1	1	06	0D18	0	1	1
049A78	1	1	06	0D18	0	3	1
049A7B	1	1	06	0D18	0	2	1
049A7D	1	1	06	0D18	0	4	1
049A81	1	1	06	0D18	0	2	1
049A83	1	1	06	0D18	0	2	1
049A85	1	1	06	0D18	0	2	1
049A87	1	1	06	0D18	0	2	1
049A89	1	1	06	0D18	0	2	1
049A8B	1	1	06	0D18	0	2	1
049A8D	1	1	06	0D18	0	2	1
049A8F	1	1	06	0D18	0	2	1
049A91	1	1	06	0D18	0	2	1
049A93	1	1	06	0D18	0	2	1
049A95	1	1	06	0D18	0	2	1
049A97	1	1	06	0D18	0	2	1
049A99	1	1	06	0D18	0	2	1
049A9B	1	1	06	0D18	0	2	1
049A9D	1	1	06	0D18	0	2	1
049A9F	1	1	06	0D18	0	2	1
049AA1	1	1	06	0D18	0	2	1
049AA3	1	1	06	0D18	0	2	1
049AA5	1	1	06	0D18	0	4	1
049AA9	1	1	06	0D18	0	4	1
049AAD	1	1	06	0D18	0	4	1
049AB1	1	1	06	0D18	0	4	1
049AB5	1	1	06	0D18	0	4	1
049AB9	1	1	06	0D18	0	4	1
049ABD	1	1	06	0D18	0	2	1
049ABF	0	1	06	0D18	0	3	1
049AC2	0	1	06	0D18	0	3	1
049AC5	0	1	06	0D18	0	2	1
049AC7	0	1	06	0D18	0	2	1
049ACC	0	1	06	0D18	0	3	1
049ACF	0	1	06	0D18	0	3	1
049AD2	0	1	06	0D18	0	3	1
049AD5	0	1	06	0D18	0	1	1
049AD6	0	1	06	0D18	0	3	1
049AD9	0	1	06	0D18	0	2	1
049ADB	0	1	06	0D18	0	3	1
049ADE	0	1	06	0D18	0	3	1
049AE1	0	1	06	0D18	0	2	1
049AE3	0	1	06	0D18	0	2	1
049AE5	0	1	06	0D18	0	2	1
049AE7	0	1	06	0D18	0	3	1
049AEA	0	1	06	0D18	0	2	1
049AEC	0	1	06	0D18	0	1	1
049AED	0	1	06	0D18	0	3	1
049AF0	0	1	06	0D18	0	2	1
049AF2	1	1	06	0D18	0	2	1
049AF4	1	1	06	0D18	0	2	1
049AF6	1	1	06	0D18	0	2	1
049AF8	1	1	06	0D18	0	4	1
049AFC	1	1	06	0D18	0	2	1
049AFE	1	1	06	0D18	0	2	1
049B00	1	1	06	0D18	0	2	1
049B02	1	1	06	0D18	0	3	1
049B05	0	1	06	0D18	0	4	1
049B09	1	1	06	0D18	0	1	1
049B1A	1	1	06	0D18	0	2	1
049B1C	1	1	06	0D18	0	2	1
049B1E	1	1	06	0D18	0	2	1
049B20	1	0	06	0D18	0	3	1
049B23	1	0	06	0D18	0	2	1
049B25	1	0	06	0D18	0	4	1
049B29	1	0	06	0D18	0	2	1
049B2B	1	0	06	0D18	0	3	1
049B2E	1	0	06	0D18	0	2	1
049B30	1	0	06	0D18	0	3	1
049B33	1	0	06	0D18	0	2	1
049B35	1	0	06	0D18	0	3	1
049B38	1	0	06	0D18	0	2	1
049B3A	1	0	06	0D18	0	3	1
049B3D	1	0	06	0D18	0	2	1
049B3F	1	0	06	0D18	0	3	1
049B42	1	0	06	0D18	0	2	1
049B44	0	0	06	0D18	0	3	1
049B47	0	0	06	0D18	0	1	1
049B48	0	0	06	0D18	0	2	1
049B4A	0	0	06	0D18	0	3	1
049B4D	0	0	06	0D18	0	2	1
049B4F	0	0	06	0D18	0	1	1
049B50	0	0	06	0D18	0	3	1
049B53	0	0	06	0D18	0	3	1
049B56	0	0	06	0D18	0	1	1
049B57	0	0	06	0D18	0	3	1
049B5A	0	0	06	0D18	0	2	1
049B5C	1	0	06	0D18	0	2	1
049B5E	1	0	06	0D18	0	4	1
049B62	1	0	06	0D18	0	4	1
049B66	1	0	06	0D18	0	2	1
049B68	1	0	06	0D18	0	3	1
049B6B	1	0	06	0D18	0	2	1
049B6D	1	0	06	0D18	0	3	1
049B70	1	0	06	0D18	0	2	1
049B72	1	0	06	0D18	0	3	1
049B75	1	0	06	0D18	0	2	1
049B77	1	0	06	0D18	0	3	1
049B7A	1	0	06	0D18	0	2	1
049B7C	1	0	06	0D18	0	3	1
049B7F	1	0	06	0D18	0	2	1
049B81	0	0	06	0D18	0	3	1
049B84	0	0	06	0D18	0	1	1
049B85	0	0	06	0D18	0	2	1
049B87	0	0	06	0D18	0	3	1
049B8A	0	0	06	0D18	0	2	1
049B8C	0	0	06	0D18	0	1	1
049B8D	0	0	06	0D18	0	3	1
049B90	0	0	06	0D18	0	3	1
049B93	0	0	06	0D18	0	1	1
049B94	0	0	06	0D18	0	3	1
049B97	0	0	06	0D18	0	2	1
049B99	1	0	06	0D18	0	4	1
049B9D	1	0	06	0D18	0	3	1
049BA0	1	0	06	0D18	0	4	1
049BA4	1	0	06	0D18	0	1	1
049BA5	1	0	06	0D18	0	4	1
049BA9	1	0	06	0D18	0	2	1
049BAB	1	0	06	0D18	0	2	1
049BAD	1	0	06	0D18	0	2	1
049BAF	1	0	06	0D18	0	1	1
049BB0	1	1	06	0D18	0	2	1
049BB2	1	1	06	0D18	0	2	1
049BB4	1	1	06	0D18	0	2	1
049BB6	1	1	06	0D18	0	2	1
049BB8	1	1	06	0D18	0	2	1
049BBA	1	1	06	0D18	0	4	1
049BBE	1	1	06	0D18	0	1	1
049BBF	1	1	06	0D18	0	4	1
049BC3	1	1	06	0D18	0	4	1
049BC7	1	1	06	0D18	0	4	1
049BCB	1	1	06	0D18	0	2	1
049BCD	1	1	06	0D18	0	2	1
049BCF	1	1	06	0D18	0	2	1
049BD1	1	1	06	0D18	0	2	1
049BD3	1	1	06	0D18	0	2	1
049BD5	1	1	06	0D18	0	2	1
049BD7	1	1	06	0D18	0	4	1
049BDB	1	1	06	0D18	0	2	1
049BDD	1	1	06	0D18	0	2	1
049BDF	1	1	06	0D18	0	2	1
049BE1	1	1	06	0D18	0	4	1
049BE5	1	1	06	0D18	0	2	1
049BE7	1	1	06	0D18	0	2	1
049BE9	1	1	06	0D18	0	2	1
049BEB	1	1	06	0D18	0	2	1
049BED	1	1	06	0D18	0	2	1
049BEF	1	1	06	0D18	0	4	1
049BF3	1	1	06	0D18	0	1	1
049BF4	1	1	06	0D18	0	2	1
049BF6	1	1	06	0D18	0	2	1
049BF8	1	1	06	0D18	0	2	1
049BFA	1	1	06	0D18	0	2	1
049BFC	1	1	06	0D18	0	4	1
049C00	1	1	06	0D18	0	1	1
049C01	1	1	06	0D18	0	2	1
049C03	1	1	06	0D18	0	2	1
049C05	1	1	06	0D18	0	2	1
049C07	1	1	06	0D18	0	2	1
049C09	1	1	06	0D18	0	2	1
049C0B	1	1	06	0D18	0	4	1
049C0F	1	1	06	0D18	0	2	1
049C11	1	1	06	0D18	0	2	1
049C13	1	1	06	0D18	0	1	1
049C14	1	1	06	0D18	0	2	1
049C16	1	1	06	0D18	0	2	1
049C18	1	1	06	0D18	0	2	1
049C1A	1	1	06	0D18	0	2	1
049C1C	1	1	06	0D18	0	2	1
049C1E	1	1	06	0D18	0	4	1
049C22	1	1	06	0D18	0	2	1
049C24	1	1	06	0D18	0	2	1
049C26	1	1	06	0D18	0	1	1
049C27	1	1	06	0D18	0	2	1
049C29	1	1	06	0D18	0	2	1
049C2B	1	1	06	0D18	0	2	1
049C2D	1	1	06	0D18	0	2	1
049C2F	1	1	06	0D18	0	2	1
049C31	1	1	06	0D18	0	4	1
049C35	1	1	06	0D18	0	1	1
049C36	1	1	06	0D18	0	2	1
049C38	1	1	06	0D18	0	2	1
049C3A	1	1	06	0D18	0	2	1
049C3C	1	1	06	0D18	0	2	1
049C3E	1	1	06	0D18	0	2	1
049C40	1	1	06	0D18	0	2	1
049C42	1	1	06	0D18	0	4	1
049C46	1	1	06	0D18	0	1	1
049C47	1	1	06	0D18	0	2	1
049C49	1	1	06	0D18	0	2	1
049C4B	1	1	06	0D18	0	2	1
049C4D	1	1	06	0D18	0	2	1
049C4F	1	1	06	0D18	0	2	1
049C51	1	1	06	0D18	0	2	1
049C53	1	1	06	0D18	0	2	1
049C55	1	1	06	0D18	0	2	1
049C57	1	1	06	0D18	0	1	1
049C58	1	1	06	0D18	0	2	1
049C5A	1	1	06	0D18	0	2	1
049C5C	1	1	06	0D18	0	2	1
049C5E	1	1	06	0D18	0	4	1
049C62	1	1	06	0D18	0	1	1
049C63	1	1	06	0D18	0	2	1
049C65	1	1	06	0D18	0	2	1
049C67	1	1	06	0D18	0	2	1
049C69	1	1	06	0D18	0	2	1
049C6B	1	1	06	0D18	0	4	1
049C6F	1	1	06	0D18	0	2	1
049C71	1	1	06	0D18	0	4	1
049C75	1	1	06	0D18	0	4	1
049C79	1	1	06	0D18	0	2	1
049C7B	1	1	06	0D18	0	2	1
049C7D	1	1	06	0D18	0	4	1
049C81	1	1	06	0D18	0	2	1
049C83	0	1	06	0D18	0	3	1
049C86	0	1	06	0D18	0	3	1
049C89	0	1	06	0D18	0	2	1
049C8B	0	1	06	0D18	0	1	1
049C8C	1	1	06	0D18	0	4	1
049C90	1	1	06	0D18	0	2	1
049C92	1	1	06	0D18	0	2	1
049C94	1	1	06	0D18	0	4	1
049C98	1	1	06	0D18	0	2	1
049C9A	1	1	06	0D18	0	2	1
049C9C	1	1	06	0D18	0	4	1
049CA0	1	1	06	0D18	0	4	1
049CA4	1	1	06	0D18	0	2	1
049CA6	1	1	06	0D18	0	2	1
049CA8	0	1	06	0D18	0	4	1
049CAC	0	1	06	0D18	0	1	1
049CAD	0	1	06	0D18	0	4	1
049CB1	0	1	06	0D18	0	2	1
049CB3	1	1	06	0D18	0	2	1
049CB5	1	1	06	0D18	0	2	1
049CB7	1	1	06	0D18	0	4	1
049CBB	1	1	06	0D18	0	2	1
049CBD	1	1	06	0D18	0	2	1
049CBF	1	1	06	0D18	0	2	1
049CC1	1	1	06	0D18	0	3	1
049CC4	1	1	06	0D18	0	4	1
049CC8	1	1	06	0D18	0	3	1
049CCB	1	1	06	0D18	0	2	1
049CD1	1	1	06	0D18	0	2	1
049CD3	1	1	06	0D18	0	2	1
049CD5	1	1	06	0D18	0	2	1
049CD7	1	1	06	0D18	0	2	1
049CD9	1	1	06	0D18	0	2	1
049CDB	1	1	06	0D18	0	2	1
049CDD	1	1	06	0D18	0	2	1
049CDF	1	1	06	0D18	0	2	1
049CE1	1	1	06	0D18	0	2	1
049CE3	1	1	06	0D18	0	4	1
049CE7	1	1	06	0D18	0	4	1
049CEB	1	1	06	0D18	0	2	1
049CED	1	1	06	0D18	0	2	1
049CEF	1	1	06	0D18	0	4	1
049CF3	1	1	06	0D18	0	3	1
049CF6	1	1	06	0D18	0	2	1
049CF8	1	1	06	0D18	0	4	1
049CFC	1	1	06	0D18	0	2	1
049CFE	1	1	06	0D18	0	2	1
049D00	1	1	06	0D18	0	2	1
049D02	1	1	06	0D18	0	2	1
049D04	1	1	06	0D18	0	2	1
049D06	1	1	06	0D18	0	2	1
049D08	1	1	06	0D18	0	4	1
049D0C	1	1	06	0D18	0	2	1
049D0E	1	1	06	0D18	0	2	1
049D10	1	1	06	0D18	0	2	1
049D12	1	1	06	0D18	0	2	1
049D14	1	1	06	0D18	0	2	1
049D16	1	1	06	0D18	0	3	1
049D19	1	1	06	0D18	0	2	1
049D1B	1	1	06	0D18	0	2	1
049D1D	1	1	06	0D18	0	2	1
049D1F	1	1	06	0D18	0	2	1
049D36	1	1	06	0D18	0	3	1
049D39	1	1	06	0D18	0	4	1
049D3D	1	1	06	0D18	0	1	1
049D3E	1	1	06	0D18	0	2	1
049D40	1	1	06	0D18	0	2	1
049D42	1	1	06	0D18	0	3	1
049D45	1	1	06	0D18	0	2	1
049D47	1	1	06	0D18	0	2	1
049D49	1	1	06	0D18	0	2	1
049D4B	1	1	06	0D18	0	2	1
049D4D	1	1	06	0D18	0	2	1
049D4F	1	1	06	0D18	0	2	1
049D51	1	1	06	0D18	0	2	1
049D53	1	1	06	0D18	0	2	1
049D55	1	1	06	0D18	0	3	1
049D58	1	1	06	0D18	0	4	1
049D5C	1	1	06	0D18	0	1	1
049D6B	1	1	06	0D18	0	4	1
049D6F	1	1	06	0D18	0	2	1
049D71	1	1	06	0D18	0	2	1
049D73	0	1	06	0D18	0	4	1
049D77	0	1	06	0D18	0	2	1
049D79	0	1	06	0D18	0	2	1
049D7B	1	1	06	0D18	0	2	1
049D7D	1	1	06	0D18	0	4	1
049D81	1	1	06	0D18	0	2	1
049D83	1	1	06	0D18	0	2	1
049D85	1	1	06	0D18	0	1	1
049D86	0	1	06	0D18	0	2	1
049D88	0	1	06	0D18	0	3	1
049D8B	0	1	06	0D18	0	2	1
049D8D	0	1	06	0D18	0	2	1
049D8F	0	1	06	0D18	0	3	1
049D92	0	1	06	0D18	0	2	1
049D94	0	1	06	0D18	0	1	1
049D95	0	1	06	0D18	0	3	1
049D98	0	1	06	0D18	0	2	1
049D9A	0	1	06	0D18	0	3	1
049D9D	0	1	06	0D18	0	1	1
049D9E	0	1	06	0D18	0	3	1
049DA1	0	1	06	0D18	0	2	1
049DA3	0	1	06	0D18	0	2	1
049DA5	0	1	06	0D18	0	3	1
049DA8	0	1	06	0D18	0	2	1
049DAA	1	1	06	0D18	0	4	1
049DAE	1	1	06	0D18	0	2	1
049DB0	1	1	06	0D18	0	3	1
049DB3	1	1	06	0D18	0	1	1
049DB4	1	1	06	0D18	0	3	1
049DB7	1	1	06	0D18	0	2	1
049DB9	1	1	06	0D18	0	2	1
049DBB	1	1	06	0D18	0	2	1
049DBD	1	1	06	0D18	0	2	1
049DBF	1	1	06	0D18	0	4	1
049DC3	1	1	06	0D18	0	2	1
049DC5	1	1	06	0D18	0	2	1
049DC7	1	1	06	0D18	0	2	1
049DC9	1	1	06	0D18	0	2	1
049DCB	1	1	06	0D18	0	2	1
049DD7	1	1	06	0D18	0	2	1
049DD9	1	1	06	0D18	0	2	1
049DDB	1	1	06	0D18	0	1	1
049DDC	1	1	06	0D18	0	2	1
049DDE	1	1	06	0D18	0	3	1
049DEB	1	1	06	0D18	0	2	1
049DED	1	1	06	0D18	0	2	1
049DEF	1	1	06	0D18	0	2	1
049DF1	1	1	06	0D18	0	2	1
049DF3	1	1	06	0D18	0	2	1
049DF5	0	0	06	0D18	0	3	1
049DF8	0	0	06	0D18	0	2	1
049DFA	0	0	06	0D18	0	3	1
049DFD	0	0	06	0D18	0	3	1
049E00	0	0	06	0D18	0	2	1
049E02	0	0	06	0D18	0	2	1
049E04	0	0	06	0D18	0	3	1
049E07	0	0	06	0D18	0	2	1
049E09	0	0	06	0D18	0	3	1
049E0C	0	0	06	0D18	0	3	1
049E0F	0	0	06	0D18	0	2	1
049E11	0	0	06	0D18	0	2	1
049E13	0	0	06	0D18	0	2	1
049E15	1	1	06	0D18	0	2	1
049E17	1	1	06	0D18	0	4	1
049E1B	1	1	06	0D18	0	2	1
049E1D	1	1	06	0D18	0	2	1
049E1F	1	1	06	0D18	0	2	1
049E21	1	1	06	0D18	0	4	1
049E25	1	1	06	0D18	0	2	1
049E27	1	1	06	0D18	0	2	1
049E29	1	1	06	0D18	0	4	1
049E2D	1	1	06	0D18	0	1	1
049E2E	1	1	06	0D18	0	4	1
049E32	1	1	06	0D18	0	2	1
049E34	0	1	06	0D18	0	2	1
049E36	0	1	06	0D18	0	2	1
049E38	1	1	06	0D18	0	2	1
049E3A	1	1	06	0D18	0	4	1
049E3E	1	1	06	0D18	0	2	1
049E40	1	1	06	0D18	0	2	1
049E42	1	1	06	0D18	0	2	1
049E44	1	1	06	0D18	0	2	1
049E46	1	1	06	0D18	0	2	1
049E48	1	1	06	0D18	0	2	1
049E4A	1	1	06	0D18	0	2	1
049E4C	1	1	06	0D18	0	2	1
049E4E	1	1	06	0D18	0	2	1
049E50	1	1	06	0D18	0	2	1
049E52	1	1	06	0D18	0	2	1
049E54	1	1	06	0D18	0	2	1
049E56	1	1	06	0D18	0	4	1
049E5A	1	1	06	0D18	0	2	1
049E5C	1	1	06	0D18	0	2	1
049E5E	1	1	06	0D18	0	4	1
049E62	1	1	06	0D18	0	1	1
049E63	1	1	06	0D18	0	2	1
049E65	1	1	06	0D18	0	2	1
049E67	1	1	06	0D18	0	4	1
049E6B	1	1	06	0D18	0	4	1
049E6F	1	1	06	0D18	0	2	1
049E71	1	1	06	0D18	0	2	1
049E73	1	1	06	0D18	0	2	1
049E75	1	1	06	0D18	0	2	1
049E77	1	1	06	0D18	0	2	1
049E79	1	1	06	0D18	0	2	1
049E7B	1	1	06	0D18	0	4	1
049E7F	1	1	06	0D18	0	2	1
049E81	1	1	06	0D18	0	2	1
049E83	1	1	06	0D18	0	2	1
049E85	1	1	06	0D18	0	2	1
049E87	1	1	06	0D18	0	2	1
049E89	1	1	06	0D18	0	2	1
049E8B	1	1	06	0D18	0	2	1
049E8D	1	1	06	0D18	0	4	1
049E91	1	1	06	0D18	0	1	1
049E92	1	1	06	0D18	0	2	1
049E94	1	1	06	0D18	0	2	1
049E96	1	1	06	0D18	0	2	1
049E98	1	1	06	0D18	0	2	1
049E9A	1	1	06	0D18	0	2	1
049E9C	1	1	06	0D18	0	4	1
049EA0	1	1	06	0D18	0	1	1
049EA1	1	1	06	0D18	0	2	1
049EA3	1	1	06	0D18	0	3	1
049EBC	1	1	06	0D18	0	2	1
049EBE	1	1	06	0D18	0	2	1
049EC0	1	1	06	0D18	0	2	1
049EC2	1	1	06	0D18	0	2	1
049EC4	1	1	06	0D18	0	2	1
049EC6	1	1	06	0D18	0	4	1
049ECA	1	1	06	0D18	0	2	1
049ECC	0	0	06	0D18	0	3	1
049ECF	0	0	06	0D18	0	2	1
049ED1	0	0	06	0D18	0	2	1
049ED3	0	0	06	0D18	0	3	1
049ED6	0	0	06	0D18	0	2	1
049ED8	0	0	06	0D18	0	3	1
049EDB	0	0	06	0D18	0	2	1
049EDD	0	0	06	0D18	0	2	1
049EDF	0	0	06	0D18	0	3	1
049EE2	0	0	06	0D18	0	2	1
049EE4	0	0	06	0D18	0	2	1
049EE6	0	0	06	0D18	0	3	1
049EE9	0	0	06	0D18	0	1	1
049EEA	0	0	06	0D18	0	2	1
049EEC	0	0	06	0D18	0	1	1
049EED	0	0	06	0D18	0	3	1
049EF0	0	0	06	0D18	0	1	1
049EF1	0	0	06	0D18	0	3	1
049EF4	0	0	06	0D18	0	3	1
049EF7	0	0	06	0D18	0	2	1
049EF9	0	0	06	0D18	0	2	1
049EFB	1	1	06	0D18	0	2	1
049EFD	1	1	06	0D18	0	2	1
049EFF	1	1	06	0D18	0	2	1
049F01	1	1	06	0D18	0	1	1
049F02	0	0	06	0D18	0	4	1
049F06	0	0	06	0D18	0	3	1
049F09	0	0	06	0D18	0	1	1
049F0A	0	0	06	0D18	0	1	1
049F0B	0	0	06	0D18	0	3	1
049F0E	0	0	06	0D18	0	2	1
049F10	0	0	06	0D18	0	2	1
049F12	1	1	06	0D18	0	2	1
049F14	1	1	06	0D18	0	2	1
049F16	1	1	06	0D18	0	2	1
049F18	1	1	06	0D18	0	4	1
049F1C	1	1	06	0D18	0	2	1
049F1E	1	1	06	0D18	0	2	1
049F20	1	1	06	0D18	0	2	1
049F22	1	1	06	0D18	0	2	1
049F24	1	1	06	0D18	0	2	1
049F26	1	1	06	0D18	0	4	1
049F2A	1	1	06	0D18	0	2	1
049F2C	1	1	06	0D18	0	2	1
049F2E	1	1	06	0D18	0	2	1
049F30	1	1	06	0D18	0	2	1
049F32	1	1	06	0D18	0	2	1
049F34	1	1	06	0D18	0	2	1
049F36	1	1	06	0D18	0	4	1
049F3A	1	1	06	0D18	0	2	1
049F3C	1	1	06	0D18	0	2	1
049F3E	1	1	06	0D18	0	4	1
049F42	1	1	06	0D18	0	1	1
049F43	1	1	06	0D18	0	4	1
049F47	1	1	06	0D18	0	2	1
049F49	0	1	06	0D18	0	2	1
049F4B	0	1	06	0D18	0	3	1
049F4E	0	1	06	0D18	0	2	1
049F50	1	1	06	0D18	0	2	1
049F52	1	1	06	0D18	0	2	1
049F54	1	1	06	0D18	0	2	1
049F56	1	1	06	0D18	0	4	1
049F5A	1	1	06	0D18	0	1	1
049F5B	1	1	06	0D18	0	4	1
049F5F	1	1	06	0D18	0	2	1
049F61	0	1	06	0D18	0	2	1
049F63	0	1	06	0D18	0	2	1
049F65	1	1	06	0D18	0	2	1
049F67	1	1	06	0D18	0	2	1
049F69	1	1	06	0D18	0	2	1
049F6B	1	1	06	0D18	0	2	1
049F6D	1	1	06	0D18	0	2	1
049F6F	1	1	06	0D18	0	2	1
049F71	1	1	06	0D18	0	2	1
049F73	1	1	06	0D18	0	2	1
049F75	1	1	06	0D18	0	2	1
049F77	1	1	06	0D18	0	2	1
049F79	1	1	06	0D18	0	4	1
049F7D	1	1	06	0D18	0	1	1
049F7E	1	1	06	0D18	0	2	1
049F80	1	0	06	0D18	0	4	1
049F84	1	0	06	0D18	0	2	1
049F86	1	0	06	0D18	0	3	1
049F89	1	0	06	0D18	0	2	1
049F8B	1	0	06	0D18	0	3	1
049F8E	1	0	06	0D18	0	3	1
049F91	1	0	06	0D18	0	2	1
049F93	1	0	06	0D18	0	3	1
049F96	1	0	06	0D18	0	2	1
049F98	1	0	06	0D18	0	3	1
049F9B	1	0	06	0D18	0	2	1
049F9D	0	0	06	0D18	0	3	1
049FA0	0	0	06	0D18	0	2	1
049FA2	0	0	06	0D18	0	2	1
049FA7	0	0	06	0D18	0	1	1
049FA8	0	0	06	0D18	0	2	1
049FAA	0	0	06	0D18	0	3	1
049FAD	0	0	06	0D18	0	1	1
049FAE	0	0	06	0D18	0	3	1
049FB1	0	0	06	0D18	0	2	1
049FB3	1	0	06	0D18	0	2	1
049FB5	1	0	06	0D18	0	4	1
049FB9	1	0	06	0D18	0	4	1
049FBD	1	0	06	0D18	0	2	1
049FBF	1	0	06	0D18	0	3	1
049FC2	1	0	06	0D18	0	2	1
049FC4	1	0	06	0D18	0	3	1
049FC7	1	0	06	0D18	0	3	1
049FCA	1	0	06	0D18	0	2	1
049FCC	1	0	06	0D18	0	3	1
049FCF	1	0	06	0D18	0	2	1
049FD1	1	0	06	0D18	0	3	1
049FD4	1	0	06	0D18	0	2	1
049FD6	0	0	06	0D18	0	3	1
049FD9	0	0	06	0D18	0	2	1
049FDB	0	0	06	0D18	0	2	1
049FE0	0	0	06	0D18	0	1	1
049FE1	0	0	06	0D18	0	2	1
049FE3	0	0	06	0D18	0	3	1
049FE6	0	0	06	0D18	0	1	1
049FE7	0	0	06	0D18	0	3	1
049FEA	0	0	06	0D18	0	2	1
049FEC	1	0	06	0D18	0	4	1
049FF0	1	0	06	0D18	0	3	1
049FF3	1	0	06	0D18	0	4	1
049FF7	1	0	06	0D18	0	1	1
049FF8	1	0	06	0D18	0	4	1
049FFC	1	0	06	0D18	0	2	1
049FFE	1	0	06	0D18	0	2	1
04A000	1	0	06	0D18	0	2	1
04A002	1	1	06	0D18	0	1	1
04A003	1	1	06	0D18	0	4	1
04A007	1	1	06	0D18	0	2	1
04A009	1	1	06	0D18	0	2	1
04A00B	1	1	06	0D18	0	2	1
04A00D	1	1	06	0D18	0	2	1
04A00F	0	1	06	0D18	0	3	1
04A012	0	1	06	0D18	0	2	1
04A014	0	1	06	0D18	0	2	1
04A019	0	1	06	0D18	0	2	1
04A01B	0	1	06	0D18	0	2	1
04A01D	0	1	06	0D18	0	2	1
04A01F	0	1	06	0D18	0	2	1
04A021	0	1	06	0D18	0	3	1
04A024	0	1	06	0D18	0	2	1
04A026	0	1	06	0D18	0	2	1
04A028	1	1	06	0D18	0	2	1
04A02A	1	1	06	0D18	0	4	1
04A02E	1	1	06	0D18	0	2	1
04A030	1	1	06	0D18	0	4	1
04A034	1	1	06	0D18	0	1	1
04A035	1	1	06	0D18	0	2	1
04A037	1	1	06	0D18	0	2	1
04A039	1	1	06	0D18	0	4	1
04A03D	1	1	06	0D18	0	2	1
04A03F	0	1	06	0D18	0	2	1
04A041	0	1	06	0D18	0	3	1
04A044	0	1	06	0D18	0	2	1
04A05F	0	1	06	0D18	0	2	1
04A061	1	1	06	0D18	0	4	1
04A065	1	1	06	0D18	0	2	1
04A067	1	1	06	0D18	0	2	1
04A069	1	1	06	0D18	0	2	1
04A06B	1	1	06	0D18	0	2	1
04A06D	1	1	06	0D18	0	2	1
04A06F	1	1	06	0D18	0	2	1
04A071	1	1	06	0D18	0	2	1
04A073	1	1	06	0D18	0	4	1
04A077	1	1	06	0D18	0	1	1
04A078	1	1	06	0D18	0	2	1
04A07A	1	1	06	0D18	0	2	1
04A07C	1	1	06	0D18	0	2	1
04A07E	1	1	06	0D18	0	2	1
04A080	1	1	06	0D18	0	2	1
04A082	1	1	06	0D18	0	4	1
04A086	1	1	06	0D18	0	4	1
04A08A	1	1	06	0D18	0	1	1
04A08B	1	1	06	0D18	0	2	1
04A08D	1	1	06	0D18	0	2	1
04A08F	1	1	06	0D18	0	2	1
04A091	1	1	06	0D18	0	2	1
04A093	1	1	06	0D18	0	2	1
04A095	1	1	06	0D18	0	4	1
04A099	1	1	06	0D18	0	2	1
04A09B	1	1	06	0D18	0	2	1
04A09D	1	1	06	0D18	0	2	1
04A09F	0	1	06	0D18	0	3	1
04A0A2	0	1	06	0D18	0	2	1
04A0A4	0	1	06	0D18	0	2	1
04A0A6	0	1	06	0D18	0	2	1
04A0A8	0	1	06	0D18	0	3	1
04A0AB	0	1	06	0D18	0	1	1
04A0AC	0	1	06	0D18	0	3	1
04A0AF	0	1	06	0D18	0	2	1
04A0B5	0	1	06	0D18	0	2	1
04A0B7	0	1	06	0D18	0	3	1
04A0BA	0	1	06	0D18	0	1	1
04A0BB	0	1	06	0D18	0	2	1
04A0BD	1	1	06	0D18	0	2	1
04A0BF	1	1	06	0D18	0	4	1
04A0C3	1	1	06	0D18	0	1	1
04A0C4	1	1	06	0D18	0	2	1
04A0C6	1	1	06	0D18	0	2	1
04A0D2	1	1	06	0D18	0	2	1
04A0D4	1	1	06	0D18	0	2	1
04A0D6	1	1	06	0D18	0	4	1
04A0DA	1	1	06	0D18	0	4	1
04A0DE	1	1	06	0D18	0	2	1
04A0E0	1	1	06	0D18	0	2	1
04A0E2	1	1	06	0D18	0	2	1
04A0E4	1	1	06	0D18	0	2	1
04A0E6	1	1	06	0D18	0	2	1
04A0E8	1	1	06	0D18	0	2	1
04A0EA	1	1	06	0D18	0	4	1
04A0EE	1	1	06	0D18	0	2	1
04A0F0	1	1	06	0D18	0	2	1
04A0F2	1	1	06	0D18	0	2	1
04A0F4	1	1	06	0D18	0	2	1
04A0F6	1	1	06	0D18	0	2	1
04A0FC	1	1	06	0D18	0	4	1
04A100	1	1	06	0D18	0	1	1
04A130	1	1	06	0D18	0	2	1
04A132	1	1	06	0D18	0	2	1
04A134	1	1	06	0D18	0	2	1
04A136	1	1	06	0D18	0	2	1
04A138	1	1	06	0D18	0	2	1
04A13A	1	1	06	0D18	0	4	1
04A13E	1	1	06	0D18	0	1	1
04A13F	1	1	06	0D18	0	2	1
04A141	1	1	06	0D18	0	3	1
04A14C	1	1	06	0D18	0	2	1
04A14E	1	1	06	0D18	0	2	1
04A150	1	1	06	0D18	0	2	1
04A152	1	1	06	0D18	0	2	1
04A154	1	1	06	0D18	0	4	1
04A158	1	1	06	0D18	0	2	1
04A15A	0	1	06	0D18	0	3	1
04A15D	0	1	06	0D18	0	2	1
04A15F	0	1	06	0D18	0	2	1
04A161	0	1	06	0D18	0	3	1
04A164	0	1	06	0D18	0	2	1
04A166	0	1	06	0D18	0	3	1
04A169	0	1	06	0D18	0	2	1
04A16B	0	1	06	0D18	0	2	1
04A16D	0	1	06	0D18	0	2	1
04A16F	0	0	06	0D18	0	4	1
04A173	1	0	06	0D18	0	2	1
04A17C	1	0	06	0D18	0	3	1
04A17F	1	0	06	0D18	0	2	1
04A181	1	0	06	0D18	0	3	1
04A184	1	0	06	0D18	0	2	1
04A186	1	0	06	0D18	0	3	1
04A189	1	0	06	0D18	0	2	1
04A18B	1	0	06	0D18	0	3	1
04A18E	1	0	06	0D18	0	2	1
04A190	1	0	06	0D18	0	3	1
04A193	1	0	06	0D18	0	2	1
04A195	0	0	06	0D18	0	2	1
04A197	0	0	06	0D18	0	3	1
04A19A	0	0	06	0D18	0	2	1
04A19C	0	0	06	0D18	0	3	1
04A19F	0	0	06	0D18	0	1	1
04A1A0	0	0	06	0D18	0	3	1
04A1A3	0	0	06	0D18	0	2	1
04A1A5	0	0	06	0D18	0	2	1
04A1A7	1	0	06	0D18	0	2	1
04A1A9	1	1	06	0D18	0	2	1
04A1AB	1	1	06	0D18	0	4	1
04A1AF	1	1	06	0D18	0	4	1
04A1B3	1	1	06	0D18	0	2	1
04A1B5	1	1	06	0D18	0	2	1
04A1BE	1	1	06	0D18	0	2	1
04A1C0	0	1	06	0D18	0	2	1
04A1C2	0	1	06	0D18	0	1	1
04A1C3	0	1	06	0D18	0	3	1
04A1C6	0	1	06	0D18	0	2	1
04A1C8	0	1	06	0D18	0	2	1
04A1CA	0	1	06	0D18	0	3	1
04A1CD	0	1	06	0D18	0	1	1
04A1CE	0	1	06	0D18	0	1	1
04A1CF	0	1	06	0D18	0	2	1
04A1D1	0	1	06	0D18	0	2	1
04A1D3	1	1	06	0D18	0	2	1
04A1D5	1	1	06	0D18	0	2	1
04A1D7	1	1	06	0D18	0	1	1
04A1D8	0	1	06	0D18	0	2	1
04A1DA	0	1	06	0D18	0	2	1
04A1DC	0	1	06	0D18	0	3	1
04A1DF	0	1	06	0D18	0	2	1
04A1E1	1	1	06	0D18	0	2	1
04A1E3	1	1	06	0D18	0	2	1
04A1E5	1	1	06	0D18	0	2	1
04A1E7	1	1	06	0D18	0	2	1
04A1E9	1	1	06	0D18	0	4	1
04A1ED	1	1	06	0D18	0	4	1
04A1F1	1	1	06	0D18	0	1	1
04A1F2	1	1	06	0D18	0	2	1
04A1F4	1	1	06	0D18	0	2	1
04A1F6	1	1	06	0D18	0	2	1
04A1F8	1	1	06	0D18	0	2	1
04A1FA	1	1	06	0D18	0	2	1
04A1FC	1	1	06	0D18	0	4	1
04A200	1	0	06	0D18	0	4	1
04A204	1	0	06	0D18	0	2	1
04A206	1	0	06	0D18	0	3	1
04A209	1	0	06	0D18	0	2	1
04A20B	1	0	06	0D18	0	3	1
04A20E	1	0	06	0D18	0	2	1
04A210	1	0	06	0D18	0	3	1
04A213	1	0	06	0D18	0	2	1
04A215	1	0	06	0D18	0	3	1
04A218	1	0	06	0D18	0	2	1
04A21A	1	0	06	0D18	0	3	1
04A21D	1	0	06	0D18	0	2	1
04A21F	0	0	06	0D18	0	3	1
04A222	0	0	06	0D18	0	2	1
04A224	0	0	06	0D18	0	2	1
04A226	0	0	06	0D18	0	3	1
04A229	0	0	06	0D18	0	1	1
04A22A	0	0	06	0D18	0	2	1
04A22C	0	0	06	0D18	0	3	1
04A22F	0	0	06	0D18	0	1	1
04A230	0	0	06	0D18	0	3	1
04A233	0	0	06	0D18	0	2	1
04A235	1	0	06	0D18	0	4	1
04A239	1	0	06	0D18	0	3	1
04A23C	1	0	06	0D18	0	4	1
04A240	1	0	06	0D18	0	1	1
04A241	1	0	06	0D18	0	4	1
04A245	1	0	06	0D18	0	2	1
04A247	1	0	06	0D18	0	2	1
04A249	1	0	06	0D18	0	2	1
04A24B	1	1	06	0D18	0	4	1
04A24F	1	1	06	0D18	0	1	1
04A250	1	1	06	0D18	0	4	1
04A254	1	1	06	0D18	0	2	1
04A256	1	1	06	0D18	0	2	1
04A258	1	1	06	0D18	0	2	1
04A25A	1	1	06	0D18	0	2	1
04A25C	1	1	06	0D18	0	4	1
04A260	1	1	06	0D18	0	1	1
04A261	1	1	06	0D18	0	2	1
04A263	1	1	06	0D18	0	3	1
04A27C	1	1	06	0D18	0	2	1
04A27E	1	1	06	0D18	0	2	1
04A280	1	1	06	0D18	0	2	1
04A282	1	1	06	0D18	0	2	1
04A284	1	1	06	0D18	0	2	1
04A286	1	1	06	0D18	0	4	1
04A28A	1	1	06	0D18	0	2	1
04A28C	1	1	06	0D18	0	2	1
04A28E	1	1	06	0D18	0	2	1
04A290	1	1	06	0D18	0	2	1
04A292	1	1	06	0D18	0	2	1
04A294	0	0	06	0D18	0	3	1
04A297	0	0	06	0D18	0	2	1
04A299	0	0	06	0D18	0	2	1
04A29B	0	0	06	0D18	0	3	1
04A29E	0	0	06	0D18	0	2	1
04A2A0	0	0	06	0D18	0	3	1
04A2A3	0	0	06	0D18	0	2	1
04A2A5	0	0	06	0D18	0	2	1
04A2A7	0	0	06	0D18	0	2	1
04A2A9	0	0	06	0D18	0	2	1
04A2AB	1	1	06	0D18	0	2	1
04A2AD	1	1	06	0D18	0	4	1
04A2B1	1	1	06	0D18	0	2	1
04A2B3	1	1	06	0D18	0	2	1
04A2B5	1	1	06	0D18	0	3	1
04A2B8	1	1	06	0D18	0	2	1
04A2BA	1	1	06	0D18	0	2	1
04A2BC	1	1	06	0D18	0	2	1
04A2BE	1	0	06	0D18	0	4	1
04A2C2	1	0	06	0D18	0	2	1
04A2C7	1	0	06	0D18	0	3	1
04A2CA	1	0	06	0D18	0	2	1
04A2CC	1	0	06	0D18	0	3	1
04A2CF	1	0	06	0D18	0	2	1
04A2D1	1	0	06	0D18	0	3	1
04A2D4	1	0	06	0D18	0	2	1
04A2D6	1	0	06	0D18	0	3	1
04A2D9	1	0	06	0D18	0	2	1
04A2DB	1	0	06	0D18	0	3	1
04A2DE	1	0	06	0D18	0	2	1
04A2E0	0	0	06	0D18	0	3	1
04A2E3	0	0	06	0D18	0	2	1
04A2E5	0	0	06	0D18	0	2	1
04A2E7	0	0	06	0D18	0	3	1
04A2EA	0	0	06	0D18	0	1	1
04A2EB	0	0	06	0D18	0	2	1
04A2ED	0	0	06	0D18	0	3	1
04A2F0	0	0	06	0D18	0	2	1
04A2F2	0	0	06	0D18	0	1	1
04A2F3	0	0	06	0D18	0	3	1
04A2F6	0	0	06	0D18	0	3	1
04A2F9	0	0	06	0D18	0	1	1
04A2FA	0	0	06	0D18	0	3	1
04A2FD	0	0	06	0D18	0	2	1
04A2FF	1	0	06	0D18	0	2	1
04A301	1	0	06	0D18	0	4	1
04A305	1	0	06	0D18	0	4	1
04A309	1	0	06	0D18	0	2	1
04A30B	1	0	06	0D18	0	3	1
04A30E	1	0	06	0D18	0	2	1
04A310	1	0	06	0D18	0	3	1
04A313	1	0	06	0D18	0	2	1
04A315	1	0	06	0D18	0	3	1
04A318	1	0	06	0D18	0	2	1
04A31A	1	0	06	0D18	0	3	1
04A31D	1	0	06	0D18	0	2	1
04A31F	1	0	06	0D18	0	3	1
04A322	1	0	06	0D18	0	2	1
04A324	0	0	06	0D18	0	3	1
04A327	0	0	06	0D18	0	2	1
04A329	0	0	06	0D18	0	2	1
04A32B	0	0	06	0D18	0	3	1
04A32E	0	0	06	0D18	0	1	1
04A32F	0	0	06	0D18	0	2	1
04A331	0	0	06	0D18	0	3	1
04A334	0	0	06	0D18	0	2	1
04A336	0	0	06	0D18	0	1	1
04A337	0	0	06	0D18	0	3	1
04A33A	0	0	06	0D18	0	3	1
04A33D	0	0	06	0D18	0	1	1
04A33E	0	0	06	0D18	0	3	1
04A341	0	0	06	0D18	0	2	1
04A343	1	0	06	0D18	0	4	1
04A347	1	0	06	0D18	0	3	1
04A34A	1	0	06	0D18	0	4	1
04A34E	1	0	06	0D18	0	1	1
04A34F	1	0	06	0D18	0	4	1
04A353	1	0	06	0D18	0	2	1
04A355	1	0	06	0D18	0	2	1
04A357	1	0	06	0D18	0	2	1
04A359	0	0	06	0D18	0	3	1
04A35C	0	0	06	0D18	0	2	1
04A35E	0	0	06	0D18	0	2	1
04A360	1	1	06	0D18	0	2	1
04A362	1	1	06	0D18	0	4	1
04A366	1	1	06	0D18	0	2	1
04A368	1	1	06	0D18	0	2	1
04A36A	1	1	06	0D18	0	2	1
04A36C	1	1	06	0D18	0	4	1
04A370	1	1	06	0D18	0	1	1
04A378	1	1	06	0D18	0	4	1
04A37C	1	1	06	0D18	0	2	1
04A37E	1	1	06	0D18	0	2	1
04A380	1	1	06	0D18	0	4	1
04A384	1	1	06	0D18	0	2	1
04A386	1	1	06	0D18	0	2	1
04A388	1	1	06	0D18	0	2	1
04A38A	1	1	06	0D18	0	2	1
04A38C	1	1	06	0D18	0	4	1
04A390	1	1	06	0D18	0	2	1
04A392	1	1	06	0D18	0	2	1
04A394	1	1	06	0D18	0	4	1
04A398	1	1	06	0D18	0	1	1
04A399	1	1	06	0D18	0	2	1
04A39B	0	1	06	0D18	0	3	1
04A39E	0	1	06	0D18	0	2	1
04A3A0	0	1	06	0D18	0	2	1
04A3A2	1	1	06	0D18	0	4	1
04A3A6	1	1	06	0D18	0	4	1
04A3AA	1	1	06	0D18	0	2	1
04A3AC	1	1	06	0D18	0	2	1
04A3AE	1	1	06	0D18	0	2	1
04A3BA	1	1	06	0D18	0	2	1
04A3BC	1	1	06	0D18	0	2	1
04A3BE	1	1	06	0D18	0	2	1
04A3C0	1	1	06	0D18	0	2	1
04A3C2	1	1	06	0D18	0	4	1
04A3C6	1	1	06	0D18	0	1	1
04A3C7	1	1	06	0D18	0	4	1
04A3CB	1	1	06	0D18	0	2	1
04A3CD	1	1	06	0D18	0	2	1
04A3CF	1	1	06	0D18	0	2	1
04A3D1	1	1	06	0D18	0	3	1
04A3D4	1	1	06	0D18	0	2	1
04A3D6	1	1	06	0D18	0	3	1
04A3D9	1	1	06	0D18	0	2	1
04A3DB	1	1	06	0D18	0	2	1
04A3DD	1	1	06	0D18	0	4	1
04A3E1	1	1	06	0D18	0	1	1
04A44D	1	1	06	0D18	0	2	1
04A44F	1	1	06	0D18	0	2	1
04A451	1	1	06	0D18	0	2	1
04A453	1	1	06	0D18	0	2	1
04A455	1	0	06	0D18	0	4	1
04A459	1	0	06	0D18	0	2	1
04A45B	1	0	06	0D18	0	3	1
04A45E	1	0	06	0D18	0	2	1
04A460	1	0	06	0D18	0	3	1
04A463	1	0	06	0D18	0	2	1
04A465	1	0	06	0D18	0	3	1
04A468	1	0	06	0D18	0	2	1
04A46A	1	0	06	0D18	0	3	1
04A46D	1	0	06	0D18	0	2	1
04A46F	1	0	06	0D18	0	3	1
04A472	1	0	06	0D18	0	2	1
04A474	0	0	06	0D18	0	2	1
04A476	0	0	06	0D18	0	3	1
04A479	0	0	06	0D18	0	2	1
04A47B	0	0	06	0D18	0	1	1
04A47C	0	0	06	0D18	0	3	1
04A47F	0	0	06	0D18	0	3	1
04A482	0	0	06	0D18	0	1	1
04A483	0	0	06	0D18	0	3	1
04A486	0	0	06	0D18	0	2	1
04A488	1	0	06	0D18	0	4	1
04A48C	1	0	06	0D18	0	1	1
04A48D	1	0	06	0D18	0	4	1
04A491	1	1	06	0D18	0	2	1
04A493	1	1	06	0D18	0	4	1
04A497	1	1	06	0D18	0	1	1
04A498	1	1	06	0D18	0	2	1
04A49A	1	1	06	0D18	0	4	1
04A49E	1	1	06	0D18	0	2	1
04A4A0	1	1	06	0D18	0	2	1
04A4A2	1	1	06	0D18	0	2	1
04A4A4	1	1	06	0D18	0	2	1
04A4A6	1	1	06	0D18	0	1	1
04A4A7	1	1	06	0D18	0	2	1
04A4A9	0	1	06	0D18	0	2	1
04A4AB	0	1	06	0D18	0	2	1
04A4AD	0	1	06	0D18	0	3	1
04A4B0	0	1	06	0D18	0	2	1
04A4B2	0	1	06	0D18	0	2	1
04A4B4	1	1	06	0D18	0	2	1
04A4B6	1	1	06	0D18	0	2	1
04A4B8	1	1	06	0D18	0	2	1
04A4BA	1	1	06	0D18	0	2	1
04A4BC	1	1	06	0D18	0	2	1
04A4BE	1	1	06	0D18	0	4	1
04A4C2	1	1	06	0D18	0	4	1
04A4C6	1	1	06	0D18	0	2	1
04A4C8	1	1	06	0D18	0	2	1
04A4CA	1	1	06	0D18	0	2	1
04A4CC	1	1	06	0D18	0	2	1
04A4CE	1	1	06	0D18	0	4	1
04A4D2	1	1	06	0D18	0	2	1
04A4D4	1	1	06	0D18	0	2	1
04A4D6	1	1	06	0D18	0	4	1
04A4DA	1	1	06	0D18	0	1	1
04A4DB	1	1	06	0D18	0	4	1
04A4DF	1	1	06	0D18	0	2	1
04A4E1	1	1	06	0D18	0	2	1
04A4E3	1	1	06	0D18	0	2	1
04A4E5	1	1	06	0D18	0	2	1
04A4E7	1	1	06	0D18	0	2	1
04A4E9	1	1	06	0D18	0	2	1
04A4EB	1	1	06	0D18	0	4	1
04A4EF	1	1	06	0D18	0	1	1
04A4F0	1	1	06	0D18	0	2	1
04A4F2	1	1	06	0D18	0	3	1
04A501	1	1	06	0D18	0	2	1
04A503	1	1	06	0D18	0	2	1
04A505	1	1	06	0D18	0	2	1
04A507	1	1	06	0D18	0	2	1
04A509	1	1	06	0D18	0	2	1
04A50B	1	1	06	0D18	0	4	1
04A50F	1	1	06	0D18	0	2	1
04A511	1	1	06	0D18	0	3	1
04A514	1	1	06	0D18	0	3	1
04A517	1	1	06	0D18	0	3	1
04A51A	1	1	06	0D18	0	2	1
04A51C	0	0	06	0D18	0	1	1
04A51D	0	0	06	0D18	0	3	1
04A520	0	0	06	0D18	0	3	1
04A523	0	0	06	0D18	0	3	1
04A526	0	0	00	0D18	0	3	1
04A529	0	0	00	0D18	0	1	1
04A52A	0	0	06	0D18	0	2	1
04A52C	1	1	06	0D18	0	2	1
04A52E	1	1	06	0D18	0	2	1
04A530	1	1	06	0D18	0	3	1
04A533	1	1	06	0D18	0	2	1
04A535	1	1	06	0D18	0	4	1
04A539	1	1	06	0D18	0	2	1
04A53B	1	1	06	0D18	0	3	1
04A53E	1	1	06	0D18	0	3	1
04A541	1	1	06	0D18	0	3	1
04A544	1	1	06	0D18	0	2	1
04A546	1	1	06	0D18	0	2	1
04A548	1	1	06	0D18	0	2	1
04A54A	1	1	06	0D18	0	3	1
04A54D	1	1	06	0D18	0	3	1
04A550	1	1	06	0D18	0	2	1
04A552	1	1	06	0D18	0	2	1
04A554	1	1	06	0D18	0	2	1
04A556	1	1	06	0D18	0	4	1
04A55A	1	1	06	0D18	0	1	1
04A55B	1	1	06	0D18	0	3	1
04A55E	1	1	06	0D18	0	2	1
04A560	1	1	06	0D18	0	3	1
04A563	1	1	06	0D18	0	2	1
04A565	1	1	06	0D18	0	2	1
04A567	1	1	06	0D18	0	2	1
04A569	1	1	06	0D18	0	4	1
04A56D	1	1	06	0D18	0	1	1
04A56E	1	1	06	0D18	0	2	1
04A570	1	1	06	0D18	0	2	1
04A572	1	1	06	0D18	0	2	1
04A574	1	1	06	0D18	0	2	1
04A576	1	1	06	0D18	0	4	1
04A57A	1	1	06	0D18	0	2	1
04A57C	1	0	06	0D18	0	4	1
04A580	1	0	06	0D18	0	2	1
04A582	1	0	06	0D18	0	3	1
04A585	1	0	06	0D18	0	2	1
04A587	1	0	06	0D18	0	3	1
04A58A	1	0	06	0D18	0	2	1
04A58C	1	0	06	0D18	0	3	1
04A58F	1	0	06	0D18	0	2	1
04A591	1	0	06	0D18	0	3	1
04A594	1	0	06	0D18	0	2	1
04A596	0	0	06	0D18	0	2	1
04A598	0	0	06	0D18	0	3	1
04A59B	0	0	06	0D18	0	2	1
04A59D	0	0	06	0D18	0	3	1
04A5A0	0	0	06	0D18	0	2	1
04A5A2	1	1	06	0D18	0	3	1
04A5A5	1	1	06	0D18	0	2	1
04A5A7	1	1	06	0D18	0	4	1
04A5AB	1	1	06	0D18	0	1	1
04A5AC	1	1	06	0D18	0	2	1
04A5AE	1	1	06	0D18	0	2	1
04A5B0	1	1	06	0D18	0	2	1
04A5B2	1	1	06	0D18	0	4	1
04A5B6	1	1	06	0D18	0	1	1
04A5B7	1	1	06	0D18	0	2	1
04A5B9	1	1	06	0D18	0	2	1
04A5BB	1	1	06	0D18	0	2	1
04A5BD	1	1	06	0D18	0	2	1
04A5BF	1	1	06	0D18	0	2	1
04A5C1	1	1	06	0D18	0	4	1
04A5C5	1	1	06	0D18	0	4	1
04A5C9	1	0	06	0D18	0	2	1
04A5CB	1	0	06	0D18	0	3	1
04A5CE	1	0	06	0D18	0	2	1
04A5D0	1	0	06	0D18	0	3	1
04A5D3	1	0	06	0D18	0	2	1
04A5D5	1	0	06	0D18	0	3	1
04A5D8	1	0	06	0D18	0	2	1
04A5DA	1	0	06	0D18	0	3	1
04A5DD	1	0	06	0D18	0	2	1
04A5DF	0	0	06	0D18	0	2	1
04A5E1	0	0	06	0D18	0	3	1
04A5E4	0	0	06	0D18	0	2	1
04A5E6	0	0	06	0D18	0	1	1
04A5E7	0	0	06	0D18	0	3	1
04A5EA	0	0	06	0D18	0	3	1
04A5ED	0	0	06	0D18	0	2	1
04A5EF	1	0	06	0D18	0	2	1
04A5F1	1	0	06	0D18	0	2	1
04A5F3	1	0	06	0D18	0	2	1
04A5F5	1	0	06	0D18	0	2	1
04A5F7	1	1	06	0D18	0	4	1
04A5FB	1	1	06	0D18	0	1	1
04A5FC	1	1	06	0D18	0	2	1
04A5FE	1	1	06	0D18	0	2	1
04A600	1	1	06	0D18	0	2	1
04A602	1	1	06	0D18	0	2	1
04A604	1	1	06	0D18	0	2	1
04A606	1	1	06	0D18	0	4	1
04A60A	1	1	06	0D18	0	3	1
04A60D	1	1	06	0D18	0	2	1
04A60F	1	1	06	0D18	0	2	1
04A611	1	1	06	0D18	0	2	1
04A613	1	1	06	0D18	0	2	1
04A615	1	1	06	0D18	0	2	1
04A617	1	1	06	0D18	0	2	1
04A619	0	1	06	0D18	0	3	1
04A61C	0	1	06	0D18	0	4	1
04A620	0	1	06	0D18	0	2	1
04A622	1	1	06	0D18	0	2	1
04A624	1	1	06	0D18	0	4	1
04A628	1	1	06	0D18	0	2	1
04A62A	1	1	06	0D18	0	2	1
04A62C	1	1	06	0D18	0	4	1
04A630	1	0	06	0D18	0	2	1
04A632	1	0	06	0D18	0	3	1
04A635	1	0	06	0D18	0	2	1
04A637	1	0	06	0D18	0	3	1
04A63A	1	0	06	0D18	0	2	1
04A63C	1	0	06	0D18	0	3	1
04A63F	1	0	06	0D18	0	2	1
04A641	1	0	06	0D18	0	3	1
04A644	1	0	06	0D18	0	2	1
04A646	0	0	06	0D18	0	2	1
04A648	0	0	06	0D18	0	3	1
04A64B	0	0	06	0D18	0	2	1
04A64D	0	0	06	0D18	0	3	1
04A650	0	0	06	0D18	0	1	1
04A651	0	0	06	0D18	0	3	1
04A654	0	0	06	0D18	0	2	1
04A656	1	0	06	0D18	0	2	1
04A658	1	0	06	0D18	0	4	1
04A65C	1	1	06	0D18	0	2	1
04A65E	1	1	06	0D18	0	1	1
04A65F	1	1	06	0D18	0	2	1
04A661	1	1	06	0D18	0	2	1
04A663	1	1	06	0D18	0	2	1
04A665	1	1	06	0D18	0	2	1
04A667	1	1	06	0D18	0	4	1
04A66B	1	1	06	0D18	0	1	1
04A6E5	1	1	06	0D18	0	2	1
04A6E7	1	1	06	0D18	0	3	1
04A6EA	1	1	06	0D18	0	1	1
04A6F3	1	1	06	0D18	0	2	1
04A6F5	1	1	06	0D18	0	2	1
04A6F7	1	1	06	0D18	0	3	1
04A6FA	1	1	06	0D18	0	3	1
04A6FD	1	1	06	0D18	0	3	1
04A700	1	1	06	0D18	0	2	1
04A702	1	1	06	0D18	0	4	1
04A706	1	1	06	0D18	0	2	1
04A708	1	1	06	0D18	0	4	1
04A70C	1	1	06	0D18	0	2	1
04A70E	1	1	06	0D18	0	2	1
04A710	1	1	06	0D18	0	2	1
04A717	1	1	06	0D18	0	2	1
04A719	1	1	06	0D18	0	2	1
04A71B	1	1	06	0D18	0	2	1
04A71D	1	1	06	0D18	0	4	1
04A721	1	1	06	0D18	0	1	1
04A722	1	1	06	0D18	0	2	1
04A724	1	1	06	0D18	0	2	1
04A726	1	1	06	0D18	0	4	1
04A72A	1	1	06	0D18	0	4	1
04A72E	1	1	06	0D18	0	2	1
04A730	1	1	06	0D18	0	4	1
04A734	1	1	06	0D18	0	1	1
04A735	1	1	06	0D18	0	2	1
04A737	1	1	06	0D18	0	2	1
04A739	1	1	06	0D18	0	4	1
04A73D	1	1	06	0D18	0	2	1
04A73F	1	1	06	0D18	0	2	1
04A741	1	1	06	0D18	0	3	1
04A744	1	1	06	0D18	0	3	1
04A747	1	1	06	0D18	0	4	1
04A74B	1	1	06	0D18	0	1	1
04A8ED	1	1	06	0D18	0	2	1
04A8EF	1	1	06	0D18	0	2	1
04A8F1	1	1	06	0D18	0	2	1
04A8F3	1	1	06	0D18	0	2	1
04A8F5	1	1	06	0D18	0	3	1
04A8F8	1	1	06	0D18	0	1	1
04A8F9	1	1	06	0D18	0	1	1
04A8FA	1	1	06	0D18	0	2	1
04A8FC	1	1	06	0D18	0	2	1
04A8FE	1	1	06	0D18	0	2	1
04A900	1	1	06	0D18	0	2	1
04A902	1	1	06	0D18	0	2	1
04A904	1	1	06	0D18	0	2	1
04A906	1	1	06	0D18	0	2	1
04A908	1	1	06	0D18	0	1	1
04A909	1	1	06	0D18	0	2	1
04A90B	1	1	06	0D18	0	2	1
04A90D	1	1	06	0D18	0	2	1
04A90F	1	1	06	0D18	0	2	1
04A925	1	1	06	0D18	0	1	1
04A926	1	1	06	0D18	0	2	1
04A928	0	1	06	0D18	0	2	1
04A92A	0	1	06	0D18	0	1	1
04A92B	0	1	06	0D18	0	3	1
04A92E	0	1	06	0D18	0	2	1
04A930	0	1	06	0D18	0	2	1
04A932	0	1	06	0D18	0	3	1
04A935	0	1	06	0D18	0	1	1
04A936	0	1	06	0D18	0	1	1
04A937	0	1	06	0D18	0	2	1
04A939	1	1	06	0D18	0	2	1
04A93B	1	1	06	0D18	0	2	1
04A93D	1	1	06	0D18	0	2	1
04A93F	1	1	06	0D18	0	2	1
04A941	1	1	06	0D18	0	4	1
04A945	1	1	06	0D18	0	2	1
04A947	1	1	06	0D18	0	2	1
04A949	1	1	06	0D18	0	2	1
04A94B	1	1	06	0D18	0	2	1
04A94D	1	1	06	0D18	0	2	1
04A94F	1	1	06	0D18	0	2	1
04A951	1	1	06	0D18	0	4	1
04A955	1	1	06	0D18	0	2	1
04A957	1	1	06	0D18	0	2	1
04A959	1	1	06	0D18	0	2	1
04A95B	1	1	06	0D18	0	2	1
04A95D	1	1	06	0D18	0	1	1
04A95E	1	1	06	0D18	0	1	1
04A95F	1	1	06	0D18	0	2	1
04A961	1	1	06	0D18	0	1	1
04A962	1	1	06	0D18	0	1	1
04A963	1	1	06	0D18	0	2	1
04A965	1	1	06	0D18	0	2	1
04A967	1	1	06	0D18	0	1	1
04A968	1	1	06	0D18	0	1	1
04A969	1	1	06	0D18	0	4	1
04A96D	1	0	06	0D18	0	2	1
04A96F	1	0	06	0D18	0	3	1
04A972	1	0	06	0D18	0	2	1
04A974	1	0	06	0D18	0	3	1
04A977	1	0	06	0D18	0	2	1
04A979	1	0	06	0D18	0	3	1
04A97C	1	0	06	0D18	0	2	1
04A97E	1	0	06	0D18	0	3	1
04A981	1	0	06	0D18	0	2	1
04A983	0	0	06	0D18	0	2	1
04A985	0	0	06	0D18	0	3	1
04A988	0	0	06	0D18	0	1	1
04A989	0	0	06	0D18	0	1	1
04A98A	0	0	06	0D18	0	2	1
04A98C	0	0	06	0D18	0	2	1
04A98E	0	0	06	0D18	0	1	1
04A98F	0	0	06	0D18	0	3	1
04A992	0	0	06	0D18	0	3	1
04A995	0	0	06	0D18	0	1	1
04A996	0	0	06	0D18	0	3	1
04A999	0	0	06	0D18	0	1	1
04A99A	0	0	06	0D18	0	3	1
04A99D	0	0	06	0D18	0	3	1
04A9A0	0	0	06	0D18	0	2	1
04A9A2	0	0	06	0D18	0	2	1
04A9A4	0	0	06	0D18	0	1	1
04A9A5	0	0	06	0D18	0	3	1
04A9A8	0	0	06	0D18	0	3	1
04A9AB	0	0	06	0D18	0	2	1
04A9AD	1	0	06	0D18	0	2	1
04A9AF	1	1	06	0D18	0	1	1
04A9B0	1	1	06	0D18	0	2	1
04A9B2	1	1	06	0D18	0	3	1
04A9B5	1	1	06	0D18	0	3	1
04A9B8	1	1	06	0D18	0	2	1
04A9BA	1	1	06	0D18	0	3	1
04A9BD	1	1	06	0D18	0	3	1
04A9C0	1	1	06	0D18	0	2	1
04A9C2	1	1	06	0D18	0	3	1
04A9C5	1	1	06	0D18	0	2	1
04A9C7	1	1	06	0D18	0	3	1
04A9CA	1	1	06	0D18	0	3	1
04A9CD	1	1	06	0D18	0	1	1
04BE69	1	1	06	1548	0	2	1
04BE6B	1	1	06	1548	0	3	1
04BE6E	1	1	06	1548	0	2	1
04BE70	1	1	06	1548	0	3	1
04BE73	1	1	06	1548	0	2	1
04BE75	1	1	06	1548	0	1	1
04BE76	1	1	06	1548	0	3	1
04BE79	1	1	06	1548	0	2	1
04BE7B	1	1	06	1548	0	3	1
04BE7E	1	1	06	1548	0	2	1
04BE80	1	1	06	1548	0	1	1
04BE81	1	1	06	1548	0	3	1
04BE84	1	1	06	1548	0	2	1
04BE86	1	1	06	1548	0	3	1
04BE89	1	1	06	1548	0	2	1
04BE8B	1	1	06	1548	0	2	1
04BE8D	1	1	06	1548	0	1	1
04BE8E	1	1	06	1548	0	1	1
04CB8E	1	1	06	0D18	0	2	1
04CB90	1	1	06	0D18	0	3	1
04CB93	1	1	06	0D18	0	3	1
04CB96	1	1	06	0D18	0	2	1
04CB98	1	1	06	0D18	0	3	1
04CB9B	1	1	06	0D18	0	3	1
04CB9E	1	1	06	0D18	0	2	1
04CBA0	1	1	06	0D18	0	3	1
04CBA3	1	1	06	0D18	0	3	1
04CBA6	1	1	06	0D18	0	2	1
04CBA8	1	1	06	0D18	0	3	1
04CBAB	1	1	06	0D18	0	3	1
04CBAE	1	1	06	0D18	0	2	1
04CBB0	1	1	06	0D18	0	3	1
04CBB3	1	1	06	0D18	0	3	1
04CBB6	1	1	06	0D18	0	2	1
04CBB8	1	1	06	0D18	0	3	1
04CBBB	1	1	06	0D18	0	3	1
04CBBE	1	1	06	0D18	0	2	1
04CBC0	1	1	06	0D18	0	3	1
04CBC3	1	1	06	0D18	0	4	1
04CBC7	1	1	06	0D18	0	3	1
04CBCA	1	1	06	0D18	0	2	1
04CBCC	1	1	06	0D18	0	3	1
04CBCF	1	1	06	0D18	0	4	1
04CBD3	1	1	06	0D18	0	3	1
04CBD6	1	1	06	0D18	0	3	1
04CBD9	1	1	06	0D18	0	2	1
04CBDB	1	1	06	0D18	0	3	1
04CBDE	1	1	06	0D18	0	1	1
04CBDF	1	1	06	0D18	0	3	1
04CBE2	1	1	06	0D18	0	2	1
04CBE4	1	1	06	0D18	0	3	1
04CBE7	1	1	06	0D18	0	1	1
04CBE8	1	1	06	0D18	0	2	1
04CBEA	0	1	06	0D18	0	3	1
04CBED	0	1	06	0D18	0	3	1
04CBF0	0	1	06	0D18	0	1	1
04CBF1	0	1	06	0D18	0	2	1
04CBF3	0	1	06	0D18	0	1	1
04CBF4	0	1	06	0D18	0	3	1
04CBF7	0	1	06	0D18	0	3	1
04CBFA	0	1	06	0D18	0	2	1
04CBFC	0	1	06	0D18	0	3	1
04CBFF	0	1	06	0D18	0	3	1
04CC02	0	1	06	0D18	0	1	1
04CC03	0	1	06	0D18	0	2	1
04CC05	0	1	06	0D18	0	1	1
04CC06	0	1	06	0D18	0	3	1
04CC09	0	1	06	0D18	0	3	1
04CC0C	0	1	06	0D18	0	2	1
04CC0E	0	1	06	0D18	0	1	1
04CC0F	0	1	06	0D18	0	2	1
04CC11	0	1	06	0D18	0	3	1
04CC14	0	1	06	0D18	0	3	1
04CC17	0	1	06	0D18	0	1	1
04CC18	0	1	06	0D18	0	1	1
04CC19	0	1	06	0D18	0	3	1
04CC1C	0	1	06	0D18	0	3	1
04CC1F	0	1	06	0D18	0	1	1
04CC20	0	1	06	0D18	0	2	1
04CC22	0	1	06	0D18	0	3	1
04CC25	0	1	06	0D18	0	3	1
04CC28	0	1	06	0D18	0	1	1
04CC29	0	1	06	0D18	0	1	1
04CC2A	0	1	06	0D18	0	3	1
04CC2D	0	1	06	0D18	0	3	1
04CC30	0	1	06	0D18	0	2	1
04CC32	1	1	06	0D18	0	1	1
04D70D	1	1	06	1818	0	2	1
04D70F	1	1	06	1818	0	2	1
04D711	1	1	06	1818	0	2	1
04D713	1	1	06	1818	0	2	1
04D715	1	1	06	1818	0	3	1
04D718	1	1	06	1818	0	2	1
04D71A	1	1	06	1818	0	2	1
04D71C	1	1	06	1838	0	2	1
04D71E	1	1	06	1818	0	2	1
04D720	1	1	06	1818	0	2	1
04D722	0	0	06	1818	0	3	1
04D725	0	0	06	1818	0	3	1
04D728	0	0	06	1818	0	3	1
04D72B	0	0	06	1818	0	3	1
04D72E	0	0	06	1818	0	2	1
04D730	0	0	06	1838	0	3	1
04D733	0	0	06	1818	0	2	1
04D735	0	0	06	1818	0	1	1
04D736	0	0	06	1818	0	3	1
04D739	0	0	06	1818	0	3	1
04D73C	0	0	06	1818	0	3	1
04D73F	0	0	00	1818	0	3	1
04D742	0	0	00	1818	0	1	1
04D743	0	0	06	1818	0	2	1
04D745	1	1	06	1818	0	3	1
04D748	1	1	06	1818	0	2	1
04D74A	0	1	06	1818	0	3	1
04D74D	0	1	06	1818	0	3	1
04D750	0	1	06	1818	0	2	1
04D752	1	1	06	1818	0	2	1
04D754	1	1	06	1818	0	3	1
04D757	1	1	06	1818	0	2	1
04D759	1	1	06	1818	0	2	1
04D75B	1	1	06	1818	0	2	1
04D75D	1	1	06	1818	0	2	1
04D75F	1	1	06	1818	0	2	1
04D761	1	1	06	1818	0	2	1
04D763	1	1	06	1818	0	2	1
04D765	1	1	06	1818	0	2	1
04D767	1	1	06	1818	0	3	1
04D76A	1	1	06	1818	0	2	1
04D76C	0	1	06	1818	0	3	1
04D76F	0	1	06	1818	0	3	1
04D772	0	1	06	1818	0	2	1
04D774	1	1	06	1818	0	2	1
04D776	1	1	06	1818	0	3	1
04D779	1	1	06	1818	0	3	1
04D77C	1	1	06	1818	0	1	1
04D77D	1	1	06	1818	0	2	1
04D77F	1	1	06	1818	0	2	1
04D781	1	1	06	1818	0	2	1
04D783	1	1	06	1818	0	3	1
04D786	1	1	06	1818	0	4	1
04D78A	1	1	06	1818	0	2	1
04D78C	1	1	06	1818	0	2	1
04D78E	1	1	06	1818	0	1	1
04D78F	1	1	06	1818	0	2	1
04D791	1	1	06	1818	0	2	1
04D793	0	1	06	1818	0	3	1
04D796	0	1	06	1818	0	3	1
04D799	0	1	06	1818	0	2	1
04D79B	0	1	06	1818	0	2	1
04D79D	1	1	06	1818	0	2	1
04D79F	1	1	06	1818	0	2	1
04D7A1	1	1	06	1818	0	2	1
04D7A3	1	1	06	1818	0	3	1
04D7A6	1	1	06	1818	0	2	1
04D7A8	1	1	06	1818	0	2	1
04D7AA	1	1	06	1818	0	2	1
04D7AC	1	1	06	1818	0	2	1
04D7AE	1	1	06	1818	0	2	1
04D7B0	0	1	06	1818	0	3	1
04D7B3	0	1	06	1818	0	3	1
04D7B6	0	1	06	1818	0	2	1
04D7B8	1	1	06	1818	0	2	1
04D7BA	1	1	06	1818	0	2	1
04D7BC	1	1	06	1818	0	2	1
04D7BE	1	1	06	1818	0	2	1
04D7C0	1	1	06	1818	0	3	1
04D7C3	1	1	06	1818	0	1	1
04D7C4	1	1	06	1818	0	2	1
04D7C6	0	0	06	1818	0	3	1
04D7C9	0	0	06	1818	0	2	1
04D7CB	0	0	06	1818	0	1	1
04D7CC	0	0	06	1818	0	3	1
04D7CF	0	0	06	1818	0	3	1
04D7D2	0	0	06	1818	0	2	1
04D7D4	0	0	06	1818	0	3	1
04D7D7	0	0	06	1818	0	3	1
04D7DA	0	0	06	1818	0	3	1
04D7DD	0	0	06	1818	0	1	1
04D7DE	0	0	06	1818	0	3	1
04D7E1	0	0	06	1818	0	3	1
04D7E4	0	0	06	1818	0	3	1
04D7E7	0	0	06	1818	0	3	1
04D7EA	0	0	06	1818	0	3	1
04D7ED	0	0	06	1818	0	1	1
04D7EE	0	0	06	1818	0	3	1
04D7F1	0	0	06	1818	0	1	1
04D7F2	0	0	06	1818	0	1	1
04D7F3	0	0	06	1818	0	1	1
04D7F4	0	0	06	1818	0	3	1
04D7F7	0	0	06	1818	0	1	1
04D7F8	0	0	06	1818	0	2	1
04D7FA	0	0	06	1818	0	1	1
04D7FB	0	0	06	1818	0	3	1
04D7FE	0	0	06	1818	0	3	1
04D801	0	0	06	1818	0	2	1
04D816	0	0	06	1818	0	3	1
04D819	0	0	06	1818	0	3	1
04D81C	0	0	06	1818	0	1	1
04D81D	0	0	06	1818	0	3	1
04D820	0	0	06	1818	0	1	1
04D821	0	0	06	1818	0	1	1
04D822	0	0	06	1818	0	1	1
04D823	0	0	06	1818	0	3	1
04D826	0	0	06	1818	0	2	1
04D828	1	1	06	1818	0	1	1
04DB31	1	1	06	1D28	0	2	1
04DB33	1	1	06	1D28	0	2	1
04DB35	1	1	06	1D28	0	2	1
04DB37	1	1	06	1D28	0	2	1
04DB39	1	1	06	1D28	0	2	1
04DB3B	1	1	06	1D28	0	3	1
04DB3E	1	1	06	1D28	0	4	1
04DB42	1	1	06	1D28	0	4	1
04DB46	1	1	06	1D28	0	2	1
04DB48	1	1	06	1D28	0	2	1
04DB4A	1	1	06	1D28	0	1	1
04DB4B	1	1	06	1D28	0	2	1
04DB4D	1	1	06	1D28	0	3	1
04DB50	1	1	06	1D28	0	3	1
04DB53	1	1	06	1D28	0	2	1
04DB55	1	1	06	1D28	0	1	1
04DB56	1	1	06	1D28	0	4	1
04DB5E	1	1	06	1D28	0	2	1
04DB60	1	1	06	1D28	0	2	1
04DB62	1	0	06	1D28	0	4	1
04DB66	1	0	06	1D28	0	2	1
04DB68	1	0	06	1D28	0	2	1
04DB6A	0	0	06	1D28	0	3	1
04DB6D	0	0	06	1D28	0	3	1
04DB70	0	0	06	1D28	0	3	1
04DB73	0	0	06	1D28	0	3	1
04DB76	0	0	06	1D28	0	2	1
04DB78	1	0	06	1D28	0	2	1
04DB7A	1	0	06	1D28	0	3	1
04DB7D	1	0	06	1D28	0	2	1
04DB7F	1	0	06	1D28	0	3	1
04DB82	1	0	06	1D28	0	3	1
04DB85	1	0	06	1D28	0	3	1
04DB88	1	0	06	1D28	0	3	1
04DB8B	1	0	06	1D28	0	2	1
04DB8D	1	0	06	1D28	0	3	1
04DB90	1	0	06	1D28	0	1	1
04DB91	1	0	06	1D28	0	1	1
04DB92	1	0	06	1D28	0	2	1
04DB94	1	0	06	1D28	0	1	1
04DB95	1	0	06	1D28	0	1	1
04DB96	1	0	06	1D28	0	2	1
04DB98	1	0	06	1D28	0	4	1
04DB9C	1	0	06	1D28	0	1	1
04DB9D	1	0	06	1D28	0	2	1
04DB9F	1	0	06	1D28	0	3	1
04DBA2	1	0	06	1D28	0	2	1
04DBA4	0	0	06	1D28	0	3	1
04DBA7	0	0	06	1D28	0	1	1
04DBA8	0	0	06	1D28	0	1	1
04DBA9	0	0	06	1D28	0	1	1
04DBAA	0	0	06	1D28	0	1	1
04DBAB	0	0	06	1D28	0	3	1
04DBAE	0	0	06	1D28	0	1	1
04DBAF	0	0	06	1D28	0	2	1
04DBB1	1	0	06	1D28	0	2	1
04DBB3	1	0	06	1D28	0	1	1
04DBB4	1	0	06	1D28	0	2	1
04DBB6	1	0	06	1D28	0	2	1
04DBB8	1	0	06	1D28	0	2	1
04DBBA	1	0	06	1D28	0	2	1
04DBBC	1	0	06	1D28	0	2	1
04DBBE	1	0	06	1D28	0	2	1
04DBC0	1	0	06	1D28	0	2	1
04DBC2	1	0	06	1D28	0	2	1
04DBC4	1	0	06	1D28	0	2	1
04DBC6	1	0	06	1D28	0	1	1
04DBE5	1	1	06	1D28	0	2	1
04DBE7	0	1	06	1D28	0	2	1
04DBE9	0	1	06	1D28	0	2	1
04DBEB	1	1	06	1D28	0	2	1
04DBED	1	1	06	1D28	0	1	1
04DBEE	1	1	06	1D28	0	2	1
04DBF0	1	1	06	1D28	0	1	1
04DBF1	1	1	06	1D28	0	2	1
04DBF3	1	1	06	1D28	0	2	1
04DBF5	1	1	06	1D28	0	2	1
04DBF7	1	1	06	1D28	0	2	1
04DBF9	1	1	06	1D28	0	1	1
04DBFA	1	1	06	1D28	0	2	1
04DBFC	0	1	06	1D28	0	3	1
04DBFF	0	1	06	1D28	0	3	1
04DC02	0	1	06	1D28	0	2	1
04DC04	0	1	06	1D28	0	3	1
04DC07	0	1	06	1D28	0	2	1
04DC09	0	1	06	1D28	0	2	1
04DC0B	1	1	06	1D28	0	1	1
04DC0C	0	1	06	1D28	0	2	1
04DC0E	1	1	06	1D28	0	2	1
04DC10	1	1	06	1D28	0	1	1
04DC11	1	1	06	1D38	0	2	1
04DC13	1	1	06	1D38	0	3	1
04DC1C	1	1	06	1D38	0	2	1
04DC1E	1	1	06	1D38	0	2	1
04DC20	1	1	06	1D38	0	4	1
04DC24	1	1	06	1D38	0	2	1
04DC26	1	1	06	1D38	0	2	1
04DC28	1	1	06	1D38	0	2	1
04DC2A	1	1	06	1D38	0	2	1
04DC2C	1	1	06	1D18	0	2	1
04DC2E	1	1	06	1D18	0	2	1
04DC30	1	1	06	1D18	0	1	1
04DC31	1	1	06	1D38	0	2	1
04DC33	1	1	06	1D38	0	2	1
04DC35	1	1	06	1D38	0	1	1
04DC36	1	1	06	1D18	0	2	1
04DC38	1	1	06	1D18	0	2	1
04DC3A	1	0	06	1D18	0	4	1
04DC3E	1	0	06	1D18	0	2	1
04DC40	1	0	06	1D18	0	2	1
04DC42	1	0	06	1D18	0	3	1
04DC45	1	0	06	1D18	0	2	1
04DC47	1	0	06	1D18	0	3	1
04DC4A	1	0	06	1D18	0	2	1
04DC4C	1	0	06	1D18	0	3	1
04DC4F	1	0	06	1D18	0	3	1
04DC52	1	0	06	1D18	0	3	1
04DC55	1	0	06	1D18	0	3	1
04DC58	1	0	06	1D18	0	2	1
04DC5A	0	0	06	1D18	0	2	1
04DC5C	0	0	06	1D18	0	3	1
04DC5F	0	0	06	1D18	0	2	1
04DC61	0	0	06	1D18	0	3	1
04DC64	0	0	06	1D18	0	2	1
04DC66	1	0	06	1D18	0	2	1
04DC68	1	0	06	1D18	0	2	1
04DC6A	1	0	06	1D18	0	2	1
04DC6C	1	1	06	1D18	0	1	1
04DC6D	1	1	06	1D38	0	4	1
04DC71	1	1	06	1D38	0	2	1
04DC73	1	1	06	1D38	0	2	1
04DC75	1	1	06	1D18	0	4	1
04DC79	1	1	06	1D18	0	1	1
04DC7A	1	1	06	1D18	0	2	1
04DC7C	1	1	06	1D18	0	4	1
04DC80	1	1	06	1D38	0	2	1
04DC82	1	1	06	1D38	0	2	1
04DC84	1	1	06	1D38	0	2	1
04DC86	1	1	06	1D38	0	2	1
04DC88	1	1	06	1D38	0	2	1
04DC8A	1	1	06	1D38	0	2	1
04DC8C	0	1	06	1D38	0	3	1
04DC8F	0	1	06	1D38	0	3	1
04DC92	0	1	06	1D38	0	2	1
04DC94	0	1	06	1D38	0	3	1
04DC97	0	1	06	1D38	0	3	1
04DC9A	0	1	06	1D38	0	2	1
04DC9C	0	1	06	1D38	0	4	1
04DCA0	0	1	06	1D38	0	3	1
04DCA3	0	1	06	1D38	0	3	1
04DCA6	0	1	06	1D38	0	2	1
04DCAC	0	1	06	1D38	0	2	1
04DCAE	1	1	06	1D38	0	2	1
04DCB0	1	1	06	1D38	0	2	1
04DCB2	1	1	06	1D38	0	3	1
04DCB5	1	1	06	1D38	0	2	1
04DCB7	1	1	06	1D38	0	3	1
04DCBA	1	1	06	1D38	0	1	1
04DCC3	1	1	06	1D38	0	2	1
04DCC5	1	1	06	1D38	0	2	1
04DCC7	1	1	06	1D38	0	2	1
04DCC9	1	1	06	1D38	0	2	1
04DCCB	1	1	06	1D38	0	2	1
04DCCD	1	1	06	1D38	0	2	1
04DCCF	1	1	06	1D38	0	3	1
04DCD2	1	1	06	1D38	0	2	1
04DCD4	1	1	06	1D38	0	3	1
04DCD7	1	1	06	1D38	0	3	1
04DCDA	1	1	06	1D38	0	3	1
04DCDD	1	1	06	1D38	0	1	1
04DCDE	1	1	06	1D38	0	2	1
04DCE0	1	1	06	1D38	0	2	1
04DCE2	1	1	06	1D38	0	2	1
04DCE4	1	1	06	1D38	0	3	1
04DCE7	1	1	06	1D38	0	2	1
04DCE9	1	1	06	1D38	0	2	1
04DCEB	1	1	06	1D38	0	1	1
04DCEC	1	1	06	1D38	0	2	1
04DCEE	1	1	06	1D38	0	3	1
04DCF7	1	1	06	1D38	0	2	1
04DCF9	1	1	06	1D38	0	2	1
04DCFB	1	1	06	1D38	0	2	1
04DCFD	0	1	06	1D38	0	3	1
04DD00	0	1	06	1D38	0	3	1
04DD03	0	1	06	1D38	0	3	1
04DD06	0	1	06	1D38	0	3	1
04DD09	0	1	06	1D38	0	2	1
04DD0B	1	1	06	1D38	0	2	1
04DD0D	1	1	06	1D38	0	3	1
04DD10	1	1	06	1D38	0	4	1
04DD14	1	1	06	1D38	0	1	1
04DD15	1	1	06	1D38	0	3	1
04DD18	1	1	06	1D38	0	2	1
04DD1A	1	1	06	1D38	0	2	1
04DD1C	1	1	06	1D38	0	2	1
04DD1E	1	1	06	1D38	0	2	1
04DD20	1	1	06	1D38	0	3	1
04DD23	1	1	06	1D38	0	2	1
04DD25	1	1	06	1D38	0	3	1
04DD28	1	1	06	1D38	0	4	1
04DD2C	1	1	06	1D38	0	1	1
04DD2D	1	1	06	1D38	0	3	1
04DD30	1	1	06	1D38	0	2	1
04DD32	1	1	06	1D38	0	2	1
04DD34	1	1	06	1D38	0	2	1
04DD36	1	1	06	1D38	0	2	1
04DD38	1	1	06	1D38	0	3	1
04DD3B	1	1	06	1D38	0	4	1
04DD3F	1	1	06	1D38	0	1	1
04DD40	1	1	06	1D38	0	2	1
04DD42	0	1	06	1D38	0	2	1
04DD44	0	1	06	1D38	0	2	1
04DD46	0	1	06	1D38	0	3	1
04DD49	0	1	06	1D38	0	3	1
04DD4C	0	1	06	1D38	0	2	1
04DD4E	0	1	06	1D38	0	1	1
04DD4F	0	1	06	1D38	0	1	1
04DD50	0	1	06	1D38	0	1	1
04DD51	0	1	06	1D38	0	2	1
04DD53	0	1	06	1D38	0	2	1
04DD55	1	1	06	1D38	0	2	1
04DD57	1	1	06	1D38	0	2	1
04DD59	1	1	06	1D38	0	2	1
04DD5B	1	1	06	1D38	0	2	1
04DD5D	1	1	06	1D38	0	2	1
04DD5F	1	1	06	1D38	0	2	1
04DD61	0	1	06	1D38	0	3	1
04DD64	0	1	06	1D38	0	3	1
04DD67	0	1	06	1D38	0	2	1
04DD69	1	1	06	1D38	0	2	1
04DD6B	1	1	06	1D38	0	2	1
04DD6D	1	1	06	1D38	0	2	1
04DD6F	1	1	06	1D38	0	1	1
078000	1	1	06	0000	0	2	1
078002	1	1	06	0000	0	1	1
078003	1	1	06	0000	0	2	1
078005	1	1	06	0000	0	1	1
078006	1	1	06	0000	0	2	1
078008	1	1	06	0000	0	3	1
07800B	1	1	06	0000	0	3	1
07800E	1	1	06	0000	0	2	1
078010	1	1	06	0000	0	3	1
078013	1	1	06	0000	0	2	1
078015	1	1	06	0000	0	3	1
078018	1	1	06	0000	0	2	1
07801A	1	1	06	0000	0	3	1
07801D	1	1	06	0000	0	3	1
078020	1	1	06	0000	0	3	1
078023	1	1	06	0000	0	2	1
078025	1	1	06	0000	0	4	1
078029	1	1	06	0000	0	2	1
07802B	1	1	06	0000	0	4	1
07802F	1	1	06	0000	0	2	1
078031	1	1	06	0000	0	4	1
078035	1	1	06	0000	0	2	1
078037	1	1	06	0000	0	3	1
07803A	1	1	06	0000	0	2	1
07803C	1	1	06	0000	0	3	1
07803F	1	1	06	0000	0	2	1
078041	1	1	06	0000	0	3	1
078044	1	1	06	0000	0	3	1
078047	1	1	06	0000	0	2	1
078049	1	1	06	0000	0	3	1
07804C	1	1	06	0000	0	3	1
07804F	1	1	06	0000	0	3	1
078052	1	1	06	0000	0	2	1
078054	1	1	06	0000	0	3	1
078057	1	1	06	0000	0	2	1
078059	1	1	06	0000	0	3	1
07805C	1	1	06	0000	0	3	1
07805F	1	1	06	0000	0	3	1
078062	1	1	06	0000	0	2	1
078064	1	1	06	0000	0	3	1
078067	1	1	06	0000	0	2	1
078069	1	1	06	0000	0	3	1
07806C	1	1	06	0000	0	2	1
07806E	1	1	06	0000	0	3	1
078071	1	1	06	0000	0	3	1
078074	1	1	06	0000	0	4	1
078078	1	1	06	0000	0	2	1
07807A	0	1	06	0000	0	3	1
07807D	0	1	06	0000	0	3	1
078080	0	1	06	0000	0	3	1
078083	0	1	06	0000	0	3	1
078086	0	1	06	0000	0	2	1
078088	1	1	06	0000	0	2	1
07808A	0	1	06	0000	0	3	1
07808D	0	1	06	0000	0	3	1
078090	0	1	06	0000	0	3	1
078093	0	1	06	0000	0	3	1
078096	0	1	06	0000	0	3	1
078099	0	1	06	0000	0	2	1
07809B	1	1	06	0000	0	3	1
07809E	1	1	06	0000	0	2	1
0780A0	1	1	06	0000	0	3	1
0780A3	1	1	06	0000	0	4	1
0780A7	1	1	06	0000	0	1	1
0780A8	1	1	06	0000	0	2	1
0780AA	1	1	06	0000	0	3	1
0780AD	1	1	06	0000	0	2	1
0780AF	1	1	06	0000	0	3	1
0780B2	1	1	06	0000	0	1	1
0780B3	1	1	06	0000	0	2	1
0780B5	1	1	06	0000	0	2	1
0780B7	1	1	06	0000	0	4	1
0780BB	1	1	06	0000	0	1	1
0780BC	1	1	06	0000	0	4	1
0780C0	1	1	06	0000	0	2	1
0780C2	1	1	06	0000	0	3	1
0780C5	1	1	06	0000	0	3	1
0780C8	1	1	06	0000	0	2	1
0780CA	1	1	06	0000	0	3	1
0780CD	1	1	06	0000	0	3	1
0780D0	1	1	06	0000	0	3	1
0780D3	1	1	06	0000	0	3	1
0780D6	1	1	06	0000	0	2	1
0780D8	1	1	06	0000	0	3	1
0780DB	1	1	06	0000	0	1	1
0780DC	1	1	06	0000	0	2	1
0780DE	1	1	06	0000	0	2	1
0780E0	1	1	06	0000	0	4	1
0780E4	1	1	06	0000	0	1	1
0780E5	1	1	06	0000	0	3	1
0780E8	1	1	06	0000	0	3	1
0780EB	1	1	06	0000	0	3	1
0780EE	1	1	06	0000	0	4	1
0780F2	1	1	06	0000	0	4	1
0780F6	1	1	06	0000	0	3	1
0780F9	1	1	06	0000	0	2	1
0780FB	1	1	06	0000	0	3	1
0780FE	1	1	06	0000	0	2	1
078100	1	1	06	0000	0	4	1
078104	1	1	06	0000	0	3	1
078107	1	1	06	0000	0	2	1
078109	1	1	06	0000	0	4	1
07810D	1	1	06	0000	0	2	1
07810F	1	1	06	0000	0	3	1
078112	1	1	06	0000	0	2	1
078114	1	1	06	0000	0	3	1
078117	1	1	06	0000	0	3	1
07811A	1	1	06	0000	0	3	1
07811D	1	1	06	0000	0	2	1
07811F	1	1	06	0000	0	4	1
078123	1	1	06	0000	0	2	1
078125	1	1	06	0000	0	3	1
078128	1	1	06	0000	0	2	1
07812A	1	1	06	0000	0	3	1
07812D	1	1	06	0000	0	4	1
078131	1	1	06	0000	0	3	1
078134	1	1	06	0000	0	3	1
078137	1	1	06	0000	0	2	1
078139	1	1	06	0000	0	3	1
07813C	1	1	06	0000	0	4	1
078140	1	1	06	0000	0	4	1
078144	1	1	06	0000	0	4	1
078148	1	1	06	0000	0	3	1
07814B	1	1	06	0000	0	2	1
07814D	1	1	06	0000	0	2	1
07814F	1	1	06	0000	0	3	1
078152	1	1	06	0000	0	4	1
078156	1	1	06	0000	0	3	1
078159	1	1	06	0000	0	2	1
078173	1	1	06	0000	0	1	1
078174	1	1	06	0000	0	3	1
078177	1	1	06	0000	0	2	1
078179	1	1	06	0000	0	3	1
07817C	1	1	06	0000	0	1	1
07817D	1	1	06	0000	0	3	1
078180	1	1	06	0000	0	2	1
078182	1	1	06	0000	0	3	1
078185	1	1	06	0000	0	1	1
078186	1	1	06	0000	0	3	1
078189	1	1	06	0000	0	2	1
07818B	1	1	06	0000	0	3	1
07818E	1	1	06	0000	0	1	1
07818F	1	1	06	0000	0	3	1
078192	1	1	06	0000	0	2	1
078194	1	1	06	0000	0	3	1
078197	1	1	06	0000	0	1	1
078198	1	1	06	0000	0	1	1
078199	1	1	06	0000	0	3	1
0781A2	1	1	06	0000	0	3	1
0781A5	1	1	06	0000	0	3	1
0781A8	1	1	06	0000	0	2	1
0781AA	0	1	06	0000	0	1	1
0781AB	0	1	06	0000	0	3	1
0781AE	0	1	06	0000	0	3	1
0781B1	0	1	06	0000	0	3	1
0781B4	0	1	06	0000	0	3	1
0781B7	0	1	06	0000	0	3	1
0781BA	0	1	06	0000	0	3	1
0781BD	0	1	06	0000	0	1	1
0781BE	0	1	06	0000	0	4	1
0781C2	0	1	06	0000	0	3	1
0781C5	0	1	06	0000	0	3	1
0781C8	0	1	06	0000	0	4	1
0781CC	0	1	06	0000	0	3	1
0781CF	0	1	06	0000	0	3	1
0781D2	0	1	06	0000	0	1	1
0781D3	0	1	06	0000	0	4	1
0781D7	0	1	06	0000	0	3	1
0781DA	0	1	06	0000	0	4	1
0781DE	0	1	06	0000	0	4	1
0781E2	0	1	06	0000	0	3	1
0781E5	0	1	06	0000	0	4	1
0781E9	0	1	06	0000	0	2	1
0781EB	1	1	06	0000	0	4	1
0781EF	1	1	06	0000	0	2	1
0781F1	1	1	06	0000	0	3	1
0781F4	1	1	06	0000	0	1	1
0781F5	1	1	06	0000	0	3	1
0781F8	1	1	06	0000	0	3	1
0781FB	1	1	06	0000	0	3	1
0781FE	1	1	06	0000	0	3	1
078201	1	1	06	0000	0	2	1
078203	1	1	06	0000	0	2	1
078205	1	1	06	0000	0	3	1
078208	1	1	06	0000	0	3	1
07820B	1	1	06	0000	0	1	1
07820C	1	1	06	0000	0	3	1
07820F	1	1	06	0000	0	2	1
078211	1	1	06	0000	0	3	1
078214	1	1	06	0000	0	4	1
078218	1	1	06	0000	0	4	1
07821C	1	1	06	0000	0	2	1
07821E	0	1	06	0000	0	3	1
078221	0	1	06	0000	0	2	1
078223	0	1	06	0000	0	4	1
078227	0	1	06	0000	0	2	1
078229	1	1	06	0000	0	3	1
07822C	1	1	06	0000	0	1	1
07822D	1	1	06	0000	0	1	1
07822E	1	1	06	0000	0	3	1
078231	1	1	06	0000	0	2	1
078233	1	1	06	0000	0	2	1
078235	1	1	06	0000	0	2	1
078237	1	1	06	0000	0	2	1
078239	1	1	06	0000	0	3	1
07823C	1	1	06	0000	0	1	1
07823D	1	1	06	0000	0	3	1
078240	1	1	06	0000	0	3	1
078243	1	1	06	0000	0	3	1
078246	1	1	06	0000	0	3	1
078249	1	1	06	0000	0	3	1
07824C	1	1	06	0000	0	3	1
07824F	1	1	06	0000	0	3	1
078252	1	1	06	0000	0	3	1
078255	1	1	06	0000	0	3	1
078258	1	1	06	0000	0	3	1
07825B	1	1	06	0000	0	3	1
07825E	1	1	06	0000	0	3	1
078261	1	1	06	0000	0	3	1
078264	1	1	06	0000	0	3	1
078267	1	1	06	0000	0	2	1
078269	1	1	06	0000	0	3	1
07826C	1	1	06	0000	0	3	1
07826F	1	1	06	0000	0	3	1
078272	1	1	06	0000	0	3	1
078275	1	1	06	0000	0	3	1
078278	1	1	06	0000	0	3	1
07827B	1	1	06	0000	0	1	1
07827C	1	1	06	0000	0	3	1
07827F	1	1	06	0000	0	2	1
078281	1	1	06	0000	0	2	1
078283	1	1	06	0000	0	2	1
078285	1	1	06	0000	0	1	1
078286	1	1	06	0000	0	2	1
078288	0	0	06	0000	0	3	1
07828B	0	0	06	0000	0	3	1
07828E	0	0	06	0000	0	3	1
078291	0	0	06	0000	0	3	1
078294	0	0	06	0000	0	3	1
078297	0	0	06	0000	0	3	1
07829A	0	0	06	0000	0	3	1
07829D	0	0	06	0000	0	3	1
0782A0	0	0	06	0000	0	3	1
0782A3	0	0	06	0000	0	1	1
0782A4	0	0	06	0000	0	1	1
0782A5	0	0	06	0000	0	3	1
0782A8	0	0	06	0000	0	1	1
0782A9	0	0	06	0000	0	1	1
0782AA	0	0	06	0000	0	1	1
0782AB	0	0	06	0000	0	3	1
0782AE	0	0	06	0000	0	1	1
0782AF	0	0	06	0000	0	2	1
0782B1	0	0	06	0000	0	2	1
0782B3	0	0	06	0000	0	3	1
0782B6	0	0	06	0000	0	3	1
0782B9	0	0	06	0000	0	3	1
0782BC	0	0	06	0000	0	1	1
0782BD	0	0	06	0000	0	1	1
0782BE	0	0	06	0000	0	2	1
0782C0	0	0	06	0000	0	2	1
0782C2	1	1	06	0000	0	1	1
0782C3	1	1	06	0000	0	3	1
0782C6	1	1	06	0000	0	1	1
0782C7	1	1	06	0000	0	2	1
0782C9	1	1	06	0000	0	3	1
0782CC	1	1	06	0000	0	2	1
0782CE	0	1	06	0000	0	3	1
0782D1	0	1	06	0000	0	3	1
0782D4	0	1	06	0000	0	2	1
0782D6	0	1	06	0000	0	3	1
0782D9	0	1	06	0000	0	3	1
0782DC	0	1	06	0000	0	3	1
0782DF	0	1	06	0000	0	2	1
0782E1	0	1	06	0000	0	3	1
0782E4	0	1	06	0000	0	1	1
0782E5	0	1	06	0000	0	1	1
0782E6	0	1	06	0000	0	2	1
0782E8	0	1	06	0000	0	3	1
0782EB	0	1	06	0000	0	3	1
0782EE	0	1	06	0000	0	1	1
0782EF	0	1	06	0000	0	3	1
0782F2	0	1	06	0000	0	1	1
0782F3	0	1	06	0000	0	2	1
0782F5	0	1	06	0000	0	2	1
0782F7	0	1	06	0000	0	2	1
0782F9	0	1	06	0000	0	3	1
0782FC	0	1	06	0000	0	1	1
0782FD	0	1	06	0000	0	2	1
0782FF	0	1	06	0000	0	1	1
078300	0	1	06	0000	0	2	1
078302	0	1	06	0000	0	2	1
078304	1	1	06	0000	0	1	1
078305	1	1	06	0000	0	3	1
078308	1	1	06	0000	0	1	1
078309	1	1	06	0000	0	2	1
07830B	1	1	06	0000	0	3	1
07830E	1	1	06	0000	0	2	1
078310	1	1	06	0000	0	3	1
078313	1	1	06	0000	0	2	1
078315	1	1	06	0000	0	3	1
078318	1	1	06	0000	0	2	1
07831A	1	1	06	0000	0	3	1
07831D	1	1	06	0000	0	2	1
07831F	1	1	06	0000	0	3	1
078322	1	1	06	0000	0	2	1
078324	1	1	06	0000	0	3	1
078327	1	1	06	0000	0	2	1
078329	1	1	06	0000	0	3	1
07832C	1	1	06	0000	0	2	1
07832E	1	1	06	0000	0	3	1
078331	1	1	06	0000	0	3	1
078334	1	1	06	0000	0	2	1
078336	1	1	06	0000	0	3	1
078339	1	1	06	0000	0	2	1
07833B	1	1	06	0000	0	3	1
07833E	1	1	06	0000	0	1	1
078340	1	1	06	0000	0	2	1
078342	1	1	06	0000	0	2	1
078344	1	1	06	0000	0	2	1
078346	1	1	06	0000	0	2	1
078348	1	1	06	0000	0	3	1
07834B	1	1	06	0000	0	2	1
07834D	1	1	06	0000	0	2	1
07834F	1	1	06	0000	0	2	1
078351	1	1	06	0000	0	1	1
078352	1	1	06	0000	0	2	1
078354	0	0	06	0000	0	1	1
078355	0	0	06	0000	0	1	1
078356	0	0	06	0000	0	1	1
078357	0	0	06	0000	0	3	1
07835A	0	0	06	0000	0	3	1
07835D	0	0	06	0000	0	1	1
07835E	0	0	06	0000	0	1	1
07835F	0	0	06	0000	0	1	1
078360	0	0	06	0000	0	1	1
078361	0	0	06	0000	0	1	1
078362	0	0	06	0000	0	3	1
078365	0	0	06	0000	0	2	1
078367	0	0	06	0000	0	2	1
078369	0	0	06	0000	0	3	1
07836C	0	0	06	0000	0	2	1
07836E	0	0	06	0000	0	2	1
078370	0	0	06	0000	0	3	1
078373	0	0	06	0000	0	3	1
078376	0	0	06	0000	0	2	1
078378	0	0	06	0000	0	3	1
07837B	0	0	06	0000	0	2	1
07837D	0	0	06	0000	0	3	1
078380	0	0	06	0000	0	2	1
078382	0	0	06	0000	0	2	1
078384	1	1	06	0000	0	1	1
078385	1	1	06	0000	0	2	1
078387	1	1	06	0000	0	1	1
078388	1	1	06	0000	0	1	1
078389	1	1	7E	0000	0	2	1
07838B	1	1	7E	0000	0	2	1
07838D	1	1	7E	0000	0	2	1
07838F	1	1	7E	0000	0	2	1
078391	1	1	7E	0000	0	2	1
078393	1	1	7E	0000	0	2	1
078395	1	1	7E	0000	0	2	1
078397	1	1	7E	0000	0	2	1
078399	1	1	7E	0000	0	3	1
07839C	1	1	7E	0000	0	2	1
07839E	1	1	7E	0000	0	2	1
0783A0	1	1	7E	0000	0	1	1
0783A1	1	1	7E	0000	0	2	1
0783A3	1	1	7E	0000	0	2	1
0783A5	1	1	7E	0000	0	1	1
0783A6	1	1	7E	0000	0	2	1
0783A8	1	1	7E	0000	0	3	1
0783AB	1	1	7E	0000	0	3	1
0783AE	1	1	7E	0000	0	2	1
0783B0	1	1	7E	0000	0	2	1
0783B2	0	1	7E	0000	0	2	1
0783B4	0	1	7E	0000	0	2	1
0783B6	0	1	7E	0000	0	2	1
0783B8	0	1	7E	0000	0	1	1
0783B9	0	1	7E	0000	0	2	1
0783BB	0	1	7E	0000	0	2	1
0783BD	0	1	7E	0000	0	2	1
0783BF	0	1	7E	0000	0	2	1
0783C1	1	1	7E	0000	0	2	1
0783C3	1	1	7E	0000	0	2	1
0783C5	1	1	7E	0000	0	1	1
0783C6	1	1	06	0000	0	1	1
0783C7	0	0	06	0000	0	1	1
0783C8	0	0	06	0000	0	1	1
0783C9	0	0	06	0000	0	3	1
0783CC	0	0	06	0000	0	1	1
0783CD	0	0	06	0000	0	1	1
0783CE	0	0	06	0000	0	1	1
0783CF	0	0	06	0000	0	1	1
0783D0	0	0	06	0000	0	2	1
0783D2	0	0	06	0000	0	2	1
0783D4	0	0	06	0000	0	2	1
0783D6	1	0	06	0000	0	2	1
0783D8	1	0	06	0000	0	2	1
0783DA	1	0	06	0000	0	4	1
0783DE	1	0	06	0000	0	2	1
0783E0	1	0	06	0000	0	4	1
0783E4	1	0	06	0000	0	2	1
0783E6	1	0	06	0000	0	4	1
0783EA	1	0	06	0000	0	2	1
0783EC	1	0	06	0000	0	4	1
0783F0	1	0	06	0000	0	2	1
0783F2	1	0	06	0000	0	4	1
0783F6	1	0	06	0000	0	2	1
0783F8	1	0	06	0000	0	4	1
0783FC	1	0	06	0000	0	2	1
0783FE	1	0	06	0000	0	4	1
078402	1	0	06	0000	0	2	1
078404	1	0	06	0000	0	4	1
078408	1	0	06	0000	0	2	1
07840A	1	1	06	0000	0	1	1
07840B	0	0	06	0000	0	3	1
07840E	1	1	7E	0000	0	2	1
078410	1	1	7E	0000	0	2	1
078412	1	1	7E	0000	0	2	1
078414	1	1	7E	0000	0	2	1
078416	1	1	7E	0000	0	2	1
078418	1	1	7E	0000	0	2	1
07841A	1	1	7E	0000	0	2	1
07841C	1	0	7E	0000	0	2	1
07841E	1	0	7E	0000	0	2	1
078420	1	0	7E	0000	0	2	1
078422	1	0	7E	0000	0	3	1
078425	1	0	7E	0000	0	2	1
078427	1	0	7E	0000	0	3	1
07842A	1	0	7E	0000	0	2	1
07842C	1	0	7E	0000	0	3	1
07842F	1	0	7E	0000	0	2	1
078431	1	0	7E	0000	0	3	1
078434	1	0	7E	0000	0	2	1
078436	1	0	7E	0000	0	3	1
078439	1	0	7E	0000	0	2	1
07843B	1	0	7E	0000	0	3	1
07843E	1	0	7E	0000	0	2	1
078440	1	0	7E	0000	0	3	1
078443	1	0	7E	0000	0	2	1
078445	1	0	7E	0000	0	3	1
078448	1	0	7E	0000	0	2	1
07844A	0	0	7E	0000	0	2	1
07844C	0	0	7E	0000	0	1	1
07844D	0	0	7E	0000	0	1	1
07844E	0	0	7E	0000	0	3	1
078451	0	0	7E	0000	0	2	1
078453	0	0	7E	0000	0	2	1
078455	0	0	7E	0000	0	1	1
078456	0	0	7E	0000	0	1	1
078457	0	0	7E	0000	0	3	1
07845A	0	0	7E	0000	0	1	1
07845B	0	0	7E	0000	0	2	1
07845D	0	0	7E	0000	0	1	1
07845E	0	0	7E	0000	0	2	1
078460	0	0	7E	0000	0	2	1
078462	1	0	7E	0000	0	3	1
078465	1	0	7E	0000	0	2	1
078467	1	0	7E	0000	0	3	1
07846A	1	0	7E	0000	0	2	1
07846C	1	0	7E	0000	0	3	1
07846F	1	0	7E	0000	0	2	1
078471	1	0	7E	0000	0	3	1
078474	1	0	7E	0000	0	2	1
078476	1	0	7E	0000	0	3	1
078479	1	0	7E	0000	0	2	1
07847B	1	0	7E	0000	0	3	1
07847E	1	0	7E	0000	0	2	1
078480	1	0	7E	0000	0	3	1
078483	1	0	7E	0000	0	2	1
078485	1	0	7E	0000	0	3	1
078488	1	0	7E	0000	0	2	1
07848A	1	0	7E	0000	0	2	1
07848C	1	1	7E	0000	0	1	1
078AAE	1	1	06	0E58	0	2	1
078AB0	1	1	06	0E58	0	3	1
078AB3	1	1	06	0E58	0	1	1
078ABA	1	1	06	0E58	0	4	1
078ABE	1	1	06	0E58	0	2	1
078AC0	0	1	06	0E58	0	3	1
078AC3	0	1	06	0E58	0	3	1
078AC6	0	1	06	0E58	0	2	1
078AC8	0	1	06	0E58	0	3	1
078ACB	0	1	06	0E58	0	2	1
078AD3	0	1	06	0E58	0	2	1
078AD5	0	1	06	0E58	0	1	1
078AD6	0	1	06	0E58	0	3	1
078AD9	0	1	06	0E58	0	4	1
078ADD	0	1	06	0E58	0	1	1
078ADE	0	1	06	0E58	0	2	1
078AE0	0	1	06	0E58	0	3	1
078AE3	0	1	06	0E58	0	4	1
078AE7	0	1	06	0E58	0	4	1
078AEB	0	1	06	0E58	0	2	1
078AED	1	1	06	0E58	0	2	1
078AEF	1	1	06	0E58	0	4	1
078AF3	1	1	06	0E58	0	2	1
078AF5	1	1	06	0E58	0	2	1
078AF7	1	1	06	0E58	0	2	1
078AF9	1	1	06	0E58	0	2	1
078AFB	1	1	06	0E58	0	2	1
078AFD	1	1	06	0E58	0	2	1
078AFF	1	1	06	0E58	0	2	1
078B01	1	1	06	0E58	0	2	1
078B03	1	1	06	0E58	0	4	1
078B07	1	1	06	0E58	0	1	1
078B08	1	1	06	0E58	0	2	1
078B0A	1	1	06	0E58	0	2	1
078B0C	1	1	06	0E58	0	2	1
078B0E	1	1	06	0E58	0	4	1
078B12	1	1	06	0E58	0	2	1
078B14	1	1	06	0E58	0	1	1
078B15	1	1	06	0E58	0	4	1
078B19	1	1	06	0E58	0	1	1
078B1A	1	1	06	0E58	0	4	1
078B1E	1	1	06	0E58	0	1	1
078B1F	1	1	06	0E58	0	3	1
078B23	1	1	06	0E58	0	2	1
078B25	1	1	06	0E58	0	2	1
078B27	1	1	06	0E58	0	1	1
078B30	1	1	06	0E58	0	2	1
078B32	1	0	06	0E58	0	2	1
078B34	1	1	06	0E58	0	2	1
078B36	1	1	06	0E58	0	2	1
078B38	1	1	06	0E58	0	4	1
078B3C	1	1	06	0E58	0	2	1
078B3E	1	1	06	0E58	0	2	1
078B40	1	1	06	0E58	0	2	1
078B42	1	1	06	0E58	0	2	1
078B44	1	1	06	0E58	0	4	1
078B48	1	0	06	0E58	0	2	1
078B4A	1	0	06	0E58	0	2	1
078B4C	1	0	06	0E58	0	3	1
078B4F	1	0	06	0E58	0	2	1
078B51	1	0	06	0E58	0	3	1
078B54	1	0	06	0E58	0	2	1
078B56	1	0	06	0E58	0	3	1
078B59	1	0	06	0E58	0	2	1
078B5B	1	0	06	0E58	0	3	1
078B5E	1	0	06	0E58	0	3	1
078B61	1	0	06	0E58	0	3	1
078B64	1	0	06	0E58	0	3	1
078B67	1	0	06	0E58	0	2	1
078B69	1	0	06	0E58	0	2	1
078B6B	0	0	06	0E58	0	2	1
078B6D	0	0	06	0E58	0	1	1
078B6E	0	0	06	0E58	0	3	1
078B71	0	0	06	0E58	0	2	1
078B73	0	0	06	0E58	0	2	1
078B75	0	0	06	0E58	0	3	1
078B78	0	0	06	0E58	0	2	1
078B7A	0	0	06	0E58	0	2	1
078B7C	0	0	06	0E58	0	3	1
078B7F	0	0	06	0E58	0	2	1
078B81	0	0	06	0E58	0	3	1
078B84	0	0	06	0E58	0	2	1
078B86	1	0	06	0E58	0	2	1
078B88	1	0	06	0E58	0	1	1
078B89	1	0	06	0E58	0	2	1
078B8B	1	0	06	0E58	0	1	1
078B8C	1	0	06	0E58	0	3	1
078B8F	1	0	06	0E58	0	1	1
078B90	1	0	06	0E58	0	3	1
078B93	1	0	06	0E58	0	2	1
078B98	1	1	06	0E58	0	2	1
078B9A	1	1	06	0E58	0	2	1
078B9C	1	1	06	0E58	0	2	1
078B9E	1	1	06	0E58	0	4	1
078BA2	1	1	06	0E58	0	2	1
078BA4	1	1	06	0E58	0	2	1
078BA6	1	1	06	0E58	0	2	1
078BA8	1	1	06	0E58	0	2	1
078BAA	1	1	06	0E58	0	4	1
078BAE	1	0	06	0E58	0	2	1
078BB0	0	0	06	0E58	0	2	1
078BB2	0	0	06	0E58	0	3	1
078BB5	0	0	06	0E58	0	2	1
078BB7	0	0	06	0E58	0	3	1
078BBA	0	0	06	0E58	0	2	1
078BBC	0	0	06	0E58	0	3	1
078BBF	0	0	06	0E58	0	2	1
078BC1	1	0	06	0E58	0	2	1
078BC3	1	0	06	0E58	0	3	1
078BC6	1	0	06	0E58	0	3	1
078BC9	1	0	06	0E58	0	2	1
078BCB	1	0	06	0E58	0	3	1
078BCE	1	0	06	0E58	0	2	1
078BD0	1	0	06	0E58	0	3	1
078BD3	1	0	06	0E58	0	2	1
078BD5	1	0	06	0E58	0	3	1
078BD8	1	0	06	0E58	0	3	1
078BDB	1	0	06	0E58	0	3	1
078BDE	1	0	06	0E58	0	3	1
078BE1	1	0	06	0E58	0	3	1
078BE4	1	0	06	0E58	0	2	1
078BE6	1	1	06	0E58	0	2	1
078BE8	1	1	06	0E58	0	4	1
078BEC	1	1	06	0E58	0	1	1
078BED	1	1	06	0E58	0	2	1
078BEF	0	1	06	0E58	0	2	1
078BF1	0	1	06	0E58	0	3	1
078BF4	1	1	06	0E58	0	2	1
078BF6	0	0	06	0E58	0	4	1
078BFA	0	0	06	0E58	0	1	1
078BFB	0	0	06	0E58	0	3	1
078BFE	0	0	06	0E58	0	3	1
078C01	1	1	06	0E58	0	2	1
078C03	0	1	06	0E58	0	4	1
078C07	0	1	06	0E58	0	3	1
078C0A	1	1	06	0E58	0	2	1
078C0C	1	1	06	0E58	0	2	1
078C12	1	1	06	0E58	0	4	1
078C16	1	0	06	0E58	0	1	1
078C17	0	1	06	0E58	0	1	1
078C18	0	1	06	0E58	0	2	1
078C1A	0	0	06	0E58	0	1	1
078C1B	0	0	06	0E58	0	2	1
078C1D	0	0	06	0E58	0	3	1
078C20	0	0	06	0E58	0	1	1
078C21	0	0	06	0E58	0	1	1
078C22	0	0	06	0E58	0	2	1
078C24	0	0	06	0E58	0	3	1
078C27	0	0	06	0E58	0	2	1
078C29	0	0	06	0E58	0	3	1
078C2C	0	0	06	0E58	0	2	1
078C33	0	0	06	0E58	0	3	1
078C36	0	0	06	0E58	0	2	1
078C3B	0	0	06	0E58	0	4	1
078C3F	0	0	06	0E58	0	3	1
078C42	0	0	06	0E58	0	3	1
078C45	0	0	06	0E58	0	3	1
078C48	0	0	06	0E58	0	1	1
078C49	0	0	06	0E58	0	4	1
078C4D	0	0	06	0E58	0	4	1
078C51	0	0	06	0E58	0	1	1
078C52	0	0	06	0E58	0	1	1
078C53	0	0	06	0E58	0	1	1
078C54	0	0	06	0E58	0	2	1
078C56	0	0	06	0E58	0	1	1
078C57	0	1	06	0E58	0	1	1
078C58	1	1	06	0E98	0	2	1
078C5A	1	1	06	0E98	0	3	1
078C63	1	1	06	0E98	0	4	1
078C67	1	1	06	0E98	0	2	1
078C69	1	1	06	0E98	0	2	1
078C6B	1	1	06	0E98	0	2	1
078C6D	1	1	06	0E98	0	4	1
078C71	1	1	06	0E98	0	2	1
078C73	1	1	06	0E98	0	2	1
078C75	1	1	06	0E98	0	2	1
078C77	1	1	06	0E98	0	2	1
078C79	1	1	06	0E98	0	2	1
078C7B	1	1	06	0E98	0	2	1
078C7D	1	1	06	0E98	0	2	1
078C7F	1	1	06	0E98	0	2	1
078C81	1	1	06	0E98	0	2	1
078C83	1	1	06	0E98	0	2	1
078C85	1	1	06	0E98	0	2	1
078C87	1	1	06	0E98	0	2	1
078C89	1	1	06	0E98	0	2	1
078C8B	1	1	06	0E98	0	2	1
078C8D	1	1	06	0E98	0	2	1
078C8F	1	1	06	0E98	0	4	1
078C93	1	1	06	0E98	0	2	1
078C95	1	1	06	0E98	0	2	1
078C97	1	1	06	0E98	0	2	1
078C99	0	0	06	0E98	0	2	1
078C9B	0	0	06	0E98	0	3	1
078C9E	0	0	06	0E98	0	2	1
078CA0	0	0	06	0E98	0	3	1
078CA3	0	0	06	0E98	0	2	1
078CA5	0	0	06	0E98	0	3	1
078CA8	0	0	06	0E98	0	2	1
078CAA	0	0	06	0E98	0	3	1
078CAD	0	0	06	0E98	0	4	1
078CB1	0	0	06	0E98	0	2	1
078CB3	1	1	06	0E98	0	2	1
078CB5	1	1	06	0E98	0	4	1
078CB9	1	1	06	0E98	0	2	1
078CBB	1	1	06	0E98	0	2	1
078CBD	1	1	06	0E98	0	2	1
078CBF	1	1	06	0E98	0	1	1
078CC0	1	1	06	0E98	0	2	1
078CC2	1	1	06	0E98	0	2	1
078CC4	1	1	06	0E98	0	2	1
078CC6	1	1	06	0E98	0	3	1
078CC9	1	0	06	0E98	0	4	1
078CCD	1	0	06	0E98	0	2	1
078CCF	1	0	06	0E98	0	2	1
078CD1	1	0	06	0E98	0	2	1
078CD3	1	0	06	0E98	0	2	1
078CD5	1	0	06	0E98	0	2	1
078CD7	1	0	06	0E98	0	2	1
078CD9	1	0	06	0E98	0	3	1
078CDC	1	0	06	0E98	0	2	1
078CDE	1	0	06	0E98	0	2	1
078CE0	1	1	06	0E98	0	4	1
078CE4	1	0	06	0E98	0	2	1
078CE6	1	0	06	0E98	0	3	1
078CE9	1	0	06	0E98	0	4	1
078CED	1	1	06	0E98	0	2	1
078D07	1	1	06	0E98	0	2	1
078D09	0	1	06	0E98	0	2	1
078D0B	0	1	06	0E98	0	4	1
078D0F	0	1	06	0E98	0	2	1
078D11	1	1	06	0E98	0	4	1
078D15	1	0	06	0E98	0	2	1
078D17	1	0	06	0E98	0	2	1
078D19	1	0	06	0E98	0	2	1
078D1B	1	0	06	0E98	0	1	1
078D24	1	1	06	0E98	0	2	1
078D26	1	1	06	0E98	0	2	1
078D28	1	1	06	0E98	0	2	1
078D2A	1	1	06	0E98	0	4	1
078D2E	1	1	06	0E98	0	4	1
078D32	1	1	06	0E98	0	2	1
078D34	1	1	06	0E98	0	2	1
078D36	1	1	06	0E98	0	2	1
078D38	1	1	06	0E98	0	2	1
078D3A	1	1	06	0E98	0	3	1
078D3D	1	0	06	0E98	0	2	1
078D3F	1	0	06	0E98	0	2	1
078D41	1	0	06	0E98	0	4	1
078D45	1	0	06	0E98	0	2	1
078D47	1	0	06	0E98	0	4	1
078D4B	1	0	06	0E98	0	2	1
078D4D	1	0	06	0E98	0	2	1
078D4F	1	0	06	0E98	0	1	1
078D50	1	0	06	0E98	0	2	1
078D52	1	0	06	0E98	0	2	1
078D54	1	0	06	0E98	0	1	1
078D55	1	0	06	0E98	0	2	1
078D57	1	0	06	0E98	0	2	1
078D59	1	0	06	0E98	0	2	1
078D5B	1	0	06	0E98	0	2	1
078D5D	1	0	06	0E98	0	2	1
078D5F	1	1	06	0E98	0	3	1
078D62	1	0	06	0E98	0	2	1
078D64	1	0	06	0E98	0	4	1
078D68	1	0	06	0E98	0	1	1
078D69	1	1	06	0E98	0	2	1
078D6B	1	1	06	0E98	0	3	1
078D6E	1	0	06	0E98	0	2	1
078D81	1	0	06	0E98	0	3	1
078D84	1	0	06	0E98	0	4	1
078D88	1	0	06	0E98	0	2	1
078D8A	1	0	06	0E98	0	3	1
078D8D	1	0	06	0E98	0	2	1
078D8F	1	0	06	0E98	0	4	1
078D93	1	0	06	0E98	0	2	1
078D95	1	0	06	0E98	0	4	1
078D99	1	0	06	0E98	0	2	1
078D9B	1	0	06	0E98	0	4	1
078D9F	1	0	06	0E98	0	2	1
078DA1	1	0	06	0E98	0	4	1
078DA5	1	0	06	0E98	0	2	1
078DA7	1	0	06	0E98	0	2	1
078DA9	1	0	06	0E98	0	1	1
078DAA	1	1	06	0E98	0	2	1
078DAC	1	1	06	0E98	0	2	1
078DAE	1	0	06	0E98	0	4	1
078DB2	1	0	06	0E98	0	2	1
078DB4	1	0	06	0E98	0	3	1
078DB7	1	0	06	0E98	0	1	1
078DB8	1	0	06	0E98	0	2	1
078DBA	0	0	06	0E98	0	2	1
078DBC	0	0	06	0E98	0	1	1
078DBD	0	0	06	0E98	0	4	1
078DC1	0	0	06	0E98	0	2	1
078DC3	0	0	06	0E98	0	3	1
078DC6	0	0	06	0E98	0	1	1
078DC7	0	0	06	0E98	0	3	1
078DCA	0	0	06	0E98	0	2	1
078DCC	0	0	06	0E98	0	3	1
078DCF	0	0	06	0E98	0	2	1
078DD1	1	0	06	0E98	0	3	1
078DD4	0	0	06	0E98	0	2	1
078DD6	1	0	06	0E98	0	2	1
078DD8	1	0	06	0E98	0	4	1
078DDC	1	0	06	0E98	0	2	1
078DDE	1	0	06	0E98	0	2	1
078DE0	1	0	06	0E98	0	1	1
078DE1	1	1	06	0E98	0	2	1
078DE3	1	1	06	0E98	0	2	1
078DE5	1	0	06	0E98	0	3	1
078DE8	1	0	06	0E98	0	3	1
078DEB	1	0	06	0E98	0	2	1
078DED	0	0	06	0E98	0	4	1
078DF1	0	0	06	0E98	0	3	1
078DF4	0	0	06	0E98	0	2	1
078DF6	0	0	06	0E98	0	2	1
078DF8	1	0	06	0E98	0	2	1
078DFA	1	0	06	0E98	0	2	1
078DFC	1	0	06	0E98	0	2	1
078DFE	0	0	06	0E98	0	3	1
078E01	0	0	06	0E98	0	3	1
078E04	0	0	06	0E98	0	2	1
078E06	1	0	06	0E98	0	4	1
078E0A	1	0	06	0E98	0	2	1
078E15	1	0	06	0E98	0	2	1
078E17	0	0	06	0E98	0	3	1
078E1A	0	0	06	0E98	0	4	1
078E1E	0	0	06	0E98	0	2	1
078E20	1	0	06	0E98	0	2	1
078E22	1	0	06	0E98	0	4	1
078E26	1	0	06	0E98	0	2	1
078E28	1	0	06	0E98	0	2	1
078E2A	1	0	06	0E98	0	2	1
078E2C	1	0	06	0E98	0	4	1
078E30	1	0	06	0E98	0	2	1
078E32	1	0	06	0E98	0	2	1
078E34	1	0	06	0E98	0	1	1
078E35	1	1	06	0E98	0	2	1
078E37	1	1	06	0E98	0	3	1
078E57	1	1	06	0E98	0	2	1
078E59	1	1	06	0E98	0	2	1
078E5B	1	0	06	0E98	0	2	1
078E5D	1	0	06	0E98	0	2	1
078E5F	1	0	06	0E98	0	3	1
078E62	1	0	06	0E98	0	2	1
078E64	1	1	06	0E98	0	4	1
078E68	1	1	06	0E98	0	1	1
078E69	1	1	06	0E98	0	2	1
078E6B	1	1	06	0E98	0	2	1
078E6D	1	1	06	0E98	0	4	1
078E71	1	1	06	0E98	0	2	1
078E73	1	1	06	0E98	0	2	1
078E75	1	1	06	0E98	0	1	1
078E76	1	1	06	0E98	0	2	1
078E78	1	0	06	0E98	0	1	1
078E79	1	1	06	0E98	0	2	1
078E7B	1	1	06	0E98	0	1	1
078E7C	1	1	06	0E98	0	1	1
078E7D	1	1	06	0E98	0	2	1
078E7F	0	0	06	0E98	0	3	1
078E82	0	0	06	0E98	0	3	1
078E85	1	0	06	0E98	0	2	1
078E87	1	0	06	0E98	0	2	1
078E89	1	1	06	0E98	0	2	1
078E8B	1	1	06	0E98	0	2	1
078E8D	1	1	06	0E98	0	4	1
078E91	1	1	06	0E98	0	2	1
078E93	1	1	06	0E98	0	2	1
078E95	1	1	06	0E98	0	2	1
078E97	1	1	06	0E98	0	2	1
078E99	1	1	06	0E98	0	2	1
078E9B	0	0	06	0E98	0	1	1
078E9C	0	0	06	0E98	0	3	1
078E9F	0	0	06	0E98	0	1	1
078EA0	0	0	06	0E98	0	1	1
078EA1	0	0	06	0E98	0	1	1
078EA2	0	0	06	0E98	0	3	1
078EA5	0	0	06	0E98	0	3	1
078EA8	1	0	06	0E98	0	2	1
078EAA	1	0	06	0E98	0	1	1
078EAB	1	0	06	0E98	0	1	1
078EAC	1	0	06	0E98	0	2	1
078EAE	1	0	06	0E98	0	2	1
078EB0	1	0	06	0E98	0	2	1
078EB2	1	0	06	0E98	0	1	1
078EB3	1	0	06	0E98	0	2	1
078EB5	1	0	06	0E98	0	1	1
078EB6	0	0	06	0E98	0	2	1
078EB8	0	0	06	0E98	0	2	1
078EBA	0	0	06	0E98	0	1	1
078EBB	0	0	06	0E98	0	3	1
078EBE	0	0	06	0E98	0	2	1
078EC0	0	0	06	0E98	0	3	1
078EC3	0	0	06	0E98	0	1	1
078EC4	0	0	06	0E98	0	3	1
078EC7	0	0	06	0E98	0	2	1
078EC9	0	0	06	0E98	0	2	1
078ECB	0	0	06	0E98	0	1	1
078ECC	0	0	06	0E98	0	3	1
078ECF	0	0	06	0E98	0	2	1
078ED1	0	0	06	0E98	0	3	1
078ED4	0	0	06	0E98	0	1	1
078ED5	0	0	06	0E98	0	3	1
078ED8	0	0	06	0E98	0	2	1
078EDA	0	0	06	0E98	0	1	1
078EDB	0	0	06	0E98	0	4	1
078EDF	0	0	06	0E98	0	2	1
078EE1	1	0	06	0E98	0	1	1
078EE2	0	0	06	0E98	0	2	1
078EE4	1	0	06	0E98	0	2	1
078EE6	1	0	06	0E98	0	4	1
078EEA	1	0	06	0E98	0	4	1
078EEE	1	0	06	0E98	0	2	1
078EF0	1	0	06	0E98	0	1	1
078EF1	1	0	06	0E98	0	1	1
078EF2	1	0	06	0E98	0	2	1
078EF4	1	0	06	0E98	0	2	1
078EF6	1	0	06	0E98	0	2	1
078EF8	1	0	06	0E98	0	1	1
078EF9	1	0	06	0E98	0	2	1
078EFB	1	1	06	0E98	0	2	1
078EFD	1	1	06	0E98	0	1	1
078EFE	1	1	06	0E98	0	2	1
078F00	1	1	06	0E98	0	1	1
078F01	1	1	06	0E98	0	3	1
078F04	1	1	06	0E98	0	2	1
078F06	1	1	06	0E98	0	1	1
078F07	1	1	06	0E98	0	2	1
078F09	1	1	06	0E98	0	2	1
078F0B	1	1	06	0E98	0	1	1
078F0C	1	1	06	0E98	0	2	1
078F0E	1	1	06	0E98	0	1	1
078F0F	1	1	06	0E98	0	2	1
078F11	0	0	06	0E98	0	1	1
078F12	0	0	06	0E98	0	1	1
078F13	0	0	06	0E98	0	1	1
078F14	0	0	06	0E98	0	3	1
078F17	0	0	06	0E98	0	2	1
078F19	0	0	06	0E98	0	2	1
078F1B	1	1	06	0E98	0	3	1
078F1E	1	1	06	0E98	0	2	1
078F20	1	1	06	0E98	0	1	1
078F21	1	1	06	0E98	0	2	1
078F23	1	1	06	0E98	0	2	1
078F28	1	1	06	0E98	0	1	1
078F29	1	1	06	0E98	0	2	1
078F2B	0	0	06	0E98	0	1	1
078F2C	0	0	06	0E98	0	1	1
078F2D	0	0	06	0E98	0	3	1
078F30	0	0	06	0E98	0	1	1
078F31	0	0	06	0E98	0	3	1
078F34	0	0	06	0E98	0	2	1
078F36	0	0	06	0E98	0	1	1
078F37	1	0	06	0E98	0	1	1
078F38	1	0	06	0E98	0	1	1
078F39	1	0	06	0E98	0	2	1
078F3B	1	1	06	0E98	0	4	1
078F3F	1	1	06	0E98	0	2	1
078F41	1	1	06	0E98	0	4	1
078F45	1	1	06	0E98	0	2	1
078F47	1	1	06	0E98	0	2	1
078F49	0	0	06	0E98	0	4	1
078F4D	0	0	06	0E98	0	2	1
078F4F	0	0	06	0E98	0	1	1
078F50	0	0	06	0E98	0	4	1
078F54	1	0	06	0E98	0	2	1
078F56	1	0	06	0E98	0	2	1
078F58	0	0	06	0E98	0	4	1
078F5C	0	0	06	0E98	0	3	1
078F5F	0	0	06	0E98	0	2	1
078F61	1	0	06	0E98	0	2	1
078F63	1	0	06	0E98	0	3	1
078F66	1	0	06	0E98	0	2	1
078F68	1	0	06	0E98	0	2	1
078F6A	1	0	06	0E98	0	4	1
078F6E	1	0	06	0E98	0	2	1
078F70	1	0	06	0E98	0	4	1
078F74	1	0	06	0E98	0	2	1
078F76	0	0	06	0E98	0	4	1
078F7A	0	0	06	0E98	0	3	1
078F7D	0	0	06	0E98	0	2	1
078F7F	0	0	06	0E98	0	4	1
078F83	0	0	06	0E98	0	1	1
078F84	1	0	06	0E98	0	1	1
078F85	0	0	06	0E98	0	1	1
078F86	0	0	06	0E98	0	2	1
078F88	0	0	06	0E98	0	4	1
078F8C	0	0	06	0E98	0	2	1
078F8E	0	0	06	0E98	0	1	1
078F8F	0	0	06	0E98	0	3	1
078F92	0	0	06	0E98	0	3	1
078F95	0	0	06	0E98	0	3	1
078F98	0	0	06	0E98	0	2	1
078F9A	0	0	06	0E98	0	3	1
078F9D	0	0	06	0E98	0	2	1
078F9F	0	0	06	0E98	0	1	1
078FA0	0	0	06	0E98	0	3	1
078FA3	0	0	06	0E98	0	3	1
078FA6	0	0	06	0E98	0	1	1
078FA7	0	0	06	0E98	0	1	1
078FA8	1	1	06	0D58	0	2	1
078FAA	1	1	06	0D58	0	2	1
078FAC	1	1	06	0D58	0	2	1
078FAE	1	1	06	0D58	0	3	1
078FB1	1	1	06	0D58	0	2	1
078FB3	1	1	06	0D58	0	2	1
078FB5	1	0	06	0D18	0	1	1
078FB6	1	1	06	0D58	0	3	1
078FB9	1	1	06	0D58	0	2	1
078FC5	1	1	06	0D58	0	2	1
078FC7	1	1	06	0D58	0	2	1
078FC9	1	1	06	0D58	0	2	1
078FCB	1	1	06	0D58	0	2	1
078FCD	1	1	06	0D58	0	2	1
078FCF	1	1	06	0D58	0	2	1
078FD1	1	1	06	0D58	0	2	1
078FD3	1	1	06	0D58	0	2	1
078FD5	1	1	06	0D58	0	2	1
078FD7	1	1	06	0D58	0	2	1
078FD9	1	1	06	0D58	0	2	1
078FDB	1	1	06	0D58	0	2	1
078FDD	1	1	06	0D58	0	2	1
078FDF	1	1	06	0D58	0	2	1
078FE1	1	1	06	0D58	0	2	1
078FE3	1	1	06	0D58	0	2	1
078FE5	0	1	06	0D58	0	3	1
078FE8	0	1	06	0D58	0	1	1
078FE9	0	1	06	0D58	0	2	1
078FEB	0	1	06	0D58	0	2	1
078FED	0	1	06	0D58	0	2	1
078FEF	1	1	06	0D58	0	2	1
078FF1	1	1	06	0D58	0	2	1
078FF3	1	1	06	0D58	0	2	1
078FF5	1	1	06	0D58	0	4	1
078FF9	1	1	06	0D58	0	2	1
078FFB	1	1	06	0D18	0	2	1
078FFD	1	1	06	0D18	0	2	1
078FFF	1	1	06	0D18	0	2	1
079001	1	1	06	0D18	0	2	1
079003	1	1	06	0D18	0	2	1
079005	1	1	06	0D18	0	4	1
079009	1	1	06	0D18	0	2	1
07900B	1	1	06	0D18	0	4	1
07900F	1	1	06	0D18	0	2	1
079011	1	1	06	0D18	0	4	1
079015	1	1	06	0D18	0	2	1
079017	1	1	06	0D18	0	4	1
07901B	1	1	06	0D18	0	2	1
07901D	1	1	06	0D18	0	4	1
079021	1	1	06	0D18	0	2	1
079023	1	1	06	0D18	0	4	1
079027	1	1	06	0D18	0	2	1
079029	1	1	06	0D18	0	4	1
07902D	1	1	06	0D18	0	4	1
079031	1	1	06	0D58	0	4	1
079035	1	1	06	0D58	0	4	1
079051	1	1	06	0D58	0	4	1
079055	1	1	06	0D58	0	2	1
079057	1	1	06	0D58	0	2	1
079059	1	1	06	0D58	0	2	1
07905B	1	1	06	0D58	0	2	1
07905D	1	1	06	0D58	0	2	1
07905F	1	1	06	0D58	0	2	1
079061	1	1	06	0D58	0	2	1
079063	1	1	06	0D58	0	2	1
079065	1	1	06	0D58	0	2	1
079067	1	1	06	0D58	0	2	1
079069	1	1	06	0D58	0	2	1
07906B	1	1	06	0D58	0	2	1
07906D	1	1	06	0D58	0	2	1
07906F	1	1	06	0D58	0	2	1
079071	1	1	06	0D58	0	2	1
079073	1	1	06	0D58	0	2	1
079075	1	1	06	0D58	0	2	1
079077	1	1	06	0D58	0	2	1
079079	1	1	06	0D58	0	2	1
07907B	1	1	06	0D58	0	2	1
07907D	1	1	06	0D58	0	2	1
07907F	1	1	06	0D58	0	2	1
079081	1	1	06	0D58	0	2	1
079083	1	1	06	0D58	0	2	1
079085	0	1	06	0D58	0	3	1
079088	0	1	06	0D58	0	2	1
07908A	0	1	06	0D58	0	2	1
07908C	0	1	06	0D58	0	2	1
07908E	0	1	06	0D58	0	2	1
079090	1	1	06	0D58	0	2	1
079092	1	1	06	0D58	0	4	1
079096	1	1	06	0D58	0	2	1
079098	1	1	06	0D58	0	2	1
07909A	1	1	06	0D58	0	2	1
07909C	1	1	06	0D58	0	2	1
07909E	1	1	06	0D58	0	2	1
0790A0	1	1	06	0D58	0	2	1
0790A2	1	1	06	0D58	0	2	1
0790A4	1	1	06	0D58	0	2	1
0790A6	1	1	06	0D58	0	2	1
0790A8	1	1	06	0D58	0	2	1
0790AA	1	1	06	0D58	0	2	1
0790AC	1	1	06	0D58	0	2	1
0790AE	1	1	06	0D58	0	1	1
079115	1	1	06	0D98	0	2	1
079117	1	1	06	0D98	0	3	1
07911E	1	1	06	0D98	0	2	1
079120	1	1	06	0D98	0	2	1
079122	1	1	06	0D98	0	2	1
079124	1	1	06	0D98	0	4	1
079128	1	1	06	0D98	0	4	1
07912C	1	1	06	0D98	0	2	1
07912E	1	1	06	0D98	0	2	1
079130	1	1	06	0D98	0	2	1
079132	1	1	06	0D98	0	2	1
079134	1	1	06	0D98	0	2	1
079136	1	1	06	0D98	0	2	1
079138	1	1	06	0D98	0	2	1
07913A	1	1	06	0D98	0	4	1
07913E	1	1	06	0D98	0	1	1
07913F	1	1	06	0D58	0	2	1
079141	1	1	06	0D58	0	2	1
079143	1	1	06	0D58	0	4	1
079147	1	1	06	0D58	0	4	1
07914B	1	1	06	0D58	0	2	1
07914D	0	1	06	0D58	0	3	1
079150	0	1	06	0D58	0	2	1
079152	0	1	06	0D58	0	2	1
079154	0	1	06	0D18	0	2	1
079156	0	1	06	0D58	0	2	1
079158	1	1	06	0D58	0	2	1
07915A	1	1	06	0D58	0	2	1
07915C	1	1	06	0D58	0	2	1
07915E	1	1	06	0D58	0	2	1
079160	1	1	06	0D58	0	2	1
079162	1	1	06	0D58	0	2	1
079164	1	1	06	0D58	0	4	1
079168	1	1	06	0D58	0	1	1
079169	1	1	06	0D58	0	2	1
07916B	1	1	06	0D58	0	2	1
07916D	1	1	06	0D58	0	2	1
07916F	1	1	06	0D98	0	2	1
079171	1	1	06	0D98	0	2	1
079173	1	1	06	0D58	0	4	1
079177	1	1	06	0D58	0	4	1
07917B	1	1	06	0D58	0	2	1
07917D	1	1	06	0D18	0	4	1
079181	1	1	06	0D58	0	1	1
079182	1	1	06	0D18	0	2	1
079184	1	1	06	0D18	0	2	1
079186	1	1	06	0D18	0	4	1
07918A	1	1	06	0D18	0	2	1
07918C	1	1	06	0D18	0	2	1
07919A	1	1	06	0D18	0	1	1
07919B	1	1	06	0D58	0	2	1
07919D	1	1	06	0D58	0	2	1
07919F	1	1	06	0D58	0	4	1
0791A3	1	1	06	0D58	0	2	1
0791A5	1	1	06	0D58	0	2	1
0791A7	1	1	06	0D58	0	2	1
0791A9	1	1	06	0D58	0	2	1
0791AB	1	1	06	0D58	0	2	1
0791AD	1	1	06	0D58	0	2	1
0791AF	1	1	06	0D58	0	4	1
0791B3	1	1	06	0D58	0	1	1
0791B4	1	1	06	0D58	0	2	1
0791B6	1	1	06	0D58	0	2	1
0791B8	1	1	06	0D58	0	2	1
0791BA	1	1	06	0D58	0	2	1
0791BC	1	1	06	0D18	0	2	1
0791BE	1	1	06	0D18	0	2	1
0791C0	1	1	06	0D18	0	4	1
0791C4	1	1	06	0D18	0	2	1
0791C6	1	1	06	0D18	0	2	1
0791C8	1	1	06	0D18	0	2	1
0791CA	1	1	06	0D58	0	2	1
0791CC	1	0	06	0D58	0	3	1
0791CF	1	0	06	0D58	0	3	1
0791D2	1	0	06	0D58	0	2	1
0791D4	1	0	06	0D58	0	2	1
0791D6	1	0	06	0D58	0	3	1
0791D9	1	0	06	0D58	0	2	1
0791DB	1	0	06	0D58	0	3	1
0791DE	1	0	06	0D58	0	4	1
0791E2	1	0	06	0D58	0	2	1
0791E4	1	0	06	0D18	0	2	1
0791E6	1	1	06	0D18	0	2	1
0791E8	1	1	06	0D18	0	4	1
0791EC	1	1	06	0D18	0	2	1
0791EE	1	1	06	0D18	0	2	1
0791F0	1	0	06	0D58	0	2	1
0791F2	1	0	06	0D58	0	3	1
0791F5	1	0	06	0D58	0	2	1
0791F7	1	0	06	0D58	0	2	1
0791F9	1	1	06	0D58	0	4	1
0791FD	1	1	06	0D58	0	1	1
0791FE	1	1	06	0D18	0	4	1
079202	1	1	06	0D18	0	2	1
079204	1	1	06	0D18	0	2	1
079206	1	1	06	0D18	0	2	1
079208	1	1	06	0D18	0	2	1
07920A	1	1	06	0D18	0	2	1
07920C	1	1	06	0D18	0	2	1
07920E	1	1	06	0D18	0	4	1
079212	1	1	06	0D18	0	2	1
079214	0	1	06	0D18	0	2	1
079216	0	1	06	0D18	0	2	1
079218	0	1	06	0D18	0	2	1
07921A	1	1	06	0D18	0	1	1
07921B	1	1	06	0D18	0	2	1
07921D	1	0	06	0D18	0	2	1
07921F	1	0	06	0D18	0	3	1
079222	1	0	06	0D18	0	2	1
079224	1	0	06	0D18	0	3	1
079227	1	0	06	0D18	0	3	1
07922A	1	0	06	0D18	0	2	1
07922C	1	0	06	0D18	0	2	1
07922E	1	0	06	0D18	0	4	1
079232	1	0	06	0D18	0	2	1
079236	1	0	06	0D18	0	3	1
079239	1	0	06	0D18	0	2	1
07923B	1	0	06	0D18	0	3	1
07923E	1	0	06	0D18	0	4	1
079242	1	0	06	0D18	0	2	1
079244	1	0	06	0D18	0	3	1
079247	1	0	06	0D18	0	2	1
079249	1	0	06	0D18	0	2	1
07924B	1	1	06	0D18	0	2	1
07924D	1	1	06	0D18	0	4	1
079251	1	1	06	0D18	0	2	1
079253	1	1	06	0D18	0	2	1
079255	1	1	06	0D18	0	2	1
079257	1	0	06	0D18	0	2	1
079259	1	0	06	0D18	0	3	1
07925C	1	0	06	0D18	0	2	1
07925E	1	0	06	0D18	0	2	1
079260	1	1	06	0D18	0	4	1
079264	1	1	06	0D18	0	1	1
079265	1	1	06	0D58	0	2	1
079267	1	1	06	0D58	0	3	1
079270	1	1	06	0D58	0	2	1
079272	0	1	06	0D58	0	2	1
079274	0	1	06	0D58	0	1	1
079275	0	1	06	0D58	0	2	1
079277	0	1	06	0D58	0	2	1
079279	0	1	06	0D58	0	3	1
07927C	0	1	06	0D58	0	1	1
07927D	0	1	06	0D58	0	1	1
07927E	0	1	06	0D58	0	3	1
079281	0	1	06	0D58	0	3	1
079284	0	1	06	0D58	0	2	1
079286	0	1	06	0D98	0	2	1
079288	0	1	06	0D98	0	1	1
079289	0	1	06	0D98	0	2	1
07928B	0	1	06	0D98	0	2	1
07928D	0	1	06	0D98	0	2	1
07928F	0	1	06	0D98	0	2	1
079291	0	1	06	0D58	0	2	1
079293	0	1	06	0D98	0	2	1
079295	0	1	06	0D98	0	2	1
079297	0	1	06	0D98	0	2	1
079299	1	1	06	0D98	0	2	1
07929B	1	1	06	0D98	0	2	1
07929D	1	1	06	0D98	0	2	1
07929F	1	1	06	0D98	0	2	1
0792A1	1	1	06	0D98	0	1	1
0792A2	0	1	06	0D58	0	2	1
0792A4	1	1	06	0D58	0	2	1
0792A6	1	1	06	0D58	0	2	1
0792A8	1	1	06	0D58	0	2	1
0792AA	1	1	06	0D58	0	2	1
0792AC	1	1	06	0D58	0	1	1
0792AD	1	1	06	0D58	0	1	1
0792AE	1	1	06	0D58	0	2	1
0792B0	0	1	06	0D58	0	3	1
0792B3	0	1	06	0D58	0	2	1
0792B5	0	1	06	0D58	0	3	1
0792B8	0	1	06	0D58	0	2	1
0792BA	0	1	06	0D58	0	3	1
0792BD	0	1	06	0D58	0	2	1
0792BF	0	1	06	0D58	0	2	1
0792C1	1	1	06	0D58	0	2	1
0792C3	1	1	06	0D58	0	2	1
0792C5	1	1	06	0D58	0	2	1
0792C7	1	1	06	0D58	0	2	1
0792C9	1	1	06	0D58	0	2	1
0792CB	1	1	06	0D58	0	2	1
0792CD	1	1	06	0D58	0	2	1
0792CF	1	1	06	0D58	0	2	1
0792D1	1	1	06	0D58	0	1	1
0792D2	1	1	06	0D58	0	1	1
0792D3	1	1	06	0D58	0	2	1
0792D5	0	1	06	0D58	0	3	1
0792D8	0	1	06	0D58	0	2	1
0792DA	0	1	06	0D58	0	3	1
0792DD	0	1	06	0D58	0	1	1
0792DE	0	1	06	0D58	0	2	1
0792E0	0	1	06	0D58	0	2	1
0792E2	0	1	06	0D58	0	2	1
0792E4	0	1	06	0D58	0	1	1
0792E5	0	1	06	0D58	0	3	1
0792E8	0	1	06	0D58	0	2	1
0792EA	0	1	06	0D58	0	2	1
0792EC	1	1	06	0D58	0	2	1
0792EE	1	1	06	0D58	0	2	1
0792F0	1	1	06	0D58	0	4	1
0792F4	1	1	06	0D58	0	1	1
0792F5	1	1	06	0D58	0	4	1
0792F9	1	1	06	0D58	0	4	1
0792FD	1	1	06	0D58	0	2	1
0792FF	1	1	06	0D58	0	2	1
079301	1	1	06	0D58	0	2	1
079303	1	1	06	0D58	0	2	1
079305	0	1	06	0D58	0	2	1
079307	0	1	06	0D58	0	2	1
079309	1	1	06	0D58	0	2	1
07930B	1	1	06	0D58	0	2	1
07930D	1	1	06	0D58	0	2	1
07930F	1	1	06	0D58	0	2	1
079311	1	1	06	0D58	0	2	1
079313	1	1	06	0D58	0	2	1
079315	1	1	06	0D58	0	2	1
079317	1	1	06	0D58	0	2	1
079319	1	1	06	0D58	0	2	1
07931B	1	1	06	0D58	0	2	1
07931D	1	1	06	0D58	0	2	1
07931F	1	1	06	0D58	0	2	1
079321	1	1	06	0D58	0	2	1
079323	1	1	06	0D58	0	4	1
079327	1	1	06	0D58	0	1	1
079329	1	1	06	0E98	0	2	1
07932B	1	1	06	0E98	0	3	1
07933C	1	1	06	0D18	0	2	1
07933E	1	1	06	0D18	0	3	1
07934F	1	1	06	0D18	0	2	1
079351	1	1	06	0D18	0	2	1
079353	1	1	06	0D18	0	2	1
079355	1	1	06	0D18	0	3	1
079358	1	1	06	0D18	0	2	1
07935A	1	1	06	0D18	0	3	1
07935D	1	1	06	0D18	0	2	1
07935F	1	1	06	0D18	0	3	1
079362	1	1	06	0D18	0	4	1
079366	1	1	06	0D18	0	2	1
079368	1	1	06	0D18	0	3	1
07936B	1	1	06	0D18	0	4	1
07936F	1	1	06	0D18	0	2	1
079371	1	1	06	0D18	0	2	1
079373	1	1	06	0D18	0	4	1
079377	1	1	06	0D18	0	4	1
07937B	1	1	06	0D18	0	3	1
07937E	1	1	06	0D18	0	2	1
079380	1	1	06	0D18	0	4	1
079384	1	1	06	0D18	0	2	1
079386	1	1	06	0D18	0	2	1
079388	1	1	06	0D18	0	2	1
07938A	1	1	06	0D18	0	3	1
07938D	1	1	06	0D18	0	3	1
079390	1	1	06	0D18	0	2	1
079392	1	1	06	0D18	0	3	1
079395	1	1	06	0D18	0	2	1
079397	0	1	06	0D18	0	3	1
07939A	0	1	06	0D18	0	3	1
07939D	0	1	06	0D18	0	3	1
0793A0	0	1	06	0D18	0	3	1
0793A3	0	1	06	0D18	0	3	1
0793A6	0	1	06	0D18	0	3	1
0793A9	0	1	06	0D18	0	3	1
0793AC	0	1	06	0D18	0	3	1
0793AF	0	1	06	0D18	0	2	1
0793B1	0	1	06	0D18	0	3	1
0793B4	0	1	06	0D18	0	2	1
0793B6	0	1	06	0D18	0	3	1
0793B9	0	1	06	0D18	0	2	1
0793BB	0	1	06	0D18	0	3	1
0793BE	0	1	06	0D18	0	2	1
0793C0	0	1	06	0D18	0	3	1
0793C3	0	1	06	0D18	0	3	1
0793C6	0	1	06	0D18	0	3	1
0793C9	0	1	06	0D18	0	3	1
0793CC	0	1	06	0D18	0	2	1
0793CE	1	1	06	0D18	0	2	1
0793D0	1	1	06	0D18	0	2	1
0793D2	1	1	06	0D18	0	2	1
0793D4	1	1	06	0D18	0	3	1
0793D7	1	1	06	0D18	0	1	1
0793D8	1	1	06	0D18	0	4	1
0793DC	1	1	06	0D18	0	2	1
0793DE	1	1	06	0D18	0	2	1
0793E0	1	1	06	0D18	0	2	1
0793E2	1	1	06	0D18	0	2	1
0793E4	1	1	06	0D18	0	1	1
0793E5	1	1	06	0D18	0	2	1
0793E7	1	1	06	0D18	0	2	1
0793E9	1	1	06	0D18	0	1	1
0793EA	1	1	06	0D18	0	2	1
0793EC	1	1	06	0D18	0	2	1
0793EE	1	1	06	0D18	0	2	1
0793F0	1	1	06	0D18	0	3	1
0793F3	1	1	06	0D18	0	2	1
0793F5	1	0	06	0D18	0	3	1
0793F8	1	0	06	0D18	0	4	1
0793FC	1	0	06	0D18	0	2	1
0793FE	1	0	06	0D18	0	3	1
079401	1	0	06	0D18	0	2	1
079403	1	0	06	0D18	0	3	1
079406	1	0	06	0D18	0	1	1
079407	1	0	06	0D18	0	1	1
079408	1	0	06	0D18	0	3	1
07940B	1	0	06	0D18	0	2	1
07940D	1	0	06	0D18	0	3	1
079410	1	0	06	0D18	0	2	1
079412	1	0	06	0D18	0	3	1
079415	1	0	06	0D18	0	2	1
079417	0	0	06	0D18	0	1	1
079418	0	0	06	0D18	0	3	1
07941B	0	0	06	0D18	0	4	1
07941F	0	0	06	0D18	0	2	1
079421	1	0	06	0D18	0	1	1
079422	1	0	06	0D18	0	2	1
079424	1	0	06	0D18	0	2	1
079426	1	1	06	0D18	0	3	1
079429	1	1	06	0D18	0	3	1
07942C	1	1	06	0D18	0	2	1
07942E	1	1	06	0D18	0	3	1
079431	1	1	06	0D18	0	2	1
079433	1	1	06	0D18	0	2	1
079435	1	1	06	0D18	0	2	1
079437	1	1	06	0D18	0	2	1
079439	1	1	06	0D18	0	2	1
07943B	1	1	06	0D18	0	2	1
07943D	1	1	06	0D18	0	2	1
07943F	1	1	06	0D18	0	2	1
079441	1	1	06	0D18	0	2	1
079443	1	1	06	0D18	0	2	1
079445	1	1	06	0D18	0	1	1
079446	1	1	06	0D18	0	3	1
079449	1	1	06	0D18	0	2	1
07944B	1	1	06	0D18	0	2	1
07944D	1	1	06	0D18	0	2	1
07944F	1	1	06	0D18	0	2	1
079451	1	1	06	0D18	0	2	1
079453	1	1	06	0D18	0	3	1
079456	1	1	06	0D18	0	1	1
079457	1	1	06	0D18	0	2	1
079459	1	1	06	0D18	0	3	1
07945C	1	1	06	0D18	0	4	1
079478	1	1	06	0D18	0	2	1
07947A	1	1	06	0D18	0	2	1
07947C	1	1	06	0D18	0	3	1
07947F	1	1	06	0D18	0	2	1
079481	1	1	06	0D18	0	2	1
079483	1	1	06	0D18	0	2	1
079485	1	1	06	0D18	0	2	1
079487	1	1	06	0D18	0	2	1
079489	1	1	06	0D18	0	2	1
07948B	0	1	06	0D18	0	1	1
07948C	0	1	06	0D18	0	3	1
07948F	0	1	06	0D18	0	2	1
079491	1	1	06	0D18	0	1	1
079492	1	1	06	0D18	0	2	1
079494	1	1	06	0D18	0	2	1
079496	1	1	06	0D18	0	2	1
079498	1	1	06	0D18	0	2	1
07949A	1	1	06	0D18	0	2	1
07949C	1	1	06	0D18	0	2	1
07949E	1	1	06	0D18	0	2	1
0794A0	1	1	06	0D18	0	2	1
0794A2	1	1	06	0D18	0	4	1
0794A6	1	1	06	0D18	0	4	1
0794AA	1	1	06	0D18	0	2	1
0794AC	1	1	06	0D18	0	2	1
0794AE	1	1	06	0D18	0	4	1
0794B2	1	1	06	0D18	0	2	1
0794B4	1	1	06	0D18	0	3	1
0794B7	1	1	06	0D18	0	1	1
0794B8	1	1	06	0D18	0	2	1
0794BA	1	1	06	0D18	0	2	1
0794BC	1	1	06	0D18	0	2	1
0794BE	1	1	06	0D18	0	4	1
0794C2	1	1	06	0D18	0	1	1
0794C3	1	1	06	0D18	0	2	1
0794C5	1	1	06	0D18	0	2	1
0794C7	1	1	06	0D18	0	2	1
0794C9	1	1	06	0D18	0	3	1
0794CC	1	1	06	0D18	0	2	1
0794CE	1	1	06	0D18	0	3	1
0794D1	1	1	06	0D18	0	1	1
0794D2	1	1	06	0D18	0	3	1
0794D5	1	1	06	0D18	0	2	1
0794D7	1	1	06	0D18	0	2	1
0794D9	1	1	06	0D18	0	3	1
0794DC	1	1	06	0D18	0	2	1
0794DE	1	1	06	0D18	0	2	1
0794E4	1	1	06	0D18	0	1	1
0794E5	1	1	06	0D18	0	2	1
0794E7	1	1	06	0D18	0	3	1
0794F0	1	1	06	0D18	0	2	1
0794F2	1	1	06	0D18	0	2	1
0794F4	1	1	06	0D18	0	3	1
0794F7	1	1	06	0D18	0	2	1
0794F9	1	1	06	0D18	0	3	1
0794FC	1	1	06	0D18	0	2	1
0794FE	0	1	06	0D18	0	2	1
079500	0	1	06	0D18	0	2	1
079502	1	1	06	0D18	0	1	1
079503	1	1	06	0D18	0	4	1
079507	1	1	06	0D18	0	3	1
07950A	1	1	06	0D18	0	2	1
07950C	1	1	06	0D18	0	2	1
07950E	1	1	06	0D18	0	2	1
079510	1	1	06	0D18	0	2	1
079512	1	1	06	0D18	0	3	1
079515	1	1	06	0D18	0	2	1
079517	1	1	06	0D18	0	2	1
079519	1	1	06	0D18	0	2	1
07951B	1	1	06	0D18	0	2	1
07951D	1	1	06	0D18	0	2	1
07951F	1	1	06	0D18	0	2	1
079521	1	1	06	0D18	0	4	1
079525	1	1	06	0D18	0	2	1
079527	1	1	06	0D18	0	4	1
07952B	1	1	06	0D18	0	2	1
07952D	1	1	06	0D18	0	3	1
079530	1	1	06	0D18	0	3	1
079533	1	1	06	0D18	0	2	1
079535	0	0	06	0D18	0	3	1
079538	0	0	06	0D18	0	1	1
079539	0	0	08	0D18	0	3	1
07953C	0	0	08	0D18	0	2	1
07953E	0	0	08	0D18	0	2	1
079540	0	0	08	0D18	0	1	1
079541	0	0	08	0D18	0	3	1
079544	0	0	08	0D18	0	1	1
079545	0	0	08	0D18	0	3	1
079548	0	0	08	0D18	0	2	1
07954A	0	0	08	0D18	0	1	1
07954B	0	0	06	0D18	0	2	1
07954D	1	1	06	0D18	0	3	1
079550	1	1	06	0D18	0	1	1
079551	1	1	06	0D18	0	2	1
079553	1	1	06	0D18	0	3	1
079556	1	1	06	0D18	0	3	1
079559	1	1	06	0D18	0	2	1
07955B	1	1	06	0D18	0	2	1
07955D	1	1	06	0D18	0	2	1
07955F	1	1	06	0D18	0	3	1
079562	1	1	06	0D18	0	2	1
079564	1	1	06	0D18	0	3	1
079567	1	1	06	0D18	0	2	1
079569	1	1	06	0D18	0	3	1
07956F	1	1	06	0D18	0	4	1
079573	1	1	06	0D18	0	2	1
079575	1	1	06	0D18	0	2	1
079577	1	1	06	0D18	0	3	1
07957A	1	1	06	0D18	0	1	1
07957B	1	1	06	0D18	0	2	1
07957D	1	1	06	0D18	0	3	1
079586	1	1	06	0D18	0	2	1
079588	1	1	06	0D18	0	2	1
07958A	1	1	06	0D18	0	3	1
07958D	1	1	06	0D18	0	2	1
07958F	1	1	06	0D18	0	3	1
079592	1	1	06	0D18	0	3	1
079595	1	1	06	0D18	0	3	1
079598	1	1	06	0D18	0	3	1
07959B	1	1	06	0D18	0	2	1
07959D	1	1	06	0D18	0	3	1
0795A0	1	1	06	0D18	0	2	1
0795A2	0	0	06	0D18	0	3	1
0795A5	0	0	06	0D18	0	1	1
0795A6	0	0	08	0D18	0	3	1
0795A9	0	0	08	0D18	0	1	1
0795AA	0	0	08	0D18	0	3	1
0795AD	0	0	08	0D18	0	2	1
0795AF	0	0	08	0D18	0	2	1
0795B1	0	0	08	0D18	0	1	1
0795B2	0	0	08	0D18	0	3	1
0795B5	0	0	08	0D18	0	1	1
0795B6	0	0	08	0D18	0	3	1
0795B9	0	0	08	0D18	0	2	1
0795BB	0	0	08	0D18	0	1	1
0795BC	0	0	06	0D18	0	2	1
0795BE	1	1	06	0D18	0	3	1
0795C1	1	1	06	0D18	0	1	1
0795C2	1	1	06	0D18	0	2	1
0795C4	1	1	06	0D18	0	3	1
0795C7	1	1	06	0D18	0	3	1
0795CA	1	1	06	0D18	0	2	1
0795CC	1	1	06	0D18	0	2	1
0795CE	1	1	06	0D18	0	2	1
0795D0	1	1	06	0D18	0	2	1
0795D2	1	1	06	0D18	0	2	1
0795D4	1	1	06	0D18	0	4	1
0795D8	1	1	06	0D18	0	2	1
0795DA	0	1	06	0D18	0	3	1
0795DD	0	1	06	0D18	0	3	1
0795E0	0	1	06	0D18	0	3	1
0795E3	0	1	06	0D18	0	1	1
0795E4	0	1	06	0D18	0	2	1
0795E6	0	1	06	0D18	0	2	1
0795E8	0	1	06	0D18	0	3	1
0795EB	0	1	06	0D18	0	1	1
0795EC	0	1	06	0D18	0	3	1
0795EF	0	1	06	0D18	0	1	1
0795F0	0	1	06	0D18	0	3	1
0795F3	0	1	06	0D18	0	1	1
0795F4	0	1	06	0D18	0	3	1
0795F7	0	1	06	0D18	0	1	1
0795F8	0	1	06	0D18	0	3	1
0795FB	0	1	06	0D18	0	1	1
0795FC	0	1	06	0D18	0	3	1
0795FF	0	1	06	0D18	0	1	1
079600	0	1	06	0D18	0	3	1
079603	0	1	06	0D18	0	2	1
079608	0	1	06	0D18	0	1	1
079609	0	1	06	0D18	0	2	1
07960B	0	1	06	0D18	0	3	1
07960E	0	1	06	0D18	0	2	1
079610	0	1	06	0D18	0	2	1
079612	1	1	06	0D18	0	1	1
079613	1	1	06	0D18	0	4	1
079617	1	1	06	0D18	0	2	1
079619	1	1	06	0D18	0	2	1
07961B	1	1	06	0D18	0	3	1
07961E	1	1	06	0D18	0	1	1
07961F	1	1	06	0D18	0	2	1
079621	1	1	06	0D18	0	3	1
079624	1	1	06	0D18	0	4	1
079628	1	1	06	0D18	0	3	1
07962B	1	1	06	0D18	0	2	1
07962D	1	1	06	0D18	0	2	1
07962F	1	1	06	0D18	0	2	1
079631	1	1	06	0D18	0	3	1
079634	1	1	06	0D18	0	1	1
079635	1	1	06	0D18	0	2	1
079637	1	1	06	0D18	0	2	1
079639	1	1	06	0D18	0	2	1
07963B	1	1	06	0D18	0	2	1
07963D	1	1	06	0D18	0	3	1
079640	1	1	06	0D18	0	3	1
079643	1	1	06	0D18	0	2	1
079645	1	1	06	0D18	0	3	1
079648	1	1	06	0D18	0	3	1
07964B	1	1	06	0D18	0	3	1
07964E	1	1	06	0D18	0	3	1
079651	1	1	06	0D18	0	3	1
079654	1	1	06	0D18	0	3	1
079657	1	1	06	0D18	0	2	1
079659	0	0	06	0D18	0	3	1
07965C	0	0	06	0D18	0	1	1
07965D	0	0	08	0D18	0	3	1
079660	0	0	08	0D18	0	1	1
079661	0	0	08	0D18	0	3	1
079664	0	0	08	0D18	0	2	1
079666	0	0	08	0D18	0	2	1
079668	0	0	08	0D18	0	1	1
079669	0	0	08	0D18	0	3	1
07966C	0	0	08	0D18	0	1	1
07966D	0	0	08	0D18	0	3	1
079670	0	0	08	0D18	0	2	1
079672	0	0	08	0D18	0	1	1
079673	0	0	06	0D18	0	2	1
079675	1	1	06	0D18	0	2	1
079677	1	1	06	0D18	0	3	1
07967A	1	1	06	0D18	0	3	1
07967D	1	1	06	0D18	0	4	1
079681	1	1	06	0D18	0	1	1
079682	1	1	06	0D18	0	3	1
079685	1	1	06	0D18	0	2	1
079687	1	1	06	0D18	0	2	1
079689	1	1	06	0D18	0	2	1
07968B	1	1	06	0D18	0	2	1
07968D	1	1	06	0D18	0	2	1
07968F	1	1	06	0D18	0	2	1
079691	1	1	06	0D18	0	3	1
079694	1	1	06	0D18	0	4	1
079698	1	1	06	0D18	0	3	1
07969B	1	1	06	0D18	0	2	1
07969D	1	1	06	0D18	0	2	1
07969F	1	1	06	0D18	0	3	1
0796A2	1	1	06	0D18	0	3	1
0796A5	1	1	06	0D18	0	1	1
0796A6	1	1	06	0D18	0	2	1
0796A8	1	1	06	0D18	0	2	1
0796AA	1	1	06	0D18	0	2	1
0796AC	1	1	06	0D18	0	3	1
0796AF	1	1	06	0D18	0	2	1
0796B1	1	1	06	0D18	0	3	1
0796B4	1	1	06	0D18	0	2	1
0796B6	1	1	06	0D18	0	3	1
0796B9	1	1	06	0D18	0	3	1
0796BC	1	1	06	0D18	0	3	1
0796BF	1	1	06	0D18	0	3	1
0796C2	1	1	06	0D18	0	3	1
0796C5	1	1	06	0D18	0	3	1
0796C8	1	1	06	0D18	0	2	1
0796CA	0	0	06	0D18	0	3	1
0796CD	0	0	06	0D18	0	1	1
0796CE	0	0	08	0D18	0	3	1
0796D1	0	0	08	0D18	0	1	1
0796D2	0	0	08	0D18	0	3	1
0796D5	0	0	08	0D18	0	2	1
0796D7	0	0	08	0D18	0	2	1
0796D9	0	0	08	0D18	0	1	1
0796DA	0	0	08	0D18	0	3	1
0796DD	0	0	08	0D18	0	1	1
0796DE	0	0	08	0D18	0	3	1
0796E1	0	0	08	0D18	0	2	1
0796E3	0	0	08	0D18	0	1	1
0796E4	0	0	06	0D18	0	2	1
0796E6	1	1	06	0D18	0	3	1
0796E9	1	1	06	0D18	0	4	1
0796ED	1	1	06	0D18	0	1	1
0796EE	1	1	06	0D18	0	2	1
0796F0	1	1	06	0D18	0	3	1
0796F3	1	1	06	0D18	0	3	1
0796F6	1	1	06	0D18	0	2	1
0796F8	1	1	06	0D18	0	2	1
0796FA	1	1	06	0D18	0	2	1
0796FC	1	1	06	0D18	0	3	1
0796FF	1	1	06	0D18	0	4	1
079703	1	1	06	0D18	0	2	1
079705	1	1	06	0D18	0	2	1
079707	1	1	06	0D18	0	3	1
07970A	1	1	06	0D18	0	1	1
079748	1	1	06	0D18	0	2	1
07974A	1	1	06	0D18	0	2	1
07974C	1	1	06	0D18	0	2	1
07974E	1	1	06	0D18	0	2	1
079750	1	1	06	0D18	0	3	1
079753	1	1	06	0D18	0	3	1
079756	1	1	06	0D18	0	2	1
079758	1	1	06	0D18	0	3	1
07975B	1	1	06	0D18	0	3	1
07975E	1	1	06	0D18	0	3	1
079761	1	1	06	0D18	0	3	1
079764	1	1	06	0D18	0	2	1
079766	0	0	06	0D18	0	3	1
079769	0	0	06	0D18	0	1	1
07976A	0	0	08	0D18	0	3	1
07976D	0	0	08	0D18	0	1	1
07976E	0	0	08	0D18	0	3	1
079771	0	0	08	0D18	0	2	1
079773	0	0	08	0D18	0	2	1
079775	0	0	08	0D18	0	1	1
079776	0	0	08	0D18	0	3	1
079779	0	0	08	0D18	0	1	1
07977A	0	0	08	0D18	0	3	1
07977D	0	0	08	0D18	0	2	1
07977F	0	0	08	0D18	0	1	1
079780	0	0	06	0D18	0	2	1
079782	1	1	06	0D18	0	2	1
079784	1	1	06	0D18	0	3	1
079787	1	1	06	0D18	0	3	1
07978A	1	1	06	0D18	0	4	1
07978E	1	1	06	0D18	0	1	1
07978F	1	1	06	0D18	0	3	1
079792	1	1	06	0D18	0	2	1
079794	1	1	06	0D18	0	2	1
079796	1	1	06	0D18	0	2	1
079798	1	1	06	0D18	0	2	1
07979A	1	1	06	0D18	0	3	1
07979D	1	1	06	0D18	0	2	1
07979F	0	1	06	0D18	0	3	1
0797A2	0	1	06	0D18	0	2	1
0797A4	0	1	06	0D18	0	2	1
0797A6	1	1	06	0D18	0	2	1
0797A8	1	1	06	0D18	0	2	1
0797AA	1	1	06	0D18	0	2	1
0797AE	1	1	06	0D18	0	1	1
0797AF	1	1	06	0D18	0	2	1
0797B1	1	1	06	0D18	0	4	1
0797B5	1	1	06	0D18	0	3	1
0797B8	1	1	06	0D18	0	2	1
0797BA	1	1	06	0D18	0	2	1
0797BC	1	1	06	0D18	0	3	1
0797BF	1	1	06	0D18	0	3	1
0797C2	1	1	06	0D18	0	1	1
0797C3	1	1	06	0D18	0	2	1
0797C5	1	1	06	0D18	0	3	1
0797CE	1	1	06	0D18	0	2	1
0797D0	1	1	06	0D18	0	2	1
0797D2	1	1	06	0D18	0	2	1
0797D4	1	1	06	0D18	0	3	1
0797D7	1	1	06	0D18	0	3	1
0797DA	1	1	06	0D18	0	2	1
0797DC	1	1	06	0D18	0	3	1
0797DF	1	1	06	0D18	0	3	1
0797E2	1	1	06	0D18	0	2	1
0797E4	1	1	06	0D18	0	4	1
0797E8	1	1	06	0D18	0	2	1
0797EA	1	1	06	0D18	0	4	1
0797EE	1	1	06	0D18	0	2	1
0797F0	0	0	06	0D18	0	3	1
0797F3	0	0	06	0D18	0	1	1
0797F4	0	0	08	0D18	0	3	1
0797F7	0	0	08	0D18	0	1	1
0797F8	0	0	08	0D18	0	3	1
0797FB	0	0	08	0D18	0	2	1
0797FD	0	0	08	0D18	0	2	1
0797FF	0	0	08	0D18	0	1	1
079800	0	0	08	0D18	0	3	1
079803	0	0	08	0D18	0	1	1
079804	0	0	08	0D18	0	3	1
079807	0	0	08	0D18	0	2	1
079809	0	0	08	0D18	0	1	1
07980A	0	0	06	0D18	0	2	1
07980C	1	1	06	0D18	0	3	1
07980F	1	1	06	0D18	0	1	1
079810	1	1	06	0D18	0	2	1
079812	1	1	06	0D18	0	3	1
079815	1	1	06	0D18	0	3	1
079818	1	1	06	0D18	0	2	1
07981A	1	1	06	0D18	0	2	1
07981C	1	1	06	0D18	0	2	1
07981E	1	1	06	0D18	0	2	1
079820	1	1	06	0D18	0	2	1
079822	1	1	06	0D18	0	4	1
079826	1	1	06	0D18	0	2	1
079828	1	1	06	0D18	0	2	1
07982A	1	1	06	0D18	0	3	1
07982D	1	1	06	0D18	0	1	1
07982E	1	1	06	0D18	0	3	1
079831	1	1	06	0D18	0	2	1
079833	1	1	06	0D18	0	2	1
079835	1	1	06	0D18	0	2	1
079837	1	1	06	0D18	0	2	1
079839	1	1	06	0D18	0	2	1
07983B	1	1	06	0D18	0	3	1
07983F	1	1	06	0D18	0	2	1
079841	1	1	06	0D18	0	2	1
079843	1	1	06	0D18	0	2	1
079845	1	1	06	0D18	0	3	1
079848	1	1	06	0D18	0	2	1
07984A	1	1	06	0D18	0	3	1
07984D	1	1	06	0D18	0	2	1
07984F	1	1	06	0D18	0	3	1
079852	1	1	06	0D18	0	3	1
079855	1	1	06	0D18	0	3	1
079858	1	1	06	0D18	0	3	1
07985B	1	1	06	0D18	0	2	1
07985D	0	0	06	0D18	0	3	1
079860	0	0	06	0D18	0	1	1
079861	0	0	08	0D18	0	3	1
079864	0	0	08	0D18	0	1	1
079865	0	0	08	0D18	0	3	1
079868	0	0	08	0D18	0	2	1
07986A	0	0	08	0D18	0	2	1
07986C	0	0	08	0D18	0	1	1
07986D	0	0	08	0D18	0	3	1
079870	0	0	08	0D18	0	1	1
079871	0	0	08	0D18	0	3	1
079874	0	0	08	0D18	0	2	1
079876	0	0	08	0D18	0	1	1
079877	0	0	06	0D18	0	2	1
079879	1	1	06	0D18	0	3	1
07987C	1	1	06	0D18	0	1	1
07987D	1	1	06	0D18	0	2	1
07987F	1	1	06	0D18	0	3	1
079882	1	1	06	0D18	0	3	1
079885	1	1	06	0D18	0	2	1
079887	1	1	06	0D18	0	2	1
079889	1	1	06	0D18	0	2	1
07988B	1	1	06	0D18	0	2	1
07988D	1	1	06	0D18	0	3	1
079890	1	1	06	0D18	0	4	1
079894	1	1	06	0D18	0	2	1
079896	1	1	06	0D18	0	2	1
079898	1	1	06	0D18	0	3	1
07989B	1	1	06	0D18	0	1	1
07989D	1	1	06	0D18	0	2	1
07989F	1	1	06	0D18	0	3	1
0798A2	1	1	06	0D18	0	4	1
0798B8	1	1	06	0D18	0	2	1
0798BA	1	1	06	0D18	0	2	1
0798BC	1	1	06	0D18	0	2	1
0798BE	1	1	06	0D18	0	2	1
0798C0	1	1	06	0D18	0	2	1
0798C2	1	1	06	0D18	0	3	1
0798C5	1	1	06	0D18	0	3	1
0798C8	1	1	06	0D18	0	4	1
0798CC	1	1	06	0D18	0	1	1
0798CD	1	1	06	0D18	0	2	1
0798CF	1	1	06	0D18	0	2	1
0798D1	1	1	06	0D18	0	3	1
0798D4	1	1	06	0D18	0	3	1
0798D7	1	1	06	0D18	0	4	1
0798DB	1	1	06	0D18	0	4	1
0798DF	1	1	06	0D18	0	2	1
0798E1	1	1	06	0D18	0	2	1
0798E3	0	1	06	0D18	0	2	1
0798E5	0	1	06	0D18	0	1	1
0798E6	0	1	06	0D18	0	3	1
0798E9	0	1	06	0D18	0	3	1
0798EC	0	1	06	0D18	0	2	1
0798EE	1	1	06	0D18	0	2	1
0798F2	1	1	06	0D18	0	2	1
0798F4	1	1	06	0D18	0	2	1
0798F6	1	1	06	0D18	0	2	1
0798F8	1	1	06	0D18	0	2	1
0798FA	1	1	06	0D18	0	2	1
0798FC	1	1	06	0D18	0	2	1
0798FE	1	1	06	0D18	0	2	1
079900	1	1	06	0D18	0	2	1
079902	1	1	06	0D18	0	1	1
079927	1	1	06	0D18	0	2	1
079929	1	1	06	0D18	0	3	1
07992C	1	1	06	0D18	0	4	1
079930	1	1	06	0D18	0	2	1
079932	1	1	06	0D18	0	2	1
079934	1	1	06	0D18	0	2	1
079936	1	1	06	0D18	0	2	1
079938	1	1	06	0D18	0	2	1
07993A	1	1	06	0D18	0	3	1
07993D	1	1	06	0D18	0	2	1
07993F	1	1	06	0D18	0	4	1
079943	1	1	06	0D18	0	3	1
079946	1	1	06	0D18	0	2	1
079948	1	1	06	0D18	0	2	1
07994A	1	1	06	0D18	0	2	1
07994C	1	1	06	0D18	0	2	1
07994E	1	1	06	0D18	0	2	1
079950	1	1	06	0D18	0	2	1
079952	1	1	06	0D18	0	1	1
079953	1	1	06	0D18	0	2	1
079955	1	1	06	0D18	0	3	1
079958	1	1	06	0D18	0	4	1
07995C	1	1	06	0D18	0	3	1
07995F	1	1	06	0D18	0	1	1
079960	1	1	06	0D18	0	2	1
079962	1	1	06	0D18	0	2	1
079964	1	1	06	0D18	0	3	1
079967	1	1	06	0D18	0	2	1
079969	1	1	06	0D18	0	4	1
07996D	1	1	06	0D18	0	3	1
079970	1	1	06	0D18	0	2	1
079972	1	1	06	0D18	0	2	1
079974	1	1	06	0D18	0	2	1
079976	1	1	06	0D18	0	2	1
079978	1	1	06	0D18	0	2	1
07997A	1	1	06	0D18	0	3	1
07997D	1	1	06	0D18	0	2	1
07997F	1	1	06	0D18	0	3	1
079982	1	1	06	0D18	0	2	1
079984	1	1	06	0D18	0	3	1
079987	1	1	06	0D18	0	3	1
07998A	1	1	06	0D18	0	3	1
07998D	1	1	06	0D18	0	3	1
079990	1	1	06	0D18	0	2	1
079992	0	0	06	0D18	0	2	1
079994	0	0	06	0D18	0	1	1
079995	0	0	06	0D18	0	3	1
079998	0	0	06	0D18	0	2	1
07999D	0	0	06	0D18	0	3	1
0799A0	0	0	06	0D18	0	2	1
0799A5	0	0	06	0D18	0	2	1
0799A7	0	0	06	0D18	0	2	1
0799A9	0	0	06	0D18	0	3	1
0799AC	0	0	06	0D18	0	2	1
0799AE	0	0	06	0D18	0	2	1
0799B0	1	1	06	0D18	0	2	1
0799B2	1	1	06	0D18	0	4	1
0799B6	1	1	06	0D18	0	1	1
0799B7	1	1	06	0D18	0	2	1
0799B9	0	1	06	0D18	0	3	1
0799BC	0	1	06	0D18	0	2	1
0799BE	0	1	06	0D18	0	1	1
0799BF	0	1	06	0D18	0	2	1
0799C1	0	1	06	0D18	0	2	1
0799C3	0	1	06	0D18	0	3	1
0799C6	0	1	06	0D18	0	3	1
0799C9	0	1	06	0D18	0	2	1
0799CB	1	1	06	0D18	0	3	1
0799CE	1	1	06	0D18	0	2	1
0799D0	0	1	06	0D18	0	2	1
0799D2	0	1	06	0D18	0	1	1
0799D3	0	1	06	0D18	0	2	1
0799D5	0	1	06	0D18	0	3	1
0799D8	0	1	06	0D18	0	2	1
0799DA	0	1	06	0D18	0	3	1
0799DD	0	1	06	0D18	0	3	1
0799E0	0	1	06	0D18	0	2	1
0799E2	1	1	06	0D18	0	3	1
0799E5	1	1	06	0D18	0	3	1
0799E8	1	1	06	0D18	0	2	1
0799EA	1	1	06	0D18	0	2	1
0799EC	1	1	06	0D18	0	2	1
0799EE	1	1	06	0D18	0	2	1
0799F0	1	1	06	0D18	0	3	1
0799F3	1	1	06	0D18	0	2	1
0799F5	1	1	06	0D18	0	3	1
0799F8	1	1	06	0D18	0	2	1
0799FA	1	1	06	0D18	0	3	1
0799FD	1	1	06	0D18	0	2	1
0799FF	1	1	06	0D18	0	2	1
079A01	1	1	06	0D18	0	2	1
079A03	0	1	06	0D18	0	2	1
079A05	0	1	06	0D18	0	1	1
079A06	0	1	06	0D18	0	2	1
079A08	0	1	06	0D18	0	3	1
079A0B	0	1	06	0D18	0	2	1
079A10	0	1	06	0D18	0	2	1
079A12	0	1	06	0D18	0	2	1
079A14	0	1	06	0D18	0	1	1
079A15	0	1	06	0D18	0	3	1
079A18	0	1	06	0D18	0	3	1
079A1B	0	1	06	0D18	0	2	1
079A1D	0	1	06	0D18	0	3	1
079A20	0	1	06	0D18	0	2	1
079A22	0	1	06	0D18	0	2	1
079A24	1	1	06	0D18	0	3	1
079A27	1	1	06	0D18	0	1	1
079A28	1	1	06	0D18	0	2	1
079A2A	1	1	06	0D18	0	2	1
079A2C	1	1	06	0D18	0	2	1
079A2E	1	1	06	0D18	0	2	1
079A30	1	1	06	0D18	0	3	1
079A33	1	1	06	0D18	0	3	1
079A36	1	1	06	0D18	0	3	1
079A39	1	1	06	0D18	0	1	1
079A3A	1	1	06	0D18	0	2	1
079A3C	1	1	06	0D18	0	2	1
079A3E	1	1	06	0D18	0	2	1
079A40	1	1	06	0D18	0	2	1
079A42	1	1	06	0D18	0	2	1
079A44	1	1	06	0D18	0	2	1
079A46	1	1	06	0D18	0	1	1
079A47	1	1	06	0D18	0	3	1
079A4A	1	1	06	0D18	0	3	1
079A4D	1	1	06	0D18	0	3	1
079A50	1	1	06	0D18	0	2	1
079A52	1	1	06	0D18	0	2	1
079A54	1	1	06	0D18	0	2	1
079A56	1	1	06	0D18	0	2	1
079A58	1	1	06	0D18	0	2	1
079A5A	1	1	06	0D18	0	1	1
079A5B	1	1	06	0D18	0	2	1
079A5D	1	1	06	0D18	0	2	1
079A5F	1	1	06	0D18	0	2	1
079A61	1	1	06	0D18	0	3	1
079A64	1	1	06	0D18	0	3	1
079A67	1	1	06	0D18	0	1	1
079A68	1	1	06	0E98	0	2	1
079A6A	1	1	06	0E98	0	3	1
079A73	1	1	06	0E98	0	2	1
079A75	1	1	06	0E98	0	2	1
079A77	1	1	06	0E98	0	2	1
079A79	1	1	06	0E98	0	2	1
079A7B	1	1	06	0E98	0	2	1
079A7D	1	1	06	0E98	0	4	1
079A81	1	1	06	0E98	0	3	1
079A84	1	1	06	0E98	0	2	1
079A86	1	1	06	0E98	0	2	1
079A88	1	1	06	0E98	0	2	1
079A8A	1	1	06	0E98	0	2	1
079A8C	1	1	06	0E98	0	3	1
079A8F	1	1	06	0E98	0	2	1
079A91	1	1	06	0E98	0	2	1
079A93	1	1	06	0E98	0	3	1
079A96	1	1	06	0E98	0	2	1
079A98	1	1	06	0E98	0	3	1
079A9B	1	1	06	0E98	0	2	1
079A9D	1	1	06	0E98	0	3	1
079AA0	1	1	06	0E98	0	3	1
079AA3	1	1	06	0E98	0	2	1
079AA5	1	1	06	0E98	0	3	1
079AA8	1	1	06	0E98	0	2	1
079AAA	1	1	06	0E98	0	4	1
079AC3	1	1	06	0E98	0	2	1
079AC5	1	1	06	0E98	0	3	1
079ACC	1	1	06	0E98	0	2	1
079ACE	1	1	06	0E98	0	2	1
079AD0	1	1	06	0E98	0	2	1
079AD2	1	1	06	0E98	0	4	1
079AD6	1	1	06	0E98	0	2	1
079AD8	1	1	06	0E98	0	4	1
079ADC	1	1	06	0E98	0	1	1
079ADD	1	1	06	0E98	0	4	1
079AE1	1	1	06	0E98	0	2	1
079AE3	1	1	06	0E98	0	2	1
079AE5	1	1	06	0E98	0	2	1
079AE7	1	1	06	0E98	0	2	1
079AE9	1	1	06	0E98	0	2	1
079AEB	1	1	06	0E98	0	3	1
079AEE	1	1	06	0E98	0	2	1
079AF0	1	1	06	0E98	0	3	1
079AF3	1	1	06	0E98	0	1	1
079AF4	1	1	06	0E98	0	2	1
079AF6	1	1	06	0E98	0	3	1
079AFD	1	1	06	0E98	0	2	1
079AFF	1	1	06	0E98	0	2	1
079B01	1	1	06	0E98	0	2	1
079B03	1	1	06	0E98	0	4	1
079B07	1	1	06	0E98	0	2	1
079B09	1	1	06	0E98	0	4	1
079B0D	1	1	06	0E98	0	1	1
079B0E	1	1	06	0E98	0	2	1
079B10	1	1	06	0E98	0	3	1
079B17	1	1	06	0E98	0	2	1
079B19	1	1	06	0E98	0	2	1
079B1B	1	1	06	0E98	0	2	1
079B1D	1	1	06	0E98	0	4	1
079B21	1	1	06	0E98	0	1	1
079B22	1	1	06	0E98	0	2	1
079B24	1	1	06	0E98	0	3	1
079B2B	1	1	06	0E98	0	2	1
079B2D	1	1	06	0E98	0	2	1
079B2F	1	1	06	0E98	0	2	1
079B31	1	1	06	0E98	0	4	1
079B35	1	1	06	0E98	0	2	1
079B37	1	1	06	0E98	0	4	1
079B3B	1	1	06	0E98	0	1	1
079B3C	1	1	06	0E98	0	2	1
079B3E	1	1	06	0E98	0	3	1
079B45	1	1	06	0E98	0	2	1
079B47	1	1	06	0E98	0	2	1
079B49	1	1	06	0E98	0	2	1
079B4B	1	1	06	0E98	0	4	1
079B4F	1	1	06	0E98	0	2	1
079B51	1	1	06	0E98	0	4	1
079B55	1	1	06	0E98	0	1	1
079B56	1	1	06	0E98	0	2	1
079B58	1	1	06	0E98	0	3	1
079B5F	1	1	06	0E98	0	2	1
079B61	1	1	06	0E98	0	2	1
079B63	1	1	06	0E98	0	2	1
079B65	1	1	06	0E98	0	4	1
079B69	1	1	06	0E98	0	1	1
079B6A	1	1	06	0E98	0	2	1
079B6C	1	1	06	0E98	0	3	1
079B73	1	1	06	0E98	0	2	1
079B75	1	1	06	0E98	0	2	1
079B77	1	1	06	0E98	0	2	1
079B79	1	1	06	0E98	0	4	1
079B7D	1	1	06	0E98	0	2	1
079B7F	1	1	06	0E98	0	4	1
079B83	1	1	06	0E98	0	1	1
079B84	1	1	06	0E98	0	3	1
079B87	1	1	06	0E98	0	2	1
079B89	1	1	06	0E98	0	4	1
079B8D	1	1	06	0E58	0	2	1
079B8F	1	1	06	0E58	0	3	1
079B98	1	1	06	0E58	0	2	1
079B9A	1	1	06	0E58	0	2	1
079B9C	1	1	06	0E58	0	2	1
079B9E	1	1	06	0E58	0	2	1
079BA0	1	1	06	0E58	0	2	1
079BA2	1	1	06	0E58	0	2	1
079BA4	1	1	06	0E58	0	4	1
079BA8	1	1	06	0E58	0	3	1
079BAB	1	1	06	0E58	0	2	1
079BAD	1	1	06	0E58	0	2	1
079BAF	1	1	06	0E58	0	2	1
079BB1	1	1	06	0E58	0	2	1
079BB3	1	1	06	0E58	0	3	1
079BB6	1	1	06	0E58	0	2	1
079BB8	1	1	06	0E58	0	2	1
079BBA	1	1	06	0E58	0	3	1
079BBD	1	1	06	0E58	0	2	1
079BBF	1	1	06	0E58	0	3	1
079BC2	1	1	06	0E58	0	2	1
079BC4	1	1	06	0E58	0	3	1
079BC7	1	1	06	0E58	0	3	1
079BCA	1	1	06	0E58	0	2	1
079BCC	1	1	06	0E58	0	3	1
079BCF	1	1	06	0E58	0	2	1
079BD1	1	1	06	0E58	0	4	1
079BEA	1	1	06	0E58	0	2	1
079BEC	1	1	06	0E58	0	3	1
079BF3	1	1	06	0E58	0	2	1
079BF5	1	1	06	0E58	0	2	1
079BF7	1	1	06	0E58	0	2	1
079BF9	1	1	06	0E58	0	4	1
079BFD	1	1	06	0E58	0	2	1
079BFF	1	1	06	0E58	0	4	1
079C03	1	1	06	0E58	0	1	1
079C04	1	1	06	0E58	0	4	1
079C08	1	1	06	0E58	0	2	1
079C0A	1	1	06	0E58	0	2	1
079C0C	1	1	06	0E58	0	2	1
079C0E	1	1	06	0E58	0	2	1
079C10	1	1	06	0E58	0	2	1
079C12	1	1	06	0E58	0	3	1
079C15	1	1	06	0E58	0	2	1
079C17	1	1	06	0E58	0	3	1
079C1A	1	1	06	0E58	0	1	1
079C1B	1	1	06	0E58	0	2	1
079C1D	1	1	06	0E58	0	3	1
079C24	1	1	06	0E58	0	2	1
079C26	1	1	06	0E58	0	2	1
079C28	1	1	06	0E58	0	2	1
079C2A	1	1	06	0E58	0	4	1
079C2E	1	1	06	0E58	0	2	1
079C30	1	1	06	0E58	0	4	1
079C34	1	1	06	0E58	0	1	1
079C35	1	1	06	0E58	0	2	1
079C37	1	1	06	0E58	0	3	1
079C3E	1	1	06	0E58	0	2	1
079C40	1	1	06	0E58	0	2	1
079C42	1	1	06	0E58	0	2	1
079C44	1	1	06	0E58	0	4	1
079C48	1	1	06	0E58	0	1	1
079C49	1	1	06	0E58	0	2	1
079C4B	1	1	06	0E58	0	3	1
079C52	1	1	06	0E58	0	2	1
079C54	1	1	06	0E58	0	2	1
079C56	1	1	06	0E58	0	2	1
079C58	1	1	06	0E58	0	4	1
079C5C	1	1	06	0E58	0	2	1
079C5E	1	1	06	0E58	0	4	1
079C62	1	1	06	0E58	0	1	1
079C63	1	1	06	0E58	0	2	1
079C65	1	1	06	0E58	0	3	1
079C6C	1	1	06	0E58	0	2	1
079C6E	1	1	06	0E58	0	2	1
079C70	1	1	06	0E58	0	2	1
079C72	1	1	06	0E58	0	4	1
079C76	1	1	06	0E58	0	2	1
079C78	1	1	06	0E58	0	4	1
079C7C	1	1	06	0E58	0	1	1
079C7D	1	1	06	0E58	0	2	1
079C7F	1	1	06	0E58	0	3	1
079C86	1	1	06	0E58	0	2	1
079C88	1	1	06	0E58	0	2	1
079C8A	1	1	06	0E58	0	2	1
079C8C	1	1	06	0E58	0	4	1
079C90	1	1	06	0E58	0	1	1
079C91	1	1	06	0E58	0	2	1
079C93	1	1	06	0E58	0	3	1
079C9A	1	1	06	0E58	0	2	1
079C9C	1	1	06	0E58	0	2	1
079C9E	1	1	06	0E58	0	2	1
079CA0	1	1	06	0E58	0	4	1
079CA4	1	1	06	0E58	0	2	1
079CA6	1	1	06	0E58	0	4	1
079CAA	1	1	06	0E58	0	1	1
079CAC	1	1	06	0E58	0	3	1
079CAF	1	1	06	0E58	0	2	1
079CB1	1	1	06	0E58	0	4	1
079CB5	1	1	06	0E18	0	2	1
079CB7	1	1	06	0E18	0	3	1
079CC0	1	1	06	0E18	0	2	1
079CC2	1	1	06	0E18	0	2	1
079CC4	1	1	06	0E18	0	2	1
079CC6	1	1	06	0E18	0	2	1
079CC8	1	1	06	0E18	0	2	1
079CCA	1	1	06	0E18	0	4	1
079CCE	1	1	06	0E18	0	3	1
079CD1	1	1	06	0E18	0	2	1
079CD3	1	1	06	0E18	0	2	1
079CD5	1	1	06	0E18	0	2	1
079CD7	1	1	06	0E18	0	2	1
079CD9	1	1	06	0E18	0	3	1
079CDC	1	1	06	0E18	0	2	1
079CDE	1	1	06	0E18	0	2	1
079CE0	1	1	06	0E18	0	3	1
079CE3	1	1	06	0E18	0	2	1
079CE5	1	1	06	0E18	0	3	1
079CE8	1	1	06	0E18	0	2	1
079CEA	1	1	06	0E18	0	3	1
079CED	1	1	06	0E18	0	3	1
079CF0	1	1	06	0E18	0	2	1
079CF2	1	1	06	0E18	0	4	1
079D0E	1	1	06	0E18	0	1	1
079D0F	1	1	06	0E18	0	2	1
079D11	1	1	06	0E18	0	3	1
079D18	1	1	06	0E18	0	2	1
079D1A	1	1	06	0E18	0	2	1
079D1C	1	1	06	0E18	0	2	1
079D1E	1	1	06	0E18	0	4	1
079D22	1	1	06	0E18	0	1	1
079D23	1	1	06	0E18	0	4	1
079D27	1	1	06	0E18	0	2	1
079D29	1	1	06	0E18	0	2	1
079D2B	1	1	06	0E18	0	2	1
079D2D	1	1	06	0E18	0	2	1
079D2F	1	1	06	0E18	0	2	1
079D31	1	1	06	0E18	0	3	1
079D34	1	1	06	0E18	0	2	1
079D36	1	1	06	0E18	0	3	1
079D39	1	1	06	0E18	0	1	1
079D3A	1	1	06	0E18	0	2	1
079D3C	1	1	06	0E18	0	3	1
079D43	1	1	06	0E18	0	2	1
079D45	1	1	06	0E18	0	2	1
079D47	1	1	06	0E18	0	2	1
079D49	1	1	06	0E18	0	4	1
079D4D	1	1	06	0E18	0	2	1
079D4F	1	1	06	0E18	0	4	1
079D53	1	1	06	0E18	0	1	1
079DAA	1	1	06	0E18	0	2	1
079DAC	1	1	06	0E18	0	3	1
079DB3	1	1	06	0E18	0	2	1
079DB5	1	1	06	0E18	0	2	1
079DB7	1	1	06	0E18	0	2	1
079DB9	1	1	06	0E18	0	4	1
079DBD	1	1	06	0E18	0	2	1
079DBF	1	1	06	0E18	0	4	1
079DC3	1	1	06	0E18	0	1	1
079DC4	1	1	06	0E18	0	2	1
079DC6	1	1	06	0E18	0	3	1
079DCD	1	1	06	0E18	0	2	1
079DCF	1	1	06	0E18	0	2	1
079DD1	1	1	06	0E18	0	2	1
079DD3	1	1	06	0E18	0	4	1
079DD7	1	1	06	0E18	0	2	1
079DD9	1	1	06	0E18	0	4	1
079DDD	1	1	06	0E18	0	1	1
079DDE	1	1	06	0E18	0	2	1
079DE0	1	1	06	0E18	0	3	1
079DE7	1	1	06	0E18	0	2	1
079DE9	1	1	06	0E18	0	2	1
079DEB	1	1	06	0E18	0	2	1
079DED	1	1	06	0E18	0	4	1
079DF1	1	1	06	0E18	0	2	1
079DF3	1	1	06	0E18	0	4	1
079DF7	1	1	06	0E18	0	1	1
079DF8	1	1	06	0E18	0	3	1
079DFB	1	1	06	0E18	0	2	1
079DFD	1	1	06	0E18	0	4	1
079E01	1	1	06	0DD8	0	2	1
079E03	1	1	06	0DD8	0	3	1
079E0C	1	1	06	0DD8	0	2	1
079E0E	1	1	06	0DD8	0	2	1
079E10	1	1	06	0DD8	0	2	1
079E12	1	1	06	0DD8	0	2	1
079E14	1	1	06	0DD8	0	2	1
079E16	1	1	06	0DD8	0	2	1
079E18	1	1	06	0DD8	0	4	1
079E1C	1	1	06	0DD8	0	3	1
079E1F	1	1	06	0DD8	0	2	1
079E21	1	1	06	0DD8	0	2	1
079E23	1	1	06	0DD8	0	2	1
079E25	1	1	06	0DD8	0	2	1
079E27	1	1	06	0DD8	0	3	1
079E2A	1	1	06	0DD8	0	2	1
079E2C	1	1	06	0DD8	0	2	1
079E2E	1	1	06	0DD8	0	3	1
079E31	1	1	06	0DD8	0	2	1
079E33	1	1	06	0DD8	0	3	1
079E36	1	1	06	0DD8	0	2	1
079E38	1	1	06	0DD8	0	3	1
079E3B	1	1	06	0DD8	0	3	1
079E3E	1	1	06	0DD8	0	2	1
079E40	1	1	06	0DD8	0	4	1
079E5C	1	1	06	0DD8	0	1	1
079E5D	1	1	06	0DD8	0	2	1
079E5F	1	1	06	0DD8	0	3	1
079E66	1	1	06	0DD8	0	2	1
079E68	1	1	06	0DD8	0	2	1
079E6A	1	1	06	0DD8	0	2	1
079E6C	1	1	06	0DD8	0	4	1
079E70	1	1	06	0DD8	0	1	1
079E71	1	1	06	0DD8	0	4	1
079E75	1	1	06	0DD8	0	2	1
079E77	1	1	06	0DD8	0	2	1
079E79	1	1	06	0DD8	0	2	1
079E7B	1	1	06	0DD8	0	2	1
079E7D	1	1	06	0DD8	0	2	1
079E7F	1	1	06	0DD8	0	3	1
079E82	1	1	06	0DD8	0	2	1
079E84	1	1	06	0DD8	0	3	1
079E87	1	1	06	0DD8	0	1	1
079E88	1	1	06	0DD8	0	2	1
079E8A	1	1	06	0DD8	0	3	1
079E91	1	1	06	0DD8	0	2	1
079E93	1	1	06	0DD8	0	2	1
079E95	1	1	06	0DD8	0	2	1
079E97	1	1	06	0DD8	0	4	1
079E9B	1	1	06	0DD8	0	2	1
079E9D	1	1	06	0DD8	0	4	1
079EA1	1	1	06	0DD8	0	1	1
079ED7	1	1	06	0DD8	0	4	1
079EDB	1	1	06	0DD8	0	2	1
079EDD	1	1	06	0DD8	0	2	1
079EDF	1	1	06	0DD8	0	2	1
079EE1	1	1	06	0DD8	0	2	1
079EE3	1	1	06	0DD8	0	2	1
079EE5	1	1	06	0DD8	0	2	1
079EE7	1	1	06	0DD8	0	3	1
079EEA	1	1	06	0DD8	0	2	1
079EEC	1	1	06	0DD8	0	3	1
079EEF	1	1	06	0DD8	0	1	1
079EF0	1	1	06	0DD8	0	2	1
079EF2	1	1	06	0DD8	0	3	1
079EF9	1	1	06	0DD8	0	2	1
079EFB	1	1	06	0DD8	0	2	1
079EFD	1	1	06	0DD8	0	2	1
079EFF	1	1	06	0DD8	0	4	1
079F03	1	1	06	0DD8	0	2	1
079F05	1	1	06	0DD8	0	4	1
079F09	1	1	06	0DD8	0	1	1
079F0A	1	1	06	0DD8	0	2	1
079F0C	1	1	06	0DD8	0	3	1
079F13	1	1	06	0DD8	0	2	1
079F15	1	1	06	0DD8	0	2	1
079F17	1	1	06	0DD8	0	2	1
079F19	1	1	06	0DD8	0	4	1
079F1D	1	1	06	0DD8	0	2	1
079F1F	1	1	06	0DD8	0	4	1
079F23	1	1	06	0DD8	0	1	1
079F24	1	1	06	0DD8	0	2	1
079F26	1	1	06	0DD8	0	3	1
079F2D	1	1	06	0DD8	0	2	1
079F2F	1	1	06	0DD8	0	2	1
079F31	1	1	06	0DD8	0	2	1
079F33	1	1	06	0DD8	0	4	1
079F37	1	1	06	0DD8	0	2	1
079F39	1	1	06	0DD8	0	4	1
079F3D	1	1	06	0DD8	0	1	1
079F3E	1	1	06	0DD8	0	3	1
079F41	1	1	06	0DD8	0	2	1
079F43	1	1	06	0DD8	0	4	1
079F47	1	1	06	0D98	0	2	1
079F49	1	1	06	0D98	0	3	1
079F52	1	1	06	0D98	0	4	1
079F56	1	1	06	0D98	0	2	1
079F58	0	1	06	0D98	0	2	1
079F5A	0	1	06	0D98	0	3	1
079F5D	0	1	06	0D98	0	2	1
079F5F	0	1	06	0D98	0	3	1
079F62	0	1	06	0D98	0	2	1
079F64	0	1	06	0D98	0	3	1
079F67	0	1	06	0D98	0	2	1
079F69	0	1	06	0D98	0	2	1
079F6B	1	1	06	0D98	0	2	1
079F6D	1	1	06	0D98	0	2	1
079F6F	1	1	06	0D98	0	2	1
079F71	1	1	06	0D98	0	2	1
079F73	1	1	06	0D98	0	2	1
079F75	1	1	06	0D98	0	2	1
079F77	1	1	06	0D98	0	2	1
079F79	1	1	06	0D98	0	2	1
079F7B	1	1	06	0D98	0	2	1
079F7D	1	1	06	0D98	0	2	1
079F7F	1	1	06	0D98	0	2	1
079F81	1	1	06	0D98	0	2	1
079F83	1	1	06	0D98	0	2	1
079F85	1	1	06	0D98	0	2	1
079F87	1	1	06	0D98	0	2	1
079F89	1	1	06	0D98	0	2	1
079F8B	1	1	06	0D98	0	2	1
079F8D	1	1	06	0D98	0	2	1
079F8F	1	1	06	0D98	0	2	1
079F91	1	1	06	0D98	0	2	1
079F93	1	1	06	0D98	0	3	1
079F96	1	1	06	0D98	0	2	1
079F98	1	1	06	0D98	0	2	1
079F9A	1	1	06	0D98	0	2	1
079F9C	1	1	06	0D98	0	4	1
079FA0	1	1	06	0D98	0	3	1
079FA3	1	1	06	0D98	0	2	1
079FA5	1	1	06	0D98	0	2	1
079FA7	1	1	06	0D98	0	3	1
079FAA	1	1	06	0D98	0	2	1
079FAC	1	1	06	0D98	0	3	1
079FAF	1	1	06	0D98	0	2	1
079FB1	1	1	06	0D98	0	3	1
079FB4	1	1	06	0D98	0	3	1
079FB7	1	1	06	0D98	0	4	1
079FBB	1	1	06	0D98	0	2	1
079FBD	1	1	06	0D98	0	2	1
079FBF	1	1	06	0D98	0	2	1
079FC1	1	1	06	0D98	0	3	1
079FC4	1	1	06	0D98	0	2	1
079FC6	1	1	06	0D98	0	2	1
079FC8	1	1	06	0D98	0	2	1
079FCA	1	1	06	0D98	0	2	1
079FCC	1	1	06	0D98	0	4	1
079FD0	1	1	06	0D98	0	2	1
079FD2	1	1	06	0D98	0	2	1
079FD4	1	1	06	0D98	0	2	1
079FD6	1	1	06	0D98	0	2	1
079FD8	1	1	06	0D98	0	2	1
079FDA	1	1	06	0D98	0	2	1
079FDC	1	1	06	0D98	0	4	1
079FE0	1	1	06	0D98	0	2	1
079FE2	1	1	06	0D98	0	2	1
079FE4	1	1	06	0D98	0	2	1
079FEC	1	1	06	0D98	0	2	1
079FEE	1	1	06	0D98	0	2	1
079FF0	1	1	06	0D98	0	3	1
079FF3	1	1	06	0D98	0	1	1
079FF4	1	1	06	0D98	0	2	1
079FF6	1	1	06	0D98	0	2	1
079FF8	1	1	06	0D98	0	2	1
079FFA	1	1	06	0D98	0	2	1
079FFC	1	1	06	0D98	0	2	1
079FFE	1	1	06	0D98	0	2	1
07A000	1	1	06	0D98	0	2	1
07A002	1	1	06	0D98	0	2	1
07A004	1	1	06	0D98	0	2	1
07A006	1	1	06	0D98	0	2	1
07A008	1	1	06	0D98	0	2	1
07A00A	1	1	06	0D98	0	2	1
07A00C	1	1	06	0D98	0	4	1
07A010	1	1	06	0D98	0	4	1
07A014	1	1	06	0D98	0	2	1
07A016	1	1	06	0D98	0	2	1
07A018	1	1	06	0D98	0	2	1
07A01A	1	1	06	0D98	0	2	1
07A01C	1	1	06	0D98	0	4	1
07A036	1	1	06	0D98	0	1	1
07A037	1	1	06	0D98	0	2	1
07A039	1	1	06	0D98	0	3	1
07A044	1	1	06	0D98	0	2	1
07A046	1	1	06	0D98	0	2	1
07A048	1	1	06	0D98	0	2	1
07A04A	1	1	06	0D98	0	2	1
07A04C	1	1	06	0D98	0	1	1
07A04D	1	1	06	0D98	0	2	1
07A04F	1	1	06	0D98	0	2	1
07A051	1	1	06	0D98	0	2	1
07A053	1	1	06	0D98	0	2	1
07A055	1	1	06	0D98	0	3	1
07A058	1	1	06	0D98	0	2	1
07A05A	1	1	06	0D98	0	3	1
07A05D	1	1	06	0D98	0	2	1
07A05F	1	1	06	0D98	0	1	1
07A0DC	1	1	06	0D98	0	2	1
07A0DE	1	1	06	0D98	0	3	1
07A0E5	1	1	06	0D98	0	2	1
07A0E7	1	1	06	0D98	0	2	1
07A0E9	1	1	06	0D98	0	2	1
07A0EB	1	1	06	0D98	0	4	1
07A0EF	1	1	06	0D98	0	1	1
07A0F0	1	1	06	0D98	0	2	1
07A0F2	1	1	06	0D98	0	2	1
07A0F4	1	1	06	0D98	0	2	1
07A0F6	1	1	06	0D98	0	2	1
07A0F8	1	1	06	0D98	0	3	1
07A0FB	1	1	06	0D98	0	2	1
07A0FD	1	1	06	0D98	0	3	1
07A100	1	1	06	0D98	0	4	1
07A104	1	1	06	0D98	0	1	1
07A105	1	1	06	0D98	0	2	1
07A107	1	1	06	0D98	0	3	1
07A10E	1	1	06	0D98	0	2	1
07A110	1	1	06	0D98	0	2	1
07A112	1	1	06	0D98	0	2	1
07A114	1	1	06	0D98	0	4	1
07A118	1	1	06	0D98	0	2	1
07A11A	0	1	06	0D98	0	1	1
07A11B	0	1	06	0D98	0	3	1
07A11E	0	1	06	0D98	0	2	1
07A120	1	1	06	0D98	0	1	1
07A121	1	1	06	0D98	0	2	1
07A123	1	1	06	0D98	0	3	1
07A12C	1	1	06	0D98	0	3	1
07A12F	1	1	06	0D98	0	2	1
07A131	1	1	06	0D98	0	2	1
07A133	0	1	06	0D98	0	4	1
07A137	0	1	06	0D98	0	3	1
07A13A	0	1	06	0D98	0	1	1
07A13B	0	1	06	0D98	0	3	1
07A13E	0	1	06	0D98	0	2	1
07A140	0	1	06	0D98	0	3	1
07A143	0	1	06	0D98	0	1	1
07A144	0	1	06	0D98	0	3	1
07A147	0	1	06	0D98	0	2	1
07A149	0	1	06	0D98	0	2	1
07A14B	1	1	06	0D98	0	3	1
07A14E	1	1	06	0D98	0	2	1
07A150	1	1	06	0D98	0	2	1
07A152	1	1	06	0D98	0	2	1
07A154	1	1	06	0D98	0	4	1
07A158	1	1	06	0D98	0	2	1
07A15A	1	1	06	0D98	0	2	1
07A15C	1	1	06	0D98	0	2	1
07A15E	1	1	06	0D98	0	2	1
07A160	1	1	06	0D98	0	4	1
07A164	1	1	06	0D98	0	4	1
07A168	1	1	06	0D98	0	2	1
07A16A	0	1	06	0D98	0	2	1
07A16C	0	1	06	0D98	0	4	1
07A170	0	1	06	0D98	0	3	1
07A173	0	1	06	0D98	0	1	1
07A174	0	1	06	0D98	0	2	1
07A176	0	1	06	0D98	0	3	1
07A179	0	1	06	0D98	0	2	1
07A17B	0	1	06	0D98	0	2	1
07A17D	1	1	06	0D98	0	1	1
07A17E	1	1	06	0D98	0	2	1
07A180	1	1	06	0D98	0	2	1
07A182	1	1	06	0D98	0	3	1
07A185	1	1	06	0D98	0	2	1
07A187	1	1	06	0D98	0	2	1
07A189	1	1	06	0D98	0	2	1
07A18B	1	1	06	0D98	0	3	1
07A18E	1	1	06	0D98	0	4	1
07A192	1	1	06	0D98	0	3	1
07A195	1	1	06	0D98	0	2	1
07A197	1	1	06	0D98	0	4	1
07A19B	1	1	06	0D98	0	2	1
07A19D	1	1	06	0D98	0	2	1
07A19F	1	1	06	0D98	0	2	1
07A1A1	1	1	06	0D98	0	2	1
07A1A3	1	1	06	0D98	0	2	1
07A1A5	0	1	06	0D98	0	3	1
07A1A8	0	1	06	0D98	0	2	1
07A1AA	0	1	06	0D98	0	2	1
07A1AC	0	1	06	0D98	0	2	1
07A1AE	0	1	06	0D98	0	4	1
07A1B2	0	1	06	0D98	0	3	1
07A1B5	0	1	06	0D98	0	1	1
07A1B6	0	1	06	0D98	0	1	1
07A1B7	0	1	06	0D98	0	3	1
07A1BA	0	1	06	0D98	0	2	1
07A1BC	0	1	06	0D98	0	3	1
07A1BF	0	1	06	0D98	0	2	1
07A1C1	0	1	06	0D98	0	2	1
07A1C3	1	1	06	0D98	0	2	1
07A1C5	1	1	06	0D98	0	2	1
07A1C7	1	1	06	0D98	0	2	1
07A1C9	1	1	06	0D98	0	4	1
07A1CD	1	1	06	0D98	0	2	1
07A1CF	1	1	06	0D98	0	4	1
07A1D3	0	1	06	0D98	0	2	1
07A1D5	1	1	06	0D98	0	3	1
07A1D8	1	1	06	0D98	0	1	1
07A1D9	1	1	06	0D98	0	2	1
07A1DB	1	1	06	0D98	0	4	1
07A1DF	1	1	06	0D98	0	1	1
07A1E0	1	1	06	0D98	0	2	1
07A1E2	1	1	06	0D98	0	2	1
07A1E4	1	1	06	0D98	0	4	1
07A1EE	1	1	06	0D98	0	4	1
07A1F2	1	0	06	0D98	0	2	1
07A1F4	1	0	06	0D98	0	3	1
07A1F7	1	0	06	0D98	0	2	1
07A1F9	1	0	06	0D98	0	3	1
07A1FC	1	0	06	0D98	0	2	1
07A1FE	1	0	06	0D98	0	3	1
07A201	1	0	06	0D98	0	2	1
07A203	0	0	06	0D98	0	1	1
07A204	0	0	06	0D98	0	3	1
07A207	0	0	06	0D98	0	4	1
07A20B	0	0	06	0D98	0	2	1
07A20D	1	1	06	0D98	0	1	1
07A20E	1	1	06	0D58	0	2	1
07A210	1	1	06	0D58	0	3	1
07A219	1	1	06	0D58	0	2	1
07A21B	1	1	06	0D58	0	2	1
07A21D	1	1	06	0D58	0	2	1
07A21F	1	1	06	0D58	0	2	1
07A221	1	1	06	0D58	0	2	1
07A223	1	1	06	0D58	0	2	1
07A225	1	1	06	0D58	0	4	1
07A229	1	1	06	0D58	0	3	1
07A22C	1	1	06	0D58	0	2	1
07A22E	1	1	06	0D58	0	2	1
07A230	1	1	06	0D58	0	2	1
07A232	1	1	06	0D58	0	2	1
07A234	1	1	06	0D58	0	3	1
07A237	1	1	06	0D58	0	2	1
07A239	1	1	06	0D58	0	2	1
07A23B	1	1	06	0D58	0	3	1
07A23E	1	1	06	0D58	0	2	1
07A240	1	1	06	0D58	0	3	1
07A243	1	1	06	0D58	0	2	1
07A245	1	1	06	0D58	0	3	1
07A248	1	1	06	0D58	0	3	1
07A24B	1	1	06	0D58	0	2	1
07A24D	1	1	06	0D58	0	4	1
07A269	1	1	06	0D58	0	1	1
07A285	1	1	06	0D58	0	4	1
07A289	1	1	06	0D58	0	2	1
07A28B	1	1	06	0D58	0	2	1
07A28D	1	1	06	0D58	0	2	1
07A28F	1	1	06	0D58	0	2	1
07A291	1	1	06	0D58	0	2	1
07A293	1	1	06	0D58	0	3	1
07A296	1	1	06	0D58	0	2	1
07A298	1	1	06	0D58	0	3	1
07A29B	1	1	06	0D58	0	1	1
07A29C	1	1	06	0D58	0	2	1
07A29E	1	1	06	0D58	0	3	1
07A2A5	1	1	06	0D58	0	2	1
07A2A7	1	1	06	0D58	0	2	1
07A2A9	1	1	06	0D58	0	2	1
07A2AB	1	1	06	0D58	0	4	1
07A2AF	1	1	06	0D58	0	1	1
07A2B0	1	1	06	0D58	0	2	1
07A2B2	1	1	06	0D58	0	3	1
07A2B9	1	1	06	0D58	0	2	1
07A2BB	1	1	06	0D58	0	2	1
07A2BD	1	1	06	0D58	0	2	1
07A2BF	1	1	06	0D58	0	4	1
07A2C3	1	1	06	0D58	0	2	1
07A2C5	1	1	06	0D58	0	4	1
07A2C9	1	1	06	0D58	0	1	1
07A2CA	1	1	06	0D58	0	3	1
07A2CD	1	1	06	0D58	0	2	1
07A2CF	1	1	06	0D58	0	4	1
07A2D3	1	1	06	0E98	0	2	1
07A2D5	1	1	06	0E98	0	2	1
07A2D7	1	1	06	0E98	0	1	1
07A2D8	1	1	06	0E98	0	1	1
07A2D9	1	1	06	0E98	0	2	1
07A2DB	0	0	06	0E98	0	2	1
07A2DD	0	0	06	0E98	0	3	1
07A2E0	0	0	06	0E98	0	1	1
07A2E1	0	0	06	0E98	0	3	1
07A2E4	0	0	06	0E98	0	1	1
07A2E5	0	0	06	0E98	0	2	1
07A2E7	0	0	06	0E98	0	2	1
07A2E9	0	0	06	0E98	0	3	1
07A2EC	0	0	06	0E98	0	1	1
07A2ED	0	0	06	0E98	0	3	1
07A2F0	0	0	06	0E98	0	1	1
07A2F1	0	0	06	0E98	0	2	1
07A2F3	0	0	06	0E98	0	2	1
07A2F5	0	0	06	0E98	0	1	1
07A2F6	1	1	06	0E98	0	1	1
07A2F7	1	1	06	0D18	0	2	1
07A2F9	1	1	06	0D18	0	2	1
07A2FB	1	1	06	0D18	0	2	1
07A2FD	0	1	06	0D18	0	2	1
07A2FF	0	1	06	0D18	0	3	1
07A302	0	1	06	0D18	0	3	1
07A305	0	1	06	0D18	0	2	1
07A311	0	1	06	0D18	0	2	1
07A313	0	1	06	0D18	0	1	1
07A314	0	1	06	0D18	0	3	1
07A317	0	1	06	0D18	0	3	1
07A31A	0	1	06	0D18	0	2	1
07A326	0	1	06	0D18	0	2	1
07A328	0	1	06	0D18	0	1	1
07A329	0	1	06	0D18	0	3	1
07A32C	0	1	06	0D18	0	3	1
07A32F	0	1	06	0D18	0	2	1
07A331	0	1	06	0D18	0	3	1
07A334	0	1	06	0D18	0	2	1
07A336	0	1	06	0D18	0	3	1
07A339	0	1	06	0D18	0	2	1
07A33B	0	1	06	0D18	0	2	1
07A33D	1	1	06	0D18	0	1	1
07A33E	1	1	06	0D18	0	1	1
07A33F	1	1	06	0D18	0	3	1
07A342	1	1	06	0D18	0	1	1
07A343	1	1	08	0D18	0	2	1
07A345	1	1	08	0D18	0	2	1
07A347	1	0	08	0D18	0	3	1
07A34A	1	0	08	0D18	0	2	1
07A34C	1	0	08	0D18	0	2	1
07A34E	1	0	08	0D18	0	1	1
07A34F	1	0	08	0D18	0	1	1
07A350	1	0	08	0D18	0	1	1
07A351	1	0	08	0D18	0	1	1
07A352	1	0	08	0D18	0	2	1
07A354	0	0	08	0D18	0	2	1
07A356	0	0	08	0D18	0	2	1
07A358	0	0	08	0D18	0	1	1
07A359	0	0	08	0D18	0	1	1
07A35A	0	0	08	0D18	0	2	1
07A35C	0	0	08	0D18	0	2	1
07A35E	0	0	08	0D18	0	1	1
07A35F	0	0	08	0D18	0	1	1
07A360	0	0	08	0D18	0	3	1
07A363	0	0	08	0D18	0	1	1
07A364	0	0	08	0D18	0	2	1
07A366	0	0	08	0D18	0	2	1
07A368	0	0	08	0D18	0	1	1
07A369	0	0	06	0D18	0	1	1
07A36A	1	1	06	0D18	0	1	1
07A36B	1	1	06	0D18	0	2	1
07A36D	0	1	06	0D18	0	2	1
07A36F	0	1	06	0D18	0	3	1
07A372	0	1	06	0D18	0	1	1
07A373	0	1	06	0D18	0	2	1
07A375	0	1	06	0D18	0	2	1
07A377	1	1	06	0D18	0	1	1
07A378	1	1	06	0D18	0	2	1
07A37A	1	1	06	0D18	0	2	1
07A37C	1	1	06	0D18	0	2	1
07A37E	1	1	06	0D18	0	2	1
07A380	1	1	06	0D18	0	4	1
07A384	1	1	06	0D18	0	2	1
07A386	1	1	06	0D18	0	2	1
07A388	0	1	06	0D18	0	3	1
07A38B	0	1	06	0D18	0	1	1
07A38C	0	1	06	0D18	0	2	1
07A38E	0	1	06	0D18	0	3	1
07A391	0	1	06	0D18	0	2	1
07A393	1	1	06	0D18	0	2	1
07A399	1	1	06	0D18	0	2	1
07A39B	0	1	06	0D18	0	2	1
07A39D	0	1	06	0D18	0	3	1
07A3A0	0	1	06	0D18	0	2	1
07A3A2	1	1	06	0D18	0	2	1
07A3A4	1	1	06	0D18	0	2	1
07A3A6	1	1	06	0D18	0	2	1
07A3A8	0	1	06	0D18	0	3	1
07A3AB	0	1	06	0D18	0	2	1
07A3AD	0	1	06	0D18	0	2	1
07A3AF	1	1	06	0D18	0	2	1
07A3B1	1	1	06	0D18	0	2	1
07A3B3	1	1	06	0D18	0	1	1
07A3B4	1	1	06	0D18	0	3	1
07A3B7	1	1	06	0D18	0	4	1
07A3BB	1	1	06	0D18	0	2	1
07A3BD	1	1	06	0D18	0	2	1
07A3BF	1	1	06	0D18	0	2	1
07A3C1	1	1	06	0D18	0	2	1
07A3C3	1	1	06	0D18	0	1	1
07A3C4	1	1	06	0D18	0	2	1
07A3C6	0	1	06	0D18	0	2	1
07A3C8	0	1	06	0D18	0	3	1
07A3CB	0	1	06	0D18	0	3	1
07A3CE	0	1	06	0D18	0	1	1
07A3CF	0	1	06	0D18	0	1	1
07A3D0	0	1	06	0D18	0	2	1
07A3D2	0	1	06	0D18	0	2	1
07A3D4	1	1	06	0D18	0	1	1
07A653	1	1	06	0E58	0	2	1
07A655	1	1	06	0E58	0	3	1
07A65E	1	1	06	0E58	0	3	1
07A661	1	1	06	0E58	0	2	1
07A663	1	1	06	0E58	0	2	1
07A669	1	1	06	0E58	0	4	1
07A66D	1	1	06	0E58	0	2	1
07A66F	1	1	06	0E58	0	2	1
07A671	1	1	06	0E58	0	2	1
07A673	1	1	06	0E58	0	2	1
07A675	1	1	06	0E58	0	2	1
07A677	1	1	06	0E58	0	2	1
07A679	1	1	06	0E58	0	2	1
07A67B	1	1	06	0E58	0	2	1
07A67D	1	1	06	0E58	0	2	1
07A67F	1	1	06	0E58	0	2	1
07A681	1	1	06	0E58	0	2	1
07A683	1	1	06	0E58	0	2	1
07A685	1	1	06	0E58	0	2	1
07A687	1	1	06	0E58	0	2	1
07A689	0	1	06	0E58	0	2	1
07A68B	0	1	06	0E58	0	2	1
07A68D	0	1	06	0E58	0	2	1
07A68F	0	1	06	0E58	0	2	1
07A691	0	1	06	0E58	0	3	1
07A694	0	1	06	0E58	0	2	1
07A696	0	1	06	0E58	0	2	1
07A698	0	1	06	0E58	0	2	1
07A69A	1	1	06	0E58	0	2	1
07A69C	1	1	06	0E58	0	4	1
07A6A0	1	1	06	0E58	0	2	1
07A6A2	1	1	06	0E58	0	2	1
07A6A4	1	1	06	0E58	0	2	1
07A6A6	1	1	06	0E58	0	1	1
07A6A7	1	1	06	0E58	0	4	1
07A6AB	1	1	06	0E58	0	2	1
07A6AD	1	1	06	0E58	0	2	1
07A6AF	1	1	06	0E58	0	2	1
07A6B1	1	1	06	0E58	0	2	1
07A6B3	1	1	06	0E58	0	3	1
07A6B6	1	1	06	0E58	0	4	1
07A6BA	1	1	06	0E58	0	3	1
07A6BD	1	1	06	0E58	0	2	1
07A6BF	1	1	06	0E58	0	2	1
07A6C1	1	1	06	0E58	0	2	1
07A6C3	1	1	06	0E58	0	2	1
07A6C5	1	1	06	0E58	0	4	1
07A6C9	1	1	06	0E58	0	4	1
07A6CD	1	1	06	0D58	0	4	1
07A6D1	1	1	06	0D58	0	2	1
07A6D3	1	1	06	0D58	0	4	1
07A6D7	1	1	06	0D58	0	2	1
07A6D9	1	0	06	0D58	0	2	1
07A6DB	1	0	06	0D58	0	2	1
07A6DD	1	0	06	0D58	0	3	1
07A6E0	1	0	06	0D58	0	2	1
07A6E2	1	0	06	0D58	0	2	1
07A6E4	1	0	06	0D58	0	3	1
07A6E7	1	0	06	0D58	0	2	1
07A6E9	1	0	06	0D58	0	2	1
07A6EB	1	0	06	0D58	0	3	1
07A6EE	1	0	06	0D58	0	2	1
07A6F0	1	0	06	0D58	0	2	1
07A6F2	1	0	06	0D58	0	2	1
07A6F4	1	1	06	0D58	0	2	1
07A6F6	1	1	06	0D58	0	2	1
07A6F8	1	1	06	0D58	0	1	1
07A709	1	1	06	0E58	0	2	1
07A70B	1	1	06	0E58	0	2	1
07A70D	1	0	06	0E58	0	4	1
07A711	1	0	06	0E58	0	2	1
07A716	1	0	06	0E58	0	2	1
07A718	1	0	06	0E58	0	3	1
07A71B	1	0	06	0E58	0	2	1
07A71D	1	0	06	0E58	0	3	1
07A720	1	0	06	0E58	0	3	1
07A723	1	0	06	0E58	0	2	1
07A725	1	0	06	0E58	0	3	1
07A728	1	0	06	0E58	0	3	1
07A72B	1	0	06	0E58	0	2	1
07A72D	0	0	06	0E58	0	3	1
07A730	0	0	06	0E58	0	2	1
07A732	0	0	06	0E58	0	3	1
07A735	0	0	06	0E58	0	2	1
07A737	0	0	06	0E58	0	3	1
07A73A	0	0	06	0E58	0	1	1
07A73B	0	0	06	0E58	0	3	1
07A73E	0	0	06	0E58	0	2	1
07A740	1	0	06	0E58	0	2	1
07A742	1	0	06	0E58	0	2	1
07A744	1	0	06	0E58	0	1	1
07A745	1	1	06	0E58	0	2	1
07A747	1	1	06	0E58	0	2	1
07A749	1	1	06	0E58	0	2	1
07A74B	1	1	06	0E58	0	3	1
07A74E	1	1	06	0E58	0	2	1
07A750	1	1	06	0E58	0	2	1
07A752	1	1	06	0E58	0	2	1
07A754	1	1	06	0E58	0	2	1
07A756	1	1	06	0E58	0	2	1
07A758	1	1	06	0E58	0	2	1
07A75A	1	1	06	0E58	0	2	1
07A75C	1	1	06	0D18	0	2	1
07A75E	1	1	06	0D18	0	2	1
07A760	1	1	06	0D18	0	2	1
07A762	1	1	06	0E98	0	2	1
07A764	0	1	06	0E98	0	2	1
07A766	0	1	06	0E98	0	2	1
07A768	0	1	06	0E98	0	3	1
07A76B	0	1	06	0E98	0	2	1
07A76D	0	1	06	0DD8	0	3	1
07A770	0	1	06	0DD8	0	1	1
07A771	0	1	06	0E98	0	3	1
07A774	0	1	06	0E98	0	2	1
07A776	0	1	06	0DD8	0	2	1
07A778	0	1	06	0DD8	0	1	1
07A779	0	1	06	0DD8	0	3	1
07A77C	0	1	06	0DD8	0	2	1
07A77E	0	1	06	0DD8	0	3	1
07A781	0	1	06	0DD8	0	1	1
07A782	0	1	06	0DD8	0	3	1
07A785	0	1	06	0DD8	0	2	1
07A7A5	0	1	06	0E98	0	2	1
07A7A7	1	1	06	0E98	0	4	1
07A7AB	1	1	06	0E98	0	1	1
07A7AC	1	1	06	0E98	0	1	1
07A7AD	1	1	06	0E98	0	1	1
07A7AE	1	1	06	0E98	0	1	1
07A7AF	1	1	06	0E98	0	2	1
07A7B1	1	1	06	0E98	0	1	1
07A7B2	1	1	06	0E98	0	2	1
07A7B4	1	1	06	0E98	0	2	1
07A7B6	1	1	06	0E98	0	2	1
07A7B8	1	0	06	0E98	0	2	1
07A7BA	1	0	06	0E98	0	2	1
07A7C0	1	1	06	0E58	0	2	1
07A7C2	1	0	06	0E58	0	2	1
07A7C4	1	0	06	0E58	0	3	1
07A7C7	1	0	06	0E58	0	2	1
07A7C9	1	1	06	0E58	0	2	1
07A7CB	1	1	06	0E58	0	1	1
07A81A	1	1	06	0D98	0	2	1
07A81C	1	1	06	0D98	0	3	1
07A827	1	1	06	0D98	0	2	1
07A829	1	1	06	0D98	0	2	1
07A82B	1	0	06	0D98	0	2	1
07A82D	1	0	06	0D98	0	2	1
07A82F	1	0	06	0D98	0	2	1
07A831	1	0	06	0D98	0	3	1
07A834	1	0	06	0D98	0	2	1
07A836	1	1	06	0D98	0	3	1
07A839	1	1	06	0D98	0	2	1
07A83B	1	1	06	0D98	0	4	1
07A83F	1	1	06	0D98	0	2	1
07A841	1	1	06	0D98	0	2	1
07A843	1	1	06	0D98	0	1	1
07A844	1	1	06	0D98	0	2	1
07A846	1	1	06	0D98	0	2	1
07A848	1	0	06	0D98	0	2	1
07A84A	1	0	06	0D98	0	3	1
07A84D	1	0	06	0D98	0	2	1
07A84F	1	0	06	0D98	0	2	1
07A851	1	0	06	0D98	0	2	1
07A853	1	0	06	0D98	0	2	1
07A855	1	0	06	0D98	0	1	1
07A856	1	0	06	0D98	0	2	1
07A858	1	0	06	0D98	0	4	1
07A85C	1	0	06	0D98	0	2	1
07A85E	1	0	06	0D98	0	2	1
07A860	1	0	06	0D98	0	1	1
07A86A	1	1	06	0D98	0	2	1
07A86C	1	1	06	0D98	0	2	1
07A86E	1	0	06	0D98	0	2	1
07A870	1	0	06	0D98	0	3	1
07A873	1	0	06	0D98	0	2	1
07A875	1	0	06	0D98	0	2	1
07A877	1	0	06	0D98	0	2	1
07A879	1	0	06	0D98	0	2	1
07A87B	1	0	06	0D98	0	1	1
07A87C	1	0	06	0D98	0	2	1
07A87E	1	0	06	0D98	0	2	1
07A880	1	0	06	0D98	0	2	1
07A882	1	0	06	0D98	0	2	1
07A884	1	0	06	0D98	0	1	1
07A88E	1	1	06	0D98	0	2	1
07A890	1	1	06	0D98	0	2	1
07A892	1	1	06	0D98	0	1	1
07A893	1	1	06	0D98	0	2	1
07A895	1	1	06	0D98	0	2	1
07A897	1	1	06	0D98	0	2	1
07A899	1	1	06	0D98	0	2	1
07A89B	1	1	06	0D98	0	2	1
07A89D	1	1	06	0D98	0	2	1
07A89F	1	1	06	0D98	0	1	1
07A94A	1	1	06	0D18	0	2	1
07A94C	1	1	06	0D18	0	3	1
07A957	1	1	06	0D18	0	2	1
07A959	1	1	06	0D18	0	2	1
07A95B	1	0	06	0D18	0	2	1
07A95D	1	0	06	0D18	0	2	1
07A95F	1	0	06	0D18	0	2	1
07A961	1	0	06	0D18	0	2	1
07A963	1	0	06	0D18	0	3	1
07A966	1	0	06	0D18	0	2	1
07A968	1	0	06	0D18	0	2	1
07A96A	1	1	06	0D18	0	3	1
07A96D	1	1	06	0D18	0	2	1
07A96F	0	1	06	0D18	0	2	1
07A971	0	1	06	0D18	0	2	1
07A973	0	1	06	0D18	0	2	1
07A975	1	1	06	0D18	0	2	1
07A977	1	0	06	0D18	0	2	1
07A979	1	0	06	0D18	0	2	1
07A97B	1	0	06	0D18	0	2	1
07A97D	1	0	06	0D18	0	2	1
07A97F	1	0	06	0D18	0	3	1
07A982	1	0	06	0D18	0	2	1
07A984	1	0	06	0D18	0	2	1
07A986	1	1	06	0D18	0	4	1
07A98A	1	1	06	0D18	0	2	1
07A98C	1	1	06	0D18	0	2	1
07A98E	1	1	06	0D18	0	1	1
07A98F	1	1	06	0D18	0	2	1
07A991	1	1	06	0D18	0	2	1
07A993	1	1	06	0D18	0	2	1
07A995	1	1	06	0D18	0	1	1
07A996	1	1	06	0D98	0	2	1
07A998	1	1	06	0D98	0	2	1
07A99A	1	1	06	0D98	0	1	1
07A99B	1	1	06	0D98	0	2	1
07A99D	0	0	06	0D98	0	3	1
07A9A0	1	0	06	0D98	0	4	1
07A9A4	1	0	06	0D98	0	2	1
07A9A6	1	0	06	0D98	0	2	1
07A9A8	0	0	06	0D98	0	2	1
07A9AA	0	0	06	0D98	0	3	1
07A9AD	0	0	06	0D98	0	2	1
07A9AF	0	0	06	0D98	0	1	1
07A9B0	0	0	06	0D98	0	3	1
07A9B3	0	0	06	0D98	0	3	1
07A9B6	0	0	06	0D98	0	3	1
07A9B9	0	0	06	0D98	0	3	1
07A9BC	0	0	06	0D98	0	2	1
07A9BE	0	0	06	0D98	0	3	1
07A9C1	0	0	06	0D98	0	2	1
07A9C3	0	0	06	0E98	0	3	1
07A9C6	0	0	06	0E98	0	3	1
07A9C9	0	0	06	0E98	0	1	1
07A9CA	0	0	06	0E98	0	3	1
07A9CD	0	0	06	0D98	0	3	1
07A9D0	0	0	06	0D98	0	3	1
07A9D3	0	0	06	0D98	0	3	1
07A9D6	0	0	06	0D98	0	2	1
07A9D8	1	0	06	0D98	0	3	1
07A9DB	1	0	06	0D98	0	2	1
07A9DD	1	0	06	0D98	0	3	1
07A9E0	1	0	06	0D98	0	3	1
07A9E3	1	0	06	0D98	0	2	1
07A9E5	1	0	06	0D98	0	3	1
07A9E8	1	0	06	0D98	0	2	1
07A9EA	1	0	06	0D98	0	3	1
07A9ED	1	0	06	0D98	0	1	1
07A9EE	1	0	06	0D98	0	1	1
07A9EF	1	0	06	0D98	0	1	1
07A9F0	1	0	06	0D98	0	1	1
07A9F1	1	0	06	0D98	0	2	1
07A9F3	1	0	06	0D98	0	2	1
07A9F5	1	1	06	0D98	0	2	1
07A9F7	1	1	06	0D98	0	4	1
07A9FB	1	1	06	0D98	0	2	1
07A9FD	1	1	06	0D98	0	2	1
07A9FF	1	1	06	0D98	0	1	1
07AA00	1	1	06	0D98	0	2	1
07AA02	1	1	06	0D98	0	2	1
07AA04	1	1	06	0D98	0	1	1
07AA05	1	1	06	0D98	0	2	1
07AA07	1	1	06	0D98	0	2	1
07AA09	1	1	06	0D98	0	2	1
07AA0B	1	1	06	0D98	0	2	1
07AA0D	1	1	06	0D98	0	2	1
07AA0F	1	1	06	0D98	0	2	1
07AA11	1	1	06	0D98	0	1	1
07AAFF	1	1	06	0E58	0	2	1
07AB01	1	1	06	0E58	0	2	1
07AB03	1	1	06	0E58	0	2	1
07AB05	1	1	06	0E58	0	2	1
07AB07	1	1	06	0E58	0	2	1
07AB09	1	1	06	0E58	0	2	1
07AB0B	1	1	06	0E58	0	2	1
07AB0D	1	1	06	0E58	0	2	1
07AB13	1	1	06	0E58	0	2	1
07AB15	1	1	06	0E58	0	2	1
07AB17	1	1	06	0E58	0	2	1
07AB19	1	1	06	0E58	0	4	1
07AB1D	1	1	06	0E58	0	2	1
07AB1F	1	1	06	0E58	0	1	1
07AB20	1	1	06	0E58	0	2	1
07AB22	1	1	06	0E58	0	2	1
07AB24	1	1	06	0E58	0	4	1
07AB28	1	1	06	0E58	0	2	1
07AB2A	1	1	06	0E58	0	2	1
07AB2C	1	1	06	0E58	0	2	1
07AB2E	1	1	06	0E58	0	1	1
07AB2F	1	1	06	0E58	0	3	1
07AB32	1	1	06	0E58	0	2	1
07AB34	1	0	06	0E58	0	2	1
07AB36	1	0	06	0E58	0	2	1
07AB38	1	0	06	0E58	0	2	1
07AB3A	1	0	06	0E58	0	3	1
07AB3D	1	0	06	0E58	0	2	1
07AB3F	1	1	06	0E58	0	4	1
07AB43	1	1	06	0E58	0	2	1
07AB45	0	1	06	0E58	0	2	1
07AB47	0	1	06	0E58	0	3	1
07AB4A	0	1	06	0E58	0	2	1
07AB4C	0	1	06	0E58	0	3	1
07AB4F	0	1	06	0E58	0	2	1
07AB51	0	1	06	0E58	0	3	1
07AB54	0	1	06	0E58	0	2	1
07AB56	0	1	06	0E58	0	2	1
07AB58	1	1	06	0E58	0	4	1
07AB5C	1	1	06	0E58	0	1	1
07AB5D	1	1	06	0D18	0	1	1
07AB5E	1	1	06	0D18	0	2	1
07AB60	1	1	06	0D18	0	2	1
07AB62	1	1	06	0D18	0	2	1
07AB64	1	1	06	0D18	0	2	1
07AB66	0	1	06	0D18	0	3	1
07AB69	0	1	06	0D18	0	2	1
07AB6B	0	1	06	0D18	0	2	1
07AB6D	1	1	06	0D18	0	2	1
07AB6F	1	1	06	0D18	0	2	1
07AB71	1	1	06	0D18	0	2	1
07AB73	1	1	06	0D18	0	1	1
07AB74	1	1	06	0D18	0	1	1
07AB75	1	1	06	0E58	0	3	1
07AB78	1	1	06	0E58	0	2	1
07AB7A	1	1	06	0E58	0	2	1
07AB7C	1	1	06	0E58	0	1	1
07AB7D	1	1	06	0E58	0	2	1
07AB7F	1	0	06	0E58	0	4	1
07AB83	1	0	06	0E58	0	2	1
07AB88	1	0	06	0E58	0	3	1
07AB8B	1	0	06	0E58	0	2	1
07AB8D	1	0	06	0E58	0	3	1
07AB90	1	0	06	0E58	0	3	1
07AB93	1	0	06	0E58	0	2	1
07AB95	1	0	06	0E58	0	3	1
07AB98	1	0	06	0E58	0	3	1
07AB9B	1	0	06	0E58	0	2	1
07AB9D	1	0	06	0E58	0	3	1
07ABA0	1	0	06	0E58	0	2	1
07ABA2	1	0	06	0E58	0	3	1
07ABA5	1	0	06	0E58	0	2	1
07ABA7	0	0	06	0E58	0	4	1
07ABAB	0	0	06	0E58	0	3	1
07ABAE	0	0	06	0E58	0	3	1
07ABB1	0	0	06	0E58	0	1	1
07ABB2	0	0	06	0E58	0	3	1
07ABB5	0	0	06	0E58	0	1	1
07ABB6	0	0	06	0E58	0	2	1
07ABB8	0	0	06	0E58	0	3	1
07ABBB	0	0	06	0E58	0	4	1
07ABBF	0	0	06	0E58	0	3	1
07ABC2	0	0	06	0E58	0	1	1
07ABC3	0	0	06	0E58	0	3	1
07ABC6	0	0	06	0E58	0	1	1
07ABC7	0	0	06	0E58	0	2	1
07ABC9	0	0	06	0E58	0	3	1
07ABCC	0	0	06	0E58	0	3	1
07ABCF	0	0	06	0E58	0	3	1
07ABD2	0	0	06	0E58	0	3	1
07ABD5	0	0	06	0E58	0	2	1
07ABD7	1	0	06	0E58	0	1	1
07ABD8	1	1	06	0E98	0	2	1
07ABDA	1	1	06	0E98	0	3	1
07ABE3	1	1	06	0E98	0	4	1
07ABE7	1	1	06	0E98	0	2	1
07ABE9	1	1	06	0E98	0	2	1
07ABEB	1	1	06	0E98	0	2	1
07ABED	1	1	06	0E98	0	2	1
07ABEF	1	1	06	0E98	0	2	1
07ABF1	1	1	06	0E98	0	2	1
07ABF3	1	1	06	0E98	0	2	1
07ABF5	1	1	06	0E98	0	2	1
07ABF7	1	1	06	0E98	0	2	1
07ABF9	1	1	06	0E98	0	2	1
07ABFB	1	1	06	0E98	0	2	1
07ABFD	1	1	06	0E98	0	2	1
07ABFF	1	1	06	0E98	0	2	1
07AC01	1	1	06	0E98	0	2	1
07AC03	1	1	06	0E98	0	4	1
07AC07	1	1	06	0E98	0	2	1
07AC09	0	1	06	0E98	0	3	1
07AC0C	0	1	06	0E98	0	2	1
07AC0E	0	1	06	0E98	0	2	1
07AC10	0	1	06	0E98	0	2	1
07AC12	0	1	06	0E98	0	2	1
07AC14	1	1	06	0E98	0	2	1
07AC16	1	1	06	0E98	0	2	1
07AC18	1	1	06	0E98	0	2	1
07AC1A	1	1	06	0E98	0	1	1
07AC1B	1	1	06	0E98	0	2	1
07AC1D	1	1	06	0E98	0	2	1
07AC1F	1	1	06	0E98	0	2	1
07AC21	1	1	06	0E98	0	2	1
07AC23	1	1	06	0E98	0	1	1
07AC24	1	1	06	0E98	0	1	1
07AC25	1	1	06	0E98	0	2	1
07AC27	1	1	06	0E98	0	2	1
07AC29	1	1	06	0E98	0	2	1
07AC2B	1	1	06	0E98	0	2	1
07AC2D	1	1	06	0E98	0	3	1
07AC30	1	1	06	0E98	0	2	1
07AC32	1	1	06	0E98	0	2	1
07AC34	1	1	06	0E98	0	2	1
07AC36	1	1	06	0E98	0	2	1
07AC38	1	1	06	0D58	0	1	1
07AC39	1	1	06	0E98	0	4	1
07AC3D	1	1	06	0E98	0	4	1
07AC41	1	1	06	0E98	0	2	1
07AC43	1	1	06	0E98	0	2	1
07AC49	1	1	06	0E98	0	4	1
07AC4D	1	1	06	0E98	0	2	1
07AC4F	1	1	06	0E98	0	4	1
07AC53	1	1	06	0D58	0	2	1
07AC55	1	1	06	0E98	0	2	1
07AC57	1	1	06	0E98	0	2	1
07AC59	1	1	06	0E98	0	2	1
07AC5B	1	1	06	0E98	0	1	1
07AC5C	1	1	06	0D58	0	2	1
07AC5E	1	1	06	0D58	0	2	1
07AC60	1	1	06	0D58	0	2	1
07AC62	1	1	06	0D58	0	1	1
07AC6D	1	1	06	0E98	0	2	1
07AC6F	0	0	06	0E98	0	2	1
07AC71	0	0	06	0E98	0	3	1
07AC74	0	0	06	0E98	0	2	1
07AC76	0	0	06	0E98	0	3	1
07AC79	0	0	06	0E98	0	2	1
07AC7B	0	0	06	0E98	0	2	1
07AC7D	1	0	06	0E98	0	3	1
07AC80	1	0	06	0E98	0	2	1
07AC82	1	0	06	0E98	0	2	1
07AC84	1	1	06	0E98	0	1	1
07AC85	1	1	06	0ED8	0	2	1
07AC87	1	1	06	0ED8	0	3	1
07AC9F	1	1	06	0ED8	0	2	1
07ACA1	0	1	06	0ED8	0	2	1
07ACA3	0	1	06	0ED8	0	3	1
07ACA6	0	1	06	0ED8	0	2	1
07ACA8	0	1	06	0ED8	0	2	1
07ACCC	0	1	06	0ED8	0	2	1
07ACCE	1	1	06	0ED8	0	2	1
07ACD0	1	1	06	0ED8	0	2	1
07ACD2	1	1	06	0ED8	0	2	1
07ACD4	0	1	06	0ED8	0	3	1
07ACD7	0	1	06	0ED8	0	2	1
07ACD9	0	1	06	0ED8	0	2	1
07ACDB	1	1	06	0ED8	0	2	1
07ACDD	1	1	06	0E58	0	2	1
07ACDF	1	1	06	0E58	0	2	1
07ACE1	1	1	06	0ED8	0	2	1
07ACE3	1	1	06	0ED8	0	2	1
07ACE5	1	1	06	0ED8	0	2	1
07ACE7	1	1	06	0ED8	0	2	1
07ACE9	1	1	06	0ED8	0	2	1
07ACEB	1	1	06	0ED8	0	1	1
07ACEC	1	1	06	0ED8	0	2	1
07ACEE	1	1	06	0ED8	0	2	1
07ACF0	1	0	06	0ED8	0	2	1
07ACF2	1	0	06	0ED8	0	3	1
07ACF5	1	0	06	0ED8	0	2	1
07ACF7	1	0	06	0ED8	0	2	1
07ACF9	1	0	06	0ED8	0	2	1
07ACFB	1	0	06	0ED8	0	4	1
07ACFF	1	0	06	0ED8	0	2	1
07AD01	1	0	06	0ED8	0	2	1
07AD03	1	0	06	0ED8	0	1	1
07AD04	1	1	06	0ED8	0	2	1
07AD06	0	1	06	0ED8	0	3	1
07AD09	0	1	06	0ED8	0	2	1
07AD0B	0	1	06	0ED8	0	2	1
07AD0D	0	1	06	0ED8	0	2	1
07AD0F	0	1	06	0ED8	0	3	1
07AD12	0	1	06	0ED8	0	2	1
07AD14	0	1	06	0E58	0	3	1
07AD17	0	1	06	0E58	0	2	1
07AD19	0	1	06	0ED8	0	2	1
07AD1B	1	1	06	0ED8	0	4	1
07AD1F	1	1	06	0ED8	0	2	1
07AD21	1	1	06	0ED8	0	2	1
07AD2E	1	1	06	0ED8	0	2	1
07AD30	1	1	06	0ED8	0	3	1
07AD33	1	1	06	0ED8	0	2	1
07AD35	1	1	06	0ED8	0	2	1
07AD38	1	1	06	0ED8	0	2	1
07AD3A	0	0	06	0ED8	0	2	1
07AD3C	0	0	06	0ED8	0	2	1
07AD3E	0	0	06	0ED8	0	2	1
07AD40	0	0	06	0ED8	0	3	1
07AD43	0	0	06	0ED8	0	1	1
07AD44	0	0	06	0ED8	0	2	1
07AD46	0	0	06	0ED8	0	3	1
07AD49	0	0	06	0ED8	0	2	1
07AD4B	0	0	06	0ED8	0	2	1
07AD4D	1	0	06	0ED8	0	2	1
07AD4F	1	0	06	0ED8	0	2	1
07AD51	1	0	06	0ED8	0	1	1
07AD52	0	0	06	0ED8	0	2	1
07AD54	1	0	06	0ED8	0	4	1
07AD58	1	0	06	0ED8	0	2	1
07AD5A	1	0	06	0ED8	0	2	1
07AD5C	1	0	06	0ED8	0	2	1
07AD5E	1	0	06	0ED8	0	1	1
07AD5F	1	0	06	0ED8	0	2	1
07AD61	1	0	06	0ED8	0	2	1
07AD63	1	0	06	0ED8	0	2	1
07AD65	1	0	06	0ED8	0	2	1
07AD67	1	0	06	0ED8	0	4	1
07AD6B	1	0	06	0ED8	0	2	1
07AD6D	1	0	06	0ED8	0	1	1
07AD6F	1	1	06	0E98	0	4	1
07AD73	1	1	06	0E98	0	2	1
07AD75	1	1	06	0D58	0	2	1
07AD77	1	1	06	0D58	0	2	1
07AD79	1	1	06	0D58	0	1	1
07AD7A	1	1	06	0E98	0	2	1
07AD7C	0	1	06	0E98	0	3	1
07AD7F	0	1	06	0E98	0	2	1
07AD81	0	1	06	0E98	0	2	1
07AD83	0	1	06	0E98	0	2	1
07AD85	0	1	06	0E98	0	3	1
07AD88	0	1	06	0E98	0	2	1
07AD8F	0	1	06	0E98	0	2	1
07AD91	1	1	06	0E98	0	4	1
07AD95	1	1	06	0E98	0	2	1
07AD97	1	1	06	0E98	0	2	1
07AD99	1	1	06	0E98	0	3	1
07AD9C	1	1	06	0D58	0	2	1
07AD9E	1	1	06	0D58	0	2	1
07ADA0	1	1	06	0D58	0	1	1
07ADF9	1	1	06	0E98	0	2	1
07ADFB	1	1	06	0E98	0	2	1
07ADFD	1	1	06	0E98	0	2	1
07ADFF	1	1	06	0E98	0	2	1
07AE01	1	1	06	0E98	0	4	1
07AE05	1	1	06	0E98	0	2	1
07AE07	1	1	06	0E98	0	1	1
07AE08	1	1	06	0E98	0	4	1
07AE0C	1	1	06	0E98	0	1	1
07AE0D	1	1	06	0E98	0	2	1
07AE0F	1	1	06	0E98	0	4	1
07AE13	1	1	06	0E98	0	2	1
07AE15	0	1	06	0E98	0	2	1
07AE17	0	1	06	0E98	0	2	1
07AE19	0	1	06	0E98	0	3	1
07AE1C	0	1	06	0E98	0	2	1
07AE23	0	1	06	0E98	0	1	1
07AE24	1	1	06	0E98	0	1	1
07AE25	1	1	06	0E18	0	2	1
07AE27	1	1	06	0E18	0	3	1
07AE30	1	1	06	0E18	0	4	1
07AE34	1	1	06	0E18	0	2	1
07AE36	1	1	06	0E18	0	2	1
07AE38	1	1	06	0E18	0	2	1
07AE3A	1	1	06	0E18	0	2	1
07AE3C	1	1	06	0E18	0	2	1
07AE3E	1	1	06	0E18	0	2	1
07AE40	1	1	06	0E18	0	2	1
07AE42	1	1	06	0E18	0	2	1
07AE44	1	1	06	0E18	0	2	1
07AE46	1	1	06	0E18	0	4	1
07AE4A	1	1	06	0E18	0	2	1
07AE4C	1	1	06	0E18	0	2	1
07AE4E	1	1	06	0E18	0	2	1
07AE50	1	1	06	0E18	0	2	1
07AE52	1	1	06	0E18	0	2	1
07AE54	1	1	06	0E18	0	2	1
07AE56	0	1	06	0E18	0	3	1
07AE59	0	1	06	0E18	0	2	1
07AE5B	0	1	06	0E18	0	2	1
07AE5D	0	1	06	0E18	0	2	1
07AE5F	0	1	06	0E18	0	2	1
07AE61	0	1	06	0E18	0	2	1
07AE63	0	1	06	0E18	0	2	1
07AE65	1	1	06	0E18	0	1	1
07AE66	1	1	06	0E18	0	2	1
07AE68	1	1	06	0E18	0	4	1
07AE6C	1	1	06	0E18	0	2	1
07AE6E	1	1	06	0E18	0	2	1
07AE70	1	1	06	0E18	0	2	1
07AE72	1	1	06	0E18	0	2	1
07AE74	1	1	06	0E18	0	2	1
07AE76	1	1	06	0E18	0	1	1
07AE77	1	1	06	0E18	0	2	1
07AE79	1	1	06	0E18	0	2	1
07AE7B	1	1	06	0E18	0	2	1
07AE7D	1	1	06	0E18	0	3	1
07AE80	1	0	06	0E18	0	4	1
07AE84	1	1	06	0E18	0	2	1
07AE86	1	1	06	0D18	0	2	1
07AE88	1	1	06	0D18	0	2	1
07AE8A	1	1	06	0D18	0	2	1
07AE8C	1	1	06	0E18	0	4	1
07AE90	1	1	06	0E18	0	4	1
07AE94	1	1	06	0D18	0	2	1
07AE96	1	1	06	0D18	0	2	1
07AE98	1	1	06	0D18	0	2	1
07AE9A	1	1	06	0D18	0	2	1
07AEA0	1	1	06	0D18	0	2	1
07AEA2	1	1	06	0D18	0	1	1
07AEAF	1	1	06	0E18	0	2	1
07AEB1	1	1	06	0E18	0	2	1
07AEB3	1	0	06	0E18	0	4	1
07AEB7	1	0	06	0E18	0	2	1
07AEBC	1	0	06	0E18	0	2	1
07AEBE	0	0	06	0E18	0	2	1
07AEC0	0	0	06	0E18	0	2	1
07AEC2	0	0	06	0E18	0	3	1
07AEC5	0	0	06	0E18	0	2	1
07AEC7	0	0	06	0E18	0	1	1
07AEC8	0	0	06	0E18	0	3	1
07AECB	0	0	06	0E18	0	3	1
07AECE	0	0	06	0E18	0	2	1
07AED0	1	0	06	0E18	0	3	1
07AED3	1	0	06	0E18	0	2	1
07AED5	1	0	06	0E18	0	3	1
07AED8	1	0	06	0E18	0	2	1
07AEDA	1	0	06	0E18	0	3	1
07AEDD	1	0	06	0E18	0	3	1
07AEE0	1	0	06	0E18	0	2	1
07AEE2	1	0	06	0E18	0	3	1
07AEE5	1	0	06	0E18	0	3	1
07AEE8	1	0	06	0E18	0	2	1
07AEEA	1	0	06	0E18	0	2	1
07AEEC	1	0	06	0E18	0	3	1
07AEEF	1	0	06	0E18	0	2	1
07AEF1	1	0	06	0E18	0	2	1
07AEF3	1	0	06	0E18	0	2	1
07AEF5	1	0	06	0E18	0	1	1
07AEF6	1	1	06	0E18	0	2	1
07AEF8	1	1	06	0E18	0	3	1
07AF01	1	1	06	0E18	0	3	1
07AF04	1	1	06	0E18	0	2	1
07AF06	1	1	06	0D58	0	1	1
07AF07	1	1	06	0E18	0	2	1
07AF09	0	1	06	0E18	0	3	1
07AF0C	0	1	06	0E18	0	1	1
07AF0D	0	1	06	0E18	0	2	1
07AF0F	0	1	06	0E18	0	2	1
07AF11	0	1	06	0E18	0	3	1
07AF14	0	1	06	0E18	0	1	1
07AF15	0	1	06	0E18	0	3	1
07AF18	0	1	06	0E18	0	2	1
07AF1A	1	1	06	0E18	0	2	1
07AF1C	1	1	06	0E18	0	2	1
07AF1E	1	1	06	0E18	0	1	1
07AF1F	1	1	06	0E18	0	3	1
07AF22	1	1	06	0E18	0	2	1
07AF24	1	1	06	0E18	0	4	1
07AF28	1	1	06	0E18	0	2	1
07AF2A	1	1	06	0E18	0	2	1
07AF2C	1	1	06	0E18	0	1	1
07AF2D	1	1	06	0E18	0	2	1
07AF2F	1	1	06	0E18	0	2	1
07AF31	1	1	06	0E18	0	1	1
07AF32	1	1	06	0E18	0	2	1
07AF34	0	1	06	0E18	0	3	1
07AF37	0	1	06	0E18	0	2	1
07AF39	0	1	06	0E18	0	2	1
07AF3B	1	1	06	0E18	0	2	1
07AF3D	1	1	06	0E18	0	2	1
07AF3F	1	1	06	0E18	0	2	1
07AF41	1	1	06	0E18	0	2	1
07AF43	1	1	06	0E18	0	1	1
07AF44	1	1	06	0E18	0	3	1
07AF47	1	1	06	0E18	0	4	1
07AF4B	1	1	06	0E18	0	3	1
07AF4E	1	1	06	0E18	0	2	1
07AF50	1	1	06	0E18	0	2	1
07AF52	1	1	06	0E18	0	3	1
07AF55	1	1	06	0E18	0	2	1
07AF57	1	1	06	0E18	0	4	1
07AF5B	1	1	06	0E18	0	2	1
07AF5D	1	1	06	0E18	0	2	1
07AF5F	1	1	06	0E18	0	2	1
07AF61	1	1	06	0E18	0	3	1
07AF64	1	1	06	0E18	0	3	1
07AF67	1	1	06	0E18	0	2	1
07AF69	1	1	06	0E18	0	3	1
07AF6C	1	0	06	0E18	0	3	1
07AF73	1	1	06	0E18	0	2	1
07AF75	1	1	06	0E18	0	3	1
07AF78	1	1	06	0E18	0	2	1
07AF81	1	1	06	0E18	0	2	1
07AF83	1	1	06	0E18	0	2	1
07AF85	1	1	06	0E18	0	1	1
07AF86	1	1	06	0E18	0	3	1
07AF89	1	1	06	0E18	0	2	1
07AF8B	1	1	06	0E18	0	3	1
07AF8E	1	1	06	0E18	0	2	1
07AF90	1	0	06	0E18	0	4	1
07AF94	1	0	06	0E18	0	2	1
07AF99	1	0	06	0E18	0	2	1
07AF9B	1	0	06	0E18	0	3	1
07AF9E	1	0	06	0E18	0	2	1
07AFA0	1	0	06	0E18	0	3	1
07AFA3	1	0	06	0E18	0	2	1
07AFA5	1	0	06	0E18	0	3	1
07AFA8	1	0	06	0E18	0	2	1
07AFAA	1	0	06	0E18	0	2	1
07AFAC	1	0	06	0E18	0	3	1
07AFAF	1	0	06	0E18	0	3	1
07AFB2	1	0	06	0E18	0	3	1
07AFB5	1	0	06	0E18	0	2	1
07AFB7	1	0	06	0E18	0	3	1
07AFBA	1	0	06	0E18	0	3	1
07AFBD	1	0	06	0E18	0	2	1
07AFBF	0	0	06	0E18	0	2	1
07AFC1	0	0	06	0E18	0	3	1
07AFC4	0	0	06	0E18	0	2	1
07AFC6	0	0	06	0E18	0	3	1
07AFC9	0	0	06	0E18	0	2	1
07AFCB	1	1	06	0E18	0	2	1
07AFCD	1	1	06	0E18	0	2	1
07AFCF	1	1	06	0E18	0	4	1
07AFD3	1	1	06	0E18	0	2	1
07AFD5	1	1	06	0E18	0	2	1
07AFD7	1	1	06	0E18	0	1	1
07AFD8	1	1	06	0E18	0	2	1
07AFDA	1	1	06	0E18	0	2	1
07AFDC	1	0	06	0E18	0	3	1
07AFDF	1	0	06	0E18	0	2	1
07AFE8	1	0	06	0E18	0	3	1
07AFEB	1	0	06	0E18	0	2	1
07AFED	1	0	06	0E18	0	2	1
07AFEF	1	0	06	0E18	0	2	1
07AFF1	1	0	06	0E18	0	2	1
07AFF3	1	0	06	0E18	0	3	1
07AFF6	1	0	06	0E18	0	2	1
07AFF8	1	0	06	0E18	0	1	1
07AFF9	1	0	06	0E18	0	3	1
07AFFC	1	0	06	0E18	0	2	1
07AFFE	1	0	06	0E18	0	2	1
07B000	1	0	06	0E18	0	3	1
07B003	1	0	06	0D98	0	2	1
07B005	0	0	06	0D98	0	2	1
07B007	0	0	06	0D98	0	3	1
07B00A	0	0	06	0D98	0	3	1
07B00D	0	0	06	0D98	0	2	1
07B00F	0	0	06	0D98	0	2	1
07B011	1	0	06	0D98	0	2	1
07B013	1	0	06	0D98	0	2	1
07B015	1	0	06	0D98	0	2	1
07B017	1	0	06	0D98	0	2	1
07B019	1	0	06	0D98	0	2	1
07B01B	1	0	06	0D98	0	1	1
07B01C	1	0	06	0D58	0	2	1
07B01E	1	0	06	0D58	0	2	1
07B020	1	0	06	0D58	0	2	1
07B022	1	0	06	0D58	0	1	1
07B023	1	1	06	0D98	0	3	1
07B026	1	1	06	0D98	0	2	1
07B028	1	1	06	0D98	0	3	1
07B02B	1	1	06	0D98	0	3	1
07B034	1	1	06	0D98	0	2	1
07B036	0	1	06	0D98	0	2	1
07B038	0	1	06	0D98	0	1	1
07B039	0	1	06	0D98	0	3	1
07B03C	0	1	06	0D98	0	2	1
07B03E	0	1	06	0D98	0	2	1
07B040	1	1	06	0D98	0	2	1
07B045	1	1	06	0D98	0	2	1
07B047	1	1	06	0D98	0	4	1
07B04B	1	1	06	0D98	0	2	1
07B04D	1	1	06	0D98	0	2	1
07B04F	1	1	06	0D98	0	1	1
07B050	1	1	06	0D98	0	2	1
07B052	1	1	06	0D98	0	2	1
07B054	1	1	06	0D98	0	2	1
07B056	1	1	06	0D98	0	1	1
07B0CF	1	1	06	0D58	0	3	1
07B0D2	1	1	06	0D58	0	2	1
07B0D4	1	1	06	0D58	0	3	1
07B0D7	1	1	06	0D58	0	3	1
07B0E4	1	1	06	0D58	0	2	1
07B0E6	0	1	06	0D58	0	2	1
07B0E8	0	1	06	0D58	0	1	1
07B0E9	0	1	06	0D58	0	3	1
07B0EC	0	1	06	0D58	0	2	1
07B0EE	0	1	06	0D58	0	2	1
07B0F0	1	1	06	0D58	0	2	1
07B0F5	1	1	06	0D58	0	2	1
07B0F7	1	1	06	0D58	0	4	1
07B0FB	1	1	06	0D58	0	2	1
07B0FD	1	1	06	0D58	0	3	1
07B100	1	1	06	0D58	0	2	1
07B102	1	1	06	0D58	0	2	1
07B104	1	1	06	0D58	0	2	1
07B106	1	1	06	0D58	0	1	1
07B107	1	1	06	0D58	0	2	1
07B109	1	1	06	0D58	0	2	1
07B10B	1	1	06	0D58	0	1	1
07B10C	1	1	06	0D58	0	2	1
07B10E	1	1	06	0D58	0	4	1
07B112	1	1	06	0D58	0	2	1
07B114	1	1	06	0D58	0	2	1
07B116	1	1	06	0D58	0	1	1
07B117	1	1	06	0D58	0	2	1
07B119	1	1	06	0D58	0	2	1
07B11B	1	1	06	0D58	0	2	1
07B11D	1	1	06	0D58	0	2	1
07B11F	1	1	06	0D58	0	2	1
07B121	1	1	06	0D58	0	2	1
07B123	1	1	06	0D58	0	1	1
07B124	1	1	06	0D58	0	2	1
07B126	1	0	06	0D58	0	4	1
07B12A	1	0	06	0D58	0	2	1
07B12C	1	0	06	0D58	0	2	1
07B12E	1	0	06	0D58	0	3	1
07B131	1	0	06	0D58	0	2	1
07B133	1	0	06	0D58	0	3	1
07B136	1	0	06	0D58	0	3	1
07B139	1	0	06	0D58	0	2	1
07B13B	1	0	06	0D58	0	2	1
07B13D	1	0	06	0D58	0	2	1
07B13F	1	0	06	0D18	0	2	1
07B141	1	0	06	0D18	0	3	1
07B144	1	0	06	0D58	0	2	1
07B146	0	0	06	0D58	0	1	1
07B147	0	0	06	0D58	0	3	1
07B14A	0	0	06	0D58	0	3	1
07B14D	0	0	06	0D58	0	3	1
07B150	0	0	06	0D58	0	3	1
07B153	0	0	06	0D58	0	2	1
07B155	0	0	06	0D58	0	1	1
07B156	0	0	06	0D58	0	3	1
07B159	0	0	06	0D58	0	3	1
07B15C	0	0	06	0D58	0	2	1
07B15E	0	0	06	0D58	0	1	1
07B15F	0	0	06	0D58	0	3	1
07B162	0	0	06	0D58	0	3	1
07B165	0	0	06	0D58	0	2	1
07B167	0	0	06	0D58	0	3	1
07B16A	0	0	06	0D58	0	2	1
07B16C	0	0	06	0D18	0	2	1
07B16E	0	0	06	0D18	0	1	1
07B16F	0	0	06	0D18	0	3	1
07B172	0	0	06	0D18	0	3	1
07B175	0	0	06	0D18	0	3	1
07B178	0	0	06	0D18	0	3	1
07B17B	0	0	06	0D58	0	2	1
07B17D	1	1	06	0D58	0	2	1
07B17F	1	1	06	0D58	0	4	1
07B183	1	1	06	0D58	0	2	1
07B185	1	1	06	0D58	0	2	1
07B187	1	1	06	0D58	0	2	1
07B189	1	1	06	0D58	0	1	1
07B195	1	1	06	0D58	0	2	1
07B197	1	1	06	0D58	0	2	1
07B19A	1	1	06	0D58	0	2	1
07B19C	1	1	06	0D58	0	2	1
07B19E	1	1	06	0D58	0	2	1
07B1A0	1	1	06	0D58	0	2	1
07B1A2	1	1	06	0D58	0	1	1
07B1A3	1	1	06	0D58	0	2	1
07B1A5	1	1	06	0D58	0	4	1
07B1A9	1	1	06	0D58	0	2	1
07B1AB	1	1	06	0D58	0	2	1
07B1AD	1	1	06	0D58	0	1	1
07B216	1	1	06	0E18	0	2	1
07B218	1	1	06	0E18	0	3	1
07B225	1	1	06	0D18	0	2	1
07B227	1	1	06	0D18	0	2	1
07B229	1	0	06	0D18	0	2	1
07B22B	1	0	06	0D18	0	2	1
07B22D	1	0	06	0D18	0	3	1
07B230	1	0	06	0D18	0	2	1
07B232	0	0	06	0D18	0	2	1
07B234	0	0	06	0D18	0	2	1
07B23C	0	0	06	0D18	0	3	1
07B23F	0	0	06	0D18	0	2	1
07B241	0	0	06	0D18	0	3	1
07B244	0	0	06	0D18	0	2	1
07B246	0	0	06	0D18	0	1	1
07B247	1	1	06	0D18	0	2	1
07B249	1	1	06	0D18	0	2	1
07B24B	1	0	06	0D18	0	4	1
07B24F	1	0	06	0D18	0	2	1
07B251	1	0	06	0D18	0	3	1
07B254	1	0	06	0D18	0	2	1
07B256	1	0	06	0D18	0	3	1
07B259	1	0	06	0D18	0	1	1
07B25A	1	0	06	0D18	0	2	1
07B25C	1	0	06	0D18	0	1	1
07B25D	1	0	06	0D18	0	2	1
07B25F	1	0	06	0D18	0	1	1
07B260	1	0	06	0D18	0	2	1
07B262	1	0	06	0D18	0	3	1
07B265	1	0	06	0D18	0	2	1
07B267	1	0	06	0D18	0	3	1
07B26A	1	0	06	0D18	0	2	1
07B26C	1	0	06	0D18	0	2	1
07B26E	1	0	06	0D18	0	3	1
07B271	1	0	06	0D18	0	2	1
07B273	0	0	06	0D18	0	2	1
07B275	0	0	06	0D18	0	3	1
07B278	0	0	06	0D18	0	2	1
07B27A	0	0	06	0D18	0	3	1
07B27D	0	0	06	0D18	0	3	1
07B280	0	0	06	0D18	0	2	1
07B282	1	0	06	0D18	0	2	1
07B284	1	0	06	0D18	0	2	1
07B286	1	0	06	0D18	0	2	1
07B288	0	0	06	0D18	0	3	1
07B28B	0	0	06	0D18	0	2	1
07B28D	0	0	06	0D18	0	2	1
07B28F	1	1	06	0D18	0	2	1
07B291	1	1	06	0D18	0	2	1
07B293	1	1	06	0D18	0	4	1
07B297	1	1	06	0D18	0	2	1
07B299	1	1	06	0D18	0	2	1
07B29B	1	1	06	0D18	0	1	1
07B29C	1	1	06	0D18	0	4	1
07B2A0	1	1	06	0D18	0	2	1
07B2A2	1	1	06	0D18	0	2	1
07B2A4	1	1	06	0D18	0	3	1
07B2A7	1	1	06	0D18	0	1	1
07B2A8	1	1	06	0E18	0	2	1
07B2AA	0	0	06	0E18	0	2	1
07B2AC	0	0	06	0E18	0	3	1
07B2AF	0	0	06	0E18	0	3	1
07B2B2	0	0	06	0E18	0	2	1
07B2B4	0	0	06	0E18	0	2	1
07B2B6	0	0	06	0E18	0	3	1
07B2B9	0	0	06	0E18	0	3	1
07B2BC	0	0	06	0E18	0	2	1
07B2BE	1	1	06	0E18	0	2	1
07B2C0	1	1	06	0E18	0	4	1
07B2C4	1	1	06	0E18	0	2	1
07B2C6	1	1	06	0E18	0	2	1
07B2C8	1	1	06	0E18	0	2	1
07B2CA	1	1	06	0E18	0	4	1
07B2CE	1	1	06	0D18	0	4	1
07B2D2	1	0	06	0E18	0	1	1
07B2D3	1	0	06	0E18	0	2	1
07B2D5	1	0	06	0E18	0	2	1
07B2D7	1	0	06	0E18	0	2	1
07B2D9	1	0	06	0E18	0	3	1
07B2DC	1	0	06	0E18	0	2	1
07B2DE	1	0	06	0E18	0	3	1
07B2E1	1	0	06	0E18	0	3	1
07B2E4	1	0	06	0E18	0	2	1
07B2E6	1	0	06	0E18	0	3	1
07B2E9	1	0	06	0E18	0	2	1
07B2EB	1	0	06	0E18	0	3	1
07B2EE	1	0	06	0E18	0	2	1
07B2F0	1	0	06	0E18	0	2	1
07B2F2	1	0	06	0E18	0	2	1
07B2F4	1	0	06	0E18	0	2	1
07B2F6	0	0	06	0E18	0	3	1
07B2F9	0	0	06	0E18	0	2	1
07B2FB	0	0	06	0E18	0	2	1
07B2FD	0	0	06	0E18	0	2	1
07B2FF	0	0	06	0E18	0	3	1
07B302	0	0	06	0E18	0	3	1
07B305	0	0	06	0E18	0	1	1
07B306	0	0	06	0E18	0	2	1
07B308	0	0	06	0E18	0	2	1
07B30A	0	0	06	0D98	0	3	1
07B30D	0	0	06	0D98	0	2	1
07B30F	0	0	06	0D98	0	2	1
07B34B	0	0	06	0E18	0	3	1
07B34E	0	0	06	0E18	0	4	1
07B352	0	0	06	0E18	0	3	1
07B355	0	0	06	0E18	0	1	1
07B356	1	0	06	0E18	0	1	1
07B357	0	0	06	0E18	0	1	1
07B358	0	0	06	0E18	0	2	1
07B35A	0	0	06	0E18	0	2	1
07B35C	0	0	06	0E18	0	2	1
07B35E	0	0	06	0E18	0	3	1
07B361	0	0	06	0E18	0	3	1
07B364	0	0	06	0E18	0	2	1
07B366	0	0	06	0E18	0	3	1
07B369	0	0	06	0E18	0	2	1
07B36B	0	0	06	0E18	0	2	1
07B36D	0	0	06	0E18	0	2	1
07B36F	0	0	06	0E18	0	3	1
07B372	0	0	06	0E18	0	2	1
07B374	0	0	06	0E18	0	3	1
07B377	0	0	06	0E18	0	1	1
07B378	0	0	06	0E18	0	1	1
07B379	0	0	06	0E18	0	1	1
07B37A	0	0	06	0E18	0	2	1
07B37C	0	0	06	0E18	0	2	1
07B37E	0	0	06	0E18	0	2	1
07B380	0	0	06	0E18	0	2	1
07B382	0	0	06	0E18	0	2	1
07B384	0	0	06	0E18	0	2	1
07B38A	0	0	06	0D98	0	2	1
07B38C	0	0	06	0D98	0	1	1
07B38D	0	0	06	0D98	0	3	1
07B390	0	0	06	0D98	0	2	1
07B392	0	0	06	0D98	0	2	1
07B394	0	0	06	0D98	0	2	1
07B396	0	0	06	0E18	0	1	1
07B397	0	0	06	0E18	0	1	1
07B398	1	1	06	0E18	0	2	1
07B39A	1	1	06	0E18	0	2	1
07B39C	1	1	06	0E18	0	2	1
07B39E	1	1	06	0E18	0	2	1
07B3A0	0	1	06	0E18	0	3	1
07B3A3	0	1	06	0E18	0	2	1
07B3A5	0	1	06	0E18	0	2	1
07B3A7	1	1	06	0E18	0	2	1
07B3A9	1	1	06	0E18	0	2	1
07B3AB	1	1	06	0E18	0	2	1
07B3AD	1	1	06	0E18	0	1	1
07B3AE	1	1	06	0E18	0	2	1
07B3B0	1	1	06	0E18	0	2	1
07B3B2	1	1	06	0E18	0	4	1
07B3B6	1	1	06	0E18	0	1	1
07B3B7	1	0	06	0E18	0	2	1
07B3B9	1	0	06	0E18	0	2	1
07B3BB	1	0	06	0E18	0	2	1
07B3C1	1	0	06	0E18	0	1	1
07B3C2	1	0	06	0E18	0	2	1
07B3C4	1	0	06	0E18	0	2	1
07B3C6	1	0	06	0D98	0	3	1
07B3C9	1	0	06	0D98	0	2	1
07B3CB	1	0	06	0D98	0	2	1
07B3CD	1	0	06	0E18	0	3	1
07B3D0	1	0	06	0E18	0	2	1
07B3D2	1	0	06	0E18	0	1	1
07DC5A	1	1	06	0D58	0	2	1
07DC5C	1	1	06	0D58	0	3	1
07DC63	1	1	06	0D98	0	4	1
07DC67	1	1	06	0D98	0	2	1
07DC69	1	1	06	0D98	0	2	1
07DC6B	1	1	06	0D98	0	2	1
07DC6D	1	1	06	0D98	0	2	1
07DC6F	1	1	06	0D98	0	2	1
07DC71	1	1	06	0D98	0	2	1
07DC73	1	1	06	0D98	0	2	1
07DC75	1	1	06	0D98	0	2	1
07DC77	1	1	06	0D98	0	2	1
07DC79	1	1	06	0D98	0	2	1
07DC7B	1	1	06	0D98	0	2	1
07DC7D	1	1	06	0D98	0	2	1
07DC7F	1	1	06	0D98	0	3	1
07DC82	1	1	06	0D98	0	3	1
07DC85	1	1	06	0D98	0	2	1
07DC87	1	1	06	0D98	0	2	1
07DC89	1	1	06	0D98	0	2	1
07DC8F	1	1	06	0D98	0	2	1
07DC91	1	1	06	0D98	0	4	1
07DC95	1	1	06	0D58	0	2	1
07DC97	1	1	06	0D58	0	2	1
07DC99	1	1	06	0D58	0	2	1
07DC9B	1	1	06	0D58	0	2	1
07DC9D	1	1	06	0D58	0	2	1
07DC9F	1	1	06	0D58	0	2	1
07DCA1	1	1	06	0D58	0	3	1
07DCA4	1	1	06	0D58	0	2	1
07DCA6	1	1	06	0D58	0	4	1
07DCAA	1	1	06	0D58	0	2	1
07DCAC	1	1	06	0D58	0	2	1
07DCAE	1	1	06	0D58	0	4	1
07DCB2	1	1	06	0D58	0	4	1
07DCB6	1	1	06	0D58	0	2	1
07DCB8	1	1	06	0D58	0	3	1
07DCBB	1	1	06	0D58	0	3	1
07DCBE	1	1	06	0D58	0	4	1
07DCC2	1	1	06	0D58	0	4	1
07DCD6	1	1	06	0D58	0	4	1
07DCDA	1	1	06	0D58	0	2	1
07DCDC	0	1	06	0D58	0	3	1
07DCDF	0	1	06	0D58	0	2	1
07DCE1	0	1	06	0D58	0	2	1
07DCE3	0	1	06	0D58	0	2	1
07DCE5	0	1	06	0D58	0	2	1
07DCE7	1	1	06	0D58	0	2	1
07DCE9	1	1	06	0D58	0	2	1
07DCEB	1	1	06	0D58	0	3	1
07DCEE	0	1	06	0D58	0	2	1
07DCF0	1	1	06	0D58	0	2	1
07DCF2	1	1	06	0D58	0	3	1
07DCF5	1	1	06	0D58	0	3	1
07DCF8	1	1	06	0D58	0	2	1
07DCFA	1	1	06	0D58	0	2	1
07DCFC	1	1	06	0D58	0	2	1
07DCFE	1	1	06	0D58	0	1	1
07DCFF	1	1	06	0D58	0	4	1
07DD03	1	1	06	0D58	0	2	1
07DD05	1	1	06	0D58	0	3	1
07DD08	1	1	06	0D58	0	4	1
07DD0C	1	1	06	0D58	0	2	1
07DD0E	1	1	06	0D58	0	2	1
07DD10	1	1	06	0D58	0	2	1
07DD12	1	1	06	0D58	0	2	1
07DD14	1	1	06	0D58	0	2	1
07DD16	1	1	06	0D58	0	3	1
07DD19	1	1	06	0D58	0	4	1
07DD1D	1	1	06	0D58	0	2	1
07DD1F	0	1	06	0D58	0	3	1
07DD22	0	1	06	0D58	0	2	1
07DD24	0	1	06	0D58	0	2	1
07DD26	0	1	06	0D58	0	2	1
07DD28	0	1	06	0D58	0	2	1
07DD2A	1	1	06	0D58	0	2	1
07DD2C	1	1	06	0D58	0	2	1
07DD2E	1	1	06	0D58	0	3	1
07DD31	0	1	06	0D58	0	2	1
07DD33	1	1	06	0D58	0	2	1
07DD35	1	1	06	0D58	0	3	1
07DD38	1	1	06	0D58	0	3	1
07DD3B	1	1	06	0D58	0	2	1
07DD3D	1	1	06	0D58	0	2	1
07DD3F	1	1	06	0D58	0	2	1
07DD41	1	1	06	0D58	0	1	1
07DD42	1	1	06	0D58	0	4	1
07DD46	1	1	06	0D58	0	2	1
07DD48	1	1	06	0D58	0	3	1
07DD4B	1	1	06	0D58	0	4	1
07DD4F	1	1	06	0D58	0	2	1
07DD51	1	1	06	0D58	0	2	1
07DD53	1	1	06	0D58	0	2	1
07DD55	1	1	06	0D58	0	2	1
07DD57	1	1	06	0D58	0	2	1
07DD59	1	1	06	0D58	0	2	1
07DD5B	1	1	06	0D58	0	2	1
07DD5D	1	1	06	0D58	0	2	1
07DD5F	1	1	06	0D58	0	3	1
07DDB2	1	1	06	0D58	0	3	1
07DDB5	1	1	06	0D58	0	3	1
07DDB8	1	1	06	0D58	0	2	1
07DDBA	1	1	06	0D58	0	2	1
07DDBC	1	1	06	0D58	0	4	1
07DDC0	1	0	06	0D58	0	2	1
07DDC2	1	0	06	0D58	0	2	1
07DDC4	1	0	06	0D58	0	3	1
07DDC7	1	0	06	0D58	0	2	1
07DDC9	1	0	06	0D58	0	3	1
07DDCC	1	0	06	0D58	0	2	1
07DDCE	1	0	06	0D58	0	3	1
07DDD1	1	0	06	0D58	0	3	1
07DDD4	1	0	06	0D58	0	3	1
07DDD7	1	0	06	0D58	0	2	1
07DDD9	1	0	06	0D58	0	3	1
07DDDC	1	0	06	0D58	0	2	1
07DDDE	0	0	06	0D58	0	1	1
07DDDF	0	0	06	0D58	0	3	1
07DDE2	0	0	06	0D58	0	4	1
07DDE6	0	0	06	0D58	0	2	1
07DDE8	1	0	06	0D58	0	3	1
07DDEB	1	0	06	0D58	0	2	1
07DDED	1	0	06	0D58	0	2	1
07DDEF	1	0	06	0D58	0	2	1
07DDF1	1	1	06	0D58	0	1	1
07DDF2	1	1	06	0D58	0	2	1
07DDF4	1	1	06	0D58	0	1	1
07DDF5	1	1	06	0D58	0	2	1
07DDF7	1	1	06	0E18	0	4	1
07DDFB	1	1	06	0D58	0	1	1
07DDFC	1	1	06	0D58	0	2	1
07DDFE	1	1	06	0D58	0	2	1
07DE00	1	1	06	0D58	0	1	1
07DE01	1	1	06	0D58	0	1	1
07DE02	1	1	06	0D58	0	3	1
07DE05	1	1	06	0D58	0	2	1
07DE07	1	1	06	0D58	0	3	1
07DE0A	1	1	06	0D58	0	2	1
07DE0C	1	1	06	0D58	0	1	1
07DE36	1	1	06	0D98	0	2	1
07DE38	0	1	06	0D98	0	3	1
07DE3B	0	1	06	0D98	0	2	1
07DE3D	0	1	06	0D98	0	2	1
07DE3F	1	1	06	0D98	0	1	1
07DE40	1	1	06	0D98	0	2	1
07DE42	1	1	06	0D98	0	2	1
07DE6C	1	1	06	0D98	0	2	1
07DE6E	1	1	06	0D98	0	2	1
07DE98	1	1	06	0D98	0	1	1
07DE99	1	1	06	0D58	0	2	1
07DE9B	0	1	06	0D58	0	2	1
07DE9D	0	1	06	0D58	0	2	1
07DE9F	1	1	06	0D58	0	1	1
07DEA0	1	1	06	0D58	0	2	1
07DEA2	0	1	06	0D58	0	1	1
07DEA3	0	1	06	0D58	0	2	1
07DEA5	0	1	06	0D58	0	3	1
07DEA8	0	1	06	0D58	0	1	1
07DEA9	0	1	06	0D58	0	3	1
07DEAC	0	1	06	0D58	0	3	1
07DEAF	0	1	06	0D58	0	2	1
07DEB1	0	1	06	0D58	0	1	1
07DEB2	0	1	06	0D58	0	2	1
07DEB4	0	1	06	0D58	0	3	1
07DEB7	0	1	06	0D58	0	1	1
07DEB8	0	1	06	0D58	0	3	1
07DEBB	0	1	06	0D58	0	3	1
07DEBE	0	1	06	0D58	0	2	1
07DEC0	1	1	06	0D58	0	1	1
07F15C	1	1	06	15D8	0	2	1
07F15E	1	1	06	15D8	0	3	1
07F167	1	1	06	17E8	0	2	1
07F169	0	1	06	17E8	0	3	1
07F16C	0	1	06	17E8	0	2	1
07F16E	0	1	06	17E8	0	2	1
07F170	0	1	06	17E8	0	2	1
07F172	1	1	06	17E8	0	2	1
07F174	1	1	06	17E8	0	2	1
07F176	1	1	06	17E8	0	4	1
07F17A	1	1	06	17E8	0	2	1
07F17C	1	1	06	17E8	0	4	1
07F180	1	1	06	17E8	0	2	1
07F182	1	1	06	17E8	0	2	1
07F184	1	1	06	17E8	0	2	1
07F186	1	1	06	17E8	0	2	1
07F188	1	1	06	17E8	0	4	1
07F18C	1	1	06	17E8	0	2	1
07F18E	1	1	06	17E8	0	2	1
07F190	1	1	06	17E8	0	2	1
07F192	1	1	06	17E8	0	1	1
07F193	1	1	06	15D8	0	2	1
07F195	1	1	06	15D8	0	3	1
07F198	1	1	06	15D8	0	4	1
07F19C	1	1	06	15D8	0	2	1
07F19E	0	0	06	15D8	0	2	1
07F1A0	0	0	06	15D8	0	2	1
07F1A2	0	0	06	15D8	0	2	1
07F1A4	0	0	06	15D8	0	3	1
07F1A7	0	0	06	15D8	0	1	1
07F1A8	0	0	06	15D8	0	1	1
07F1A9	0	0	06	15D8	0	1	1
07F1AA	0	0	06	15D8	0	1	1
07F1AB	0	0	06	15D8	0	2	1
07F1AD	0	0	06	15D8	0	1	1
07F1AE	0	0	06	15D8	0	3	1
07F1B1	0	0	06	15D8	0	3	1
07F1B4	0	0	06	15D8	0	2	1
07F1B6	0	0	06	15D8	0	1	1
07F1B7	0	0	06	15D8	0	3	1
07F1BA	0	0	06	15D8	0	3	1
07F1BD	0	0	06	15D8	0	2	1
07F1BF	1	1	06	15D8	0	4	1
07F1C3	1	1	06	15D8	0	4	1
07F1CD	1	1	06	15D8	0	2	1
07F1CF	0	1	06	15D8	0	2	1
07F1D1	0	1	06	15D8	0	2	1
07F1D3	0	1	06	15D8	0	2	1
07F1D5	0	1	06	15D8	0	3	1
07F1D8	0	1	06	15D8	0	2	1
07F1DA	0	1	06	15D8	0	1	1
07F1DB	0	1	06	15D8	0	2	1
07F1DD	1	1	06	15D8	0	2	1
07F1DF	1	1	06	15D8	0	2	1
07F1E1	1	1	06	15D8	0	2	1
07F1E3	1	1	06	15D8	0	2	1
07F1E5	1	1	06	15D8	0	2	1
07F1E7	1	1	06	15D8	0	2	1
07F1E9	1	1	06	15D8	0	1	1
07F1EA	1	1	06	15D8	0	2	1
07F1EC	1	1	06	15D8	0	2	1
07F1EE	1	1	06	15D8	0	1	1
07F1EF	1	1	06	15D8	0	2	1
07F1F1	0	1	06	15D8	0	2	1
07F1F3	0	1	06	15D8	0	3	1
07F1F6	0	1	06	15D8	0	2	1
07F1F8	0	1	06	15D8	0	2	1
07F1FA	1	1	06	15D8	0	2	1
07F1FC	1	1	06	15D8	0	2	1
07F1FE	1	1	06	15D8	0	1	1
07F1FF	1	1	06	15D8	0	2	1
07F201	1	1	06	15D8	0	2	1
07F203	0	1	06	15D8	0	2	1
07F205	0	1	06	15D8	0	3	1
07F208	0	1	06	15D8	0	2	1
07F20A	1	1	06	15D8	0	2	1
07F20C	1	1	06	15D8	0	1	1
07F20D	1	1	06	15D8	0	2	1
07F20F	1	1	06	15D8	0	2	1
07F211	1	1	06	15D8	0	1	1
07F212	1	1	06	15D8	0	2	1
07F214	1	0	06	15D8	0	2	1
07F216	1	0	06	15D8	0	2	1
07F218	1	0	06	15D8	0	3	1
07F21B	1	0	06	15D8	0	3	1
07F21E	1	0	06	15D8	0	3	1
07F221	1	0	06	15D8	0	3	1
07F224	1	0	06	15D8	0	2	1
07F226	1	1	06	15D8	0	4	1
07F22A	1	1	06	16C8	0	2	1
07F22C	1	1	06	16C8	0	3	1
07F237	1	1	06	16C8	0	4	1
07F23B	1	1	06	16C8	0	2	1
07F23D	1	1	06	16C8	0	4	1
07F241	1	1	06	16C8	0	2	1
07F243	1	1	06	16C8	0	2	1
07F245	1	1	06	16C8	0	2	1
07F247	1	1	06	16C8	0	2	1
07F249	1	1	06	16C8	0	2	1
07F24B	1	1	06	16C8	0	2	1
07F24D	1	1	06	16C8	0	2	1
07F24F	1	1	06	16C8	0	2	1
07F251	1	1	06	16C8	0	2	1
07F253	1	1	06	16C8	0	2	1
07F255	1	1	06	16C8	0	4	1
07F259	1	1	06	16C8	0	2	1
07F25B	1	1	06	16C8	0	1	1
07F25C	1	1	06	16C8	0	1	1
07F25D	1	1	06	16C8	0	2	1
07F25F	1	1	06	16C8	0	2	1
07F261	1	1	06	16C8	0	2	1
07F263	1	1	06	16C8	0	2	1
07F265	1	1	06	16C8	0	2	1
07F267	0	1	06	16C8	0	2	1
07F269	0	1	06	16C8	0	2	1
07F26B	1	1	06	16C8	0	2	1
07F26D	1	1	06	16C8	0	2	1
07F26F	1	1	06	16C8	0	1	1
07F270	1	1	06	16C8	0	2	1
07F272	1	1	06	16C8	0	2	1
07F274	1	1	06	16C8	0	1	1
07F275	1	1	06	1668	0	2	1
07F277	1	1	06	1668	0	2	1
07F279	1	1	06	1668	0	2	1
07F27B	1	1	06	1668	0	2	1
07F27D	1	1	06	1668	0	1	1
07F27E	1	1	06	16C8	0	2	1
07F280	1	1	06	16C8	0	3	1
07F283	1	1	06	16C8	0	2	1
07F285	1	1	06	16C8	0	2	1
07F287	1	1	06	16C8	0	2	1
07F289	1	1	06	1668	0	3	1
07F28C	1	1	06	1668	0	2	1
07F28E	1	1	06	1668	0	2	1
07F290	1	1	06	1668	0	2	1
07F292	1	1	06	1668	0	4	1
07F296	1	1	06	1668	0	3	1
07F299	1	1	06	16C8	0	3	1
07F29C	1	1	06	16C8	0	4	1
07F2A0	1	1	06	16C8	0	4	1
07F2B0	1	1	06	1698	0	2	1
07F2B2	1	1	06	1698	0	2	1
07F2B4	1	1	06	1698	0	2	1
07F2B6	1	1	06	1668	0	3	1
07F2B9	1	1	06	1668	0	2	1
07F2BB	1	1	06	1668	0	2	1
07F2BD	1	1	06	1668	0	2	1
07F2BF	1	0	06	1668	0	4	1
07F2C3	1	0	06	1668	0	2	1
07F2C6	1	0	06	1668	0	2	1
07F2C8	0	0	06	1668	0	1	1
07F2C9	0	0	06	1668	0	3	1
07F2CC	0	0	06	1668	0	2	1
07F2CE	0	0	06	1668	0	3	1
07F2D1	0	0	06	1668	0	2	1
07F2D3	0	0	06	1668	0	3	1
07F2D6	0	0	06	1668	0	2	1
07F2D8	1	0	06	1668	0	2	1
07F2DA	1	0	06	1668	0	3	1
07F2DD	1	0	06	1668	0	2	1
07F2DF	1	0	06	1668	0	3	1
07F2E2	1	0	06	1668	0	3	1
07F2E5	1	0	06	1668	0	3	1
07F2E8	1	0	06	1668	0	3	1
07F2EB	1	0	06	1668	0	3	1
07F2EE	1	0	06	1668	0	2	1
07F2F0	1	0	06	1668	0	3	1
07F2F3	1	0	06	1668	0	4	1
07F2F7	1	0	06	1668	0	2	1
07F2F9	1	0	06	1668	0	2	1
07F2FB	0	0	06	1668	0	1	1
07F2FC	0	0	06	1668	0	3	1
07F2FF	0	0	06	1668	0	2	1
07F301	0	0	06	1668	0	3	1
07F304	0	0	06	1668	0	2	1
07F306	0	0	06	1668	0	3	1
07F309	0	0	06	1668	0	2	1
07F30B	1	0	06	1668	0	2	1
07F30D	1	0	06	1668	0	3	1
07F310	1	0	06	1668	0	2	1
07F312	1	0	06	1668	0	3	1
07F315	1	0	06	1668	0	3	1
07F318	1	0	06	1668	0	3	1
07F31B	1	0	06	1668	0	3	1
07F31E	1	0	06	1668	0	3	1
07F321	1	1	06	1698	0	2	1
07F323	0	1	06	1698	0	3	1
07F326	0	1	06	1698	0	2	1
07F328	0	1	06	1698	0	2	1
07F32A	0	1	06	1698	0	2	1
07F32C	1	1	06	1698	0	2	1
07F32E	1	1	06	1698	0	2	1
07F330	1	1	06	1698	0	2	1
07F332	1	1	06	1698	0	2	1
07F334	1	1	06	1698	0	2	1
07F336	1	1	06	1698	0	2	1
07F338	1	1	06	1698	0	2	1
07F33A	1	1	06	1698	0	2	1
07F33C	1	1	06	1698	0	1	1
07F33D	1	1	06	1698	0	2	1
07F33F	1	1	06	1698	0	2	1
07F341	1	1	06	1698	0	2	1
07F343	1	1	06	1698	0	2	1
07F345	1	1	06	1698	0	1	1
07F346	1	1	06	16C8	0	2	1
07F348	1	1	06	16C8	0	2	1
07F34A	1	1	06	16C8	0	4	1
07F34E	1	1	06	16C8	0	1	1
07F34F	1	1	06	16C8	0	2	1
07F351	1	1	06	16C8	0	2	1
07F353	1	1	06	1698	0	1	1
07F354	1	1	06	1698	0	2	1
07F356	1	1	06	1698	0	1	1
07F357	1	1	06	16C8	0	2	1
07F359	1	1	06	16C8	0	2	1
07F35B	1	1	06	16C8	0	2	1
07F35D	1	1	06	16C8	0	4	1
07F361	1	1	06	16C8	0	2	1
07F363	1	1	06	16C8	0	2	1
07F365	1	1	06	16C8	0	2	1
07F367	1	1	06	16C8	0	2	1
07F369	1	1	06	16C8	0	2	1
07F36B	1	1	06	16C8	0	2	1
07F36D	1	1	06	16C8	0	2	1
07F373	1	1	06	16C8	0	2	1
07F375	1	1	06	16C8	0	2	1
07F377	1	1	06	16C8	0	2	1
07F379	1	1	06	16C8	0	1	1
07F37A	1	1	06	16C8	0	1	1
07F37B	1	1	06	16C8	0	2	1
07F37D	1	1	06	16C8	0	2	1
07F37F	1	1	06	16C8	0	2	1
07F381	1	1	06	16C8	0	2	1
07F383	1	1	06	16C8	0	2	1
07F385	1	1	06	16C8	0	2	1
07F387	1	1	06	1638	0	2	1
07F389	1	1	06	1638	0	4	1
07F38D	1	1	06	1638	0	2	1
07F38F	1	1	06	1638	0	2	1
07F391	1	1	06	1638	0	2	1
07F393	0	1	06	1638	0	3	1
07F396	0	1	06	1638	0	2	1
07F398	0	1	06	1638	0	2	1
07F39A	0	1	06	15A8	0	1	1
07F39B	0	1	06	15A8	0	3	1
07F39E	0	1	06	15A8	0	2	1
07F3A0	0	1	06	15A8	0	2	1
07F3A2	0	1	06	15A8	0	2	1
07F3A4	1	1	06	15A8	0	4	1
07F3A8	1	0	06	15A8	0	2	1
07F3AA	1	0	06	15A8	0	2	1
07F3AC	1	0	06	15A8	0	3	1
07F3AF	1	0	06	15A8	0	2	1
07F3B1	1	0	06	15A8	0	3	1
07F3B4	1	0	06	15A8	0	2	1
07F3B6	1	0	06	15A8	0	1	1
07F3B7	1	0	06	15A8	0	1	1
07F3B8	1	0	06	15A8	0	2	1
07F3BA	1	0	06	15A8	0	3	1
07F3BD	1	0	06	15A8	0	3	1
07F3C0	1	0	06	15A8	0	3	1
07F3C3	1	0	06	15A8	0	3	1
07F3C6	1	0	06	15A8	0	2	1
07F3C8	0	0	06	15A8	0	2	1
07F3CA	0	0	06	15A8	0	3	1
07F3CD	0	0	06	15A8	0	2	1
07F3CF	0	0	06	15A8	0	3	1
07F3D2	1	1	06	16C8	0	2	1
07F3D4	1	1	06	16C8	0	2	1
07F3D6	1	1	06	16C8	0	2	1
07F3D8	1	1	06	16C8	0	1	1
07F3D9	1	1	06	16C8	0	2	1
07F3DB	1	1	06	16C8	0	2	1
07F3DD	1	1	06	16C8	0	1	1
07F3DE	1	1	06	16C8	0	2	1
07F3E0	1	1	06	16C8	0	2	1
07F3E2	1	1	06	15D8	0	2	1
07F3E4	0	0	06	15D8	0	2	1
07F3E6	0	0	06	15D8	0	2	1
07F3E8	0	0	06	1578	0	3	1
07F3EB	0	0	06	1578	0	3	1
07F3EE	0	0	06	1578	0	2	1
07F3F0	0	0	06	1578	0	3	1
07F3F3	0	0	06	1578	0	4	1
07F3F7	0	0	06	1578	0	3	1
07F3FA	0	0	06	1578	0	1	1
07F3FB	0	0	06	1578	0	1	1
07F3FC	0	0	06	1578	0	2	1
07F3FE	0	0	06	1578	0	3	1
07F401	0	0	06	1578	0	2	1
07F403	1	1	06	16C8	0	2	1
07F405	1	1	06	16C8	0	2	1
07F407	1	1	06	16C8	0	2	1
07F409	1	1	06	16C8	0	2	1
07F40B	1	1	06	1638	0	2	1
07F40D	0	0	06	1638	0	2	1
07F40F	0	0	06	1638	0	2	1
07F411	0	0	06	15A8	0	3	1
07F414	0	0	06	15A8	0	3	1
07F417	0	0	06	15A8	0	2	1
07F419	0	0	06	15A8	0	4	1
07F41D	0	0	06	15A8	0	3	1
07F420	0	0	06	15A8	0	3	1
07F423	1	1	06	16C8	0	2	1
07F425	1	1	06	16C8	0	2	1
07F427	1	1	06	16C8	0	2	1
07F429	1	1	06	16C8	0	2	1
07F42B	1	1	06	16C8	0	2	1
07F42D	1	1	06	16C8	0	2	1
07F42F	1	1	06	16C8	0	2	1
07F431	1	1	06	16C8	0	2	1
07F433	1	1	06	16C8	0	2	1
07F435	1	1	06	16C8	0	2	1
07F437	1	1	06	16C8	0	4	1
07F43B	1	1	06	16C8	0	2	1
07F43D	1	1	06	16C8	0	4	1
07F441	1	1	06	16C8	0	2	1
07F443	1	1	06	16C8	0	4	1
07F447	1	1	06	16C8	0	2	1
07F449	1	1	06	16C8	0	2	1
07F44B	1	1	06	16C8	0	2	1
07F44D	1	1	06	16C8	0	2	1
07F44F	1	1	06	16C8	0	2	1
07F451	1	1	06	16C8	0	2	1
07F453	1	1	06	16C8	0	2	1
07F455	1	1	06	16C8	0	2	1
07F457	1	1	06	16C8	0	2	1
07F459	1	1	06	16C8	0	2	1
07F45B	1	1	06	16C8	0	2	1
07F45D	1	1	06	16C8	0	1	1
07F45E	1	1	06	16C8	0	2	1
07F460	0	1	06	16C8	0	2	1
07F462	0	1	06	16C8	0	2	1
07F464	0	1	06	16C8	0	2	1
07F466	1	1	06	16C8	0	2	1
07F468	1	1	06	16C8	0	2	1
07F46A	1	1	06	16C8	0	2	1
07F46C	1	1	06	16C8	0	2	1
07F46E	1	1	06	16C8	0	2	1
07F470	1	1	06	16C8	0	2	1
07F472	1	1	06	16C8	0	2	1
07F474	1	1	06	16C8	0	2	1
07F476	1	1	06	16C8	0	1	1
07F477	1	1	06	16C8	0	2	1
07F479	1	1	06	16C8	0	2	1
07F47B	1	1	06	16C8	0	1	1
07F47C	1	1	06	16C8	0	2	1
07F47E	1	1	06	16C8	0	1	1
07F47F	1	1	06	16C8	0	3	1
07F482	1	1	06	16C8	0	2	1
07F484	1	1	06	16C8	0	4	1
07F488	1	1	06	16C8	0	2	1
07F48A	0	1	06	16C8	0	2	1
07F48C	0	1	06	16C8	0	3	1
07F48F	0	1	06	16C8	0	2	1
07F491	1	1	06	16C8	0	2	1
07F493	1	1	06	1638	0	2	1
07F495	1	1	06	1638	0	2	1
07F497	1	1	06	16C8	0	1	1
07F498	1	1	06	16C8	0	3	1
07F49B	1	1	06	16C8	0	2	1
07F49D	1	1	06	16C8	0	4	1
07F4A1	1	1	06	16C8	0	1	1
07F4A2	1	1	06	15D8	0	2	1
07F4A4	1	1	06	15D8	0	2	1
07F4A6	1	1	06	15D8	0	2	1
07F4A8	1	1	06	15D8	0	2	1
07F4AA	1	1	06	15D8	0	1	1
07F4AB	1	1	06	15D8	0	2	1
07F4AD	1	1	06	15D8	0	2	1
07F4AF	1	1	06	15D8	0	2	1
07F4B1	1	1	06	15D8	0	2	1
07F4B3	1	1	06	15D8	0	1	1
07F4B4	1	1	06	16C8	0	2	1
07F4B6	1	1	06	16C8	0	2	1
07F4B8	1	1	06	16C8	0	1	1
07F4B9	1	1	06	16C8	0	2	1
07F4BB	1	1	06	16C8	0	1	1
07F4BC	1	1	06	16C8	0	4	1
07F4C0	1	1	06	16C8	0	2	1
07F4C2	0	1	06	16C8	0	2	1
07F4C4	0	1	06	16C8	0	3	1
07F4C7	0	1	06	16C8	0	2	1
07F4C9	1	1	06	16C8	0	2	1
07F4CB	1	1	06	16C8	0	1	1
07F4CC	1	1	06	1668	0	2	1
07F4CE	1	1	06	1668	0	2	1
07F4D0	1	1	06	1668	0	2	1
07F4D2	1	1	06	1668	0	2	1
07F4D4	1	1	06	1668	0	1	1
07F4D5	1	1	06	16C8	0	4	1
07F4D9	1	1	06	16C8	0	2	1
07F4DB	1	1	06	16C8	0	2	1
07F4DD	0	1	06	16C8	0	2	1
07F4DF	0	1	06	16C8	0	2	1
07F4E1	0	1	06	16C8	0	3	1
07F4E4	0	1	06	16C8	0	2	1
07F4E6	1	1	06	16C8	0	2	1
07F4E8	1	1	06	1668	0	2	1
07F4EA	1	1	06	1668	0	1	1
07F4EB	1	1	06	1668	0	2	1
07F4ED	1	1	06	1668	0	2	1
07F4EF	1	1	06	1668	0	2	1
07F4F1	0	1	06	1668	0	3	1
07F4F4	0	1	06	1668	0	2	1
07F4F6	1	1	06	16C8	0	2	1
07F4F8	1	1	06	16C8	0	1	1
07F4F9	1	1	06	16C8	0	2	1
07F4FB	1	1	06	16C8	0	2	1
07F4FD	0	1	06	16C8	0	2	1
07F4FF	0	1	06	16C8	0	2	1
07F501	0	1	06	16C8	0	3	1
07F504	0	1	06	16C8	0	2	1
07F506	1	1	06	16C8	0	2	1
07F508	1	1	06	15D8	0	1	1
07F509	1	1	06	15D8	0	1	1
07F50A	1	1	06	15D8	0	2	1
07F50C	1	1	06	15D8	0	2	1
07F50E	1	1	06	16C8	0	1	1
07F50F	1	1	06	1668	0	1	1
07F510	1	1	06	1668	0	2	1
07F512	1	0	06	1668	0	2	1
07F514	1	0	06	1668	0	3	1
07F517	1	0	06	1668	0	3	1
07F51A	1	0	06	1668	0	2	1
07F51C	1	0	06	1668	0	3	1
07F51F	1	0	06	1668	0	2	1
07F521	1	0	06	1668	0	2	1
07F523	0	0	06	1668	0	3	1
07F526	0	0	06	1668	0	4	1
07F52A	1	0	06	1668	0	2	1
07F52C	1	0	06	1698	0	2	1
07F52E	0	0	06	1698	0	2	1
07F530	0	0	06	1698	0	3	1
07F533	0	0	06	1698	0	2	1
07F535	1	1	06	1698	0	2	1
07F537	1	1	06	1698	0	4	1
07F53B	1	1	06	1698	0	2	1
07F53D	1	1	06	1698	0	4	1
07F541	1	0	06	1668	0	1	1
07F542	1	1	06	1668	0	1	1
07F647	1	1	06	1818	0	2	1
07F649	1	1	06	1818	0	3	1
07F652	1	1	06	1818	0	2	1
07F654	1	1	06	1818	0	2	1
07F656	1	1	06	1818	0	2	1
07F658	1	1	06	1818	0	2	1
07F65A	1	1	06	1818	0	2	1
07F65C	1	1	06	1818	0	4	1
07F660	1	1	06	1818	0	2	1
07F662	1	1	06	1818	0	2	1
07F664	1	1	06	1818	0	2	1
07F666	1	1	06	1818	0	4	1
07F66A	1	1	06	1818	0	2	1
07F66C	1	1	06	1818	0	2	1
07F66E	1	1	06	1818	0	3	1
07F671	1	1	06	1818	0	4	1
07F675	1	1	06	1818	0	4	1
07F67D	1	1	06	1978	0	2	1
07F67F	1	1	06	1978	0	2	1
07F681	1	0	06	1978	0	2	1
07F683	1	0	06	1978	0	3	1
07F686	1	0	06	1978	0	2	1
07F688	1	0	06	1978	0	2	1
07F68A	1	0	06	1978	0	2	1
07F68C	0	0	06	1978	0	3	1
07F68F	0	0	06	1978	0	2	1
07F691	0	0	06	1978	0	3	1
07F694	0	0	06	1978	0	2	1
07F696	0	0	06	1978	0	2	1
07F698	1	0	06	1978	0	1	1
07F6A0	1	1	06	1818	0	2	1
07F6A2	1	1	06	1818	0	2	1
07F6A4	1	1	06	1818	0	2	1
07F6A6	0	1	06	1818	0	2	1
07F6A8	0	1	06	1818	0	2	1
07F6AA	0	1	06	1818	0	2	1
07F6AC	1	1	06	1818	0	2	1
07F6AE	1	1	06	1818	0	2	1
07F6B0	1	1	06	1818	0	2	1
07F6B2	1	1	06	1818	0	1	1
07F6B3	1	1	06	1818	0	2	1
07F6B5	1	1	06	1818	0	4	1
07F6B9	1	1	06	1818	0	4	1
07F6BD	1	1	06	1818	0	2	1
07F6BF	1	1	06	19D8	0	1	1
07F6C0	1	1	06	1818	0	2	1
07F6C2	1	1	06	1818	0	2	1
07F6C4	1	1	06	1818	0	1	1
07F6C5	1	1	06	1818	0	4	1
07F6C9	1	1	06	1878	0	2	1
07F6CB	1	1	06	1878	0	3	1
07F6CE	1	1	06	1878	0	2	1
07F6D0	0	1	06	1878	0	3	1
07F6D3	0	1	06	1878	0	3	1
07F6D6	0	1	06	1878	0	2	1
07F6D8	1	1	06	1878	0	2	1
07F6DA	1	1	06	1878	0	3	1
07F6DD	1	1	06	1878	0	1	1
07F6E2	1	1	06	1878	0	2	1
07F6E4	1	1	06	1878	0	4	1
07F6E8	1	1	06	1878	0	1	1
07F6E9	1	1	06	1838	0	2	1
07F6EB	0	0	06	1838	0	3	1
07F6EE	0	0	06	1838	0	3	1
07F6F1	0	0	06	1838	0	2	1
07F6F3	0	0	06	1838	0	1	1
07F6F4	0	0	06	1838	0	3	1
07F6F7	0	0	06	1838	0	3	1
07F6FA	0	0	06	1838	0	2	1
07F6FC	0	0	06	1838	0	3	1
07F6FF	0	0	06	1838	0	3	1
07F702	0	0	06	1838	0	3	1
07F705	0	0	06	1838	0	2	1
07F707	0	0	06	1838	0	1	1
07F708	0	0	06	1838	0	1	1
07F709	0	0	06	1838	0	3	1
07F70C	0	0	06	1838	0	1	1
07F70D	0	0	06	1838	0	3	1
07F710	0	0	06	1838	0	2	1
07F712	0	0	06	1878	0	2	1
07F714	1	1	06	1878	0	2	1
07F716	1	1	06	1878	0	2	1
07F718	1	1	06	1878	0	2	1
07F71A	1	1	06	1878	0	2	1
07F71C	1	1	06	1878	0	2	1
07F71E	1	1	06	1878	0	3	1
07F721	1	1	06	1878	0	2	1
07F723	1	1	06	1878	0	4	1
07F727	1	1	06	1878	0	4	1
07F72B	1	1	06	1878	0	4	1
07F72F	1	1	06	1878	0	4	1
07F733	1	1	06	1878	0	4	1
07F737	1	1	06	1878	0	3	1
07F73A	1	1	06	1878	0	2	1
07F73C	0	1	06	1878	0	3	1
07F73F	0	1	06	1878	0	4	1
07F743	0	1	06	1878	0	2	1
07F745	1	1	06	1878	0	4	1
07F749	1	0	06	1878	0	2	1
07F74B	1	0	06	1878	0	3	1
07F74E	1	0	06	1878	0	2	1
07F750	1	0	06	1878	0	3	1
07F753	1	0	06	1878	0	2	1
07F755	0	0	06	1878	0	1	1
07F756	0	0	06	1878	0	3	1
07F759	0	0	06	1878	0	2	1
07F75B	1	0	06	1878	0	2	1
07F75D	1	1	06	1878	0	3	1
07F760	1	1	06	1878	0	2	1
07F762	1	1	06	1878	0	2	1
07F76B	1	1	06	1878	0	2	1
07F76D	1	1	06	1878	0	2	1
07F76F	1	1	06	1878	0	2	1
07F771	0	1	06	1878	0	4	1
07F775	0	1	06	1878	0	2	1
07F777	0	1	06	1878	0	4	1
07F77B	0	1	06	1878	0	1	1
07F77C	0	1	06	1878	0	4	1
07F780	0	1	06	1878	0	2	1
07F782	1	1	06	1878	0	3	1
07F785	1	1	06	1878	0	2	1
07F787	1	1	06	1878	0	2	1
07F789	1	1	06	1878	0	2	1
07F78B	1	1	06	1878	0	4	1
07F78F	1	1	06	1878	0	4	1
07F793	1	1	06	1878	0	2	1
07F795	1	1	06	1878	0	2	1
07F797	0	1	06	1878	0	3	1
07F79A	0	1	06	1878	0	4	1
07F79E	0	1	06	1878	0	2	1
07F7A0	1	1	06	1878	0	2	1
07F7A2	1	1	06	1878	0	2	1
07F7A4	1	1	06	1878	0	4	1
07F7A8	1	1	06	1878	0	1	1
07F7A9	1	1	06	1878	0	4	1
07F7AD	1	1	06	1878	0	2	1
07F7AF	1	1	06	1878	0	2	1
07F7B1	1	1	06	1878	0	2	1
07F7B3	1	1	06	1878	0	2	1
07F7B5	1	1	06	1878	0	1	1
07F7B6	1	1	06	1878	0	1	1
07F7B7	1	1	06	1878	0	2	1
07F7B9	1	1	06	1878	0	4	1
07F7BD	1	1	06	1878	0	4	1
07F7C1	1	1	06	1878	0	2	1
07F7C3	1	1	06	1878	0	2	1
07F7C5	1	1	06	1878	0	2	1
07F7C7	1	1	06	1878	0	4	1
07F7CB	1	1	06	1878	0	2	1
07F7CD	1	1	06	1878	0	2	1
07F7CF	1	1	06	1878	0	2	1
07F7D1	1	1	06	1878	0	4	1
07F7D5	1	1	06	1878	0	4	1
07F7D9	1	1	06	1878	0	2	1
07F7DB	1	1	06	1878	0	4	1
07F7DF	1	1	06	1878	0	1	1
07F7E0	1	1	06	1878	0	1	1
07F7E1	1	1	06	1878	0	4	1
07F7E5	1	1	06	1878	0	1	1
07F7E6	1	1	06	1878	0	1	1
07F7E7	1	1	06	1878	0	2	1
07F7E9	1	1	06	1878	0	4	1
07F7ED	1	1	06	1878	0	2	1
07F7EF	1	1	06	1878	0	2	1
07F7F1	1	1	06	1878	0	2	1
07F7F3	1	1	06	1878	0	2	1
07F7F5	1	1	06	1878	0	2	1
07F7F7	1	1	06	1878	0	2	1
07F7F9	1	1	06	1878	0	4	1
07F7FD	1	1	06	1878	0	1	1
07F7FE	1	1	06	1878	0	4	1
07F802	1	1	06	1878	0	2	1
07F804	1	1	06	1878	0	2	1
07F806	1	1	06	1878	0	2	1
07F808	1	1	06	1878	0	4	1
07F80C	1	1	06	1878	0	1	1
07F80D	1	1	06	1878	0	3	1
07F81C	1	1	06	1878	0	2	1
07F81E	1	1	06	1878	0	3	1
07F82B	1	1	06	1878	0	2	1
07F82D	1	1	06	1878	0	3	1
07F830	1	1	06	1878	0	2	1
07F832	1	1	06	1878	0	2	1
07F834	1	1	06	1878	0	2	1
07F836	1	1	06	1878	0	2	1
07F838	1	1	06	1878	0	2	1
07F83A	1	1	06	1878	0	2	1
07F83C	1	1	06	1878	0	2	1
07F83E	1	1	06	1878	0	3	1
07F841	1	1	06	1878	0	3	1
07F844	1	1	06	1878	0	2	1
07F846	1	1	06	1878	0	3	1
07F849	1	1	06	1878	0	2	1
07F84B	1	1	06	1878	0	3	1
07F84E	1	1	06	1878	0	2	1
07F850	1	1	06	1878	0	3	1
07F853	1	1	06	1878	0	2	1
07F855	1	1	06	1878	0	3	1
07F858	1	1	06	1878	0	2	1
07F85A	1	1	06	1878	0	2	1
07F85C	1	1	06	1878	0	2	1
07F85E	1	1	06	1878	0	2	1
07F860	1	1	06	1878	0	2	1
07F862	1	1	06	1878	0	2	1
07F864	1	1	06	1878	0	2	1
07F866	1	1	06	1878	0	2	1
07F868	1	1	06	1878	0	1	1
07F869	1	1	06	1878	0	2	1
07F86B	1	1	06	1878	0	2	1
07F86D	1	1	06	1878	0	1	1
07F86F	1	1	06	1878	0	2	1
07F871	1	1	06	1878	0	3	1
07F87E	1	1	06	1878	0	3	1
07F881	1	1	06	1878	0	2	1
07F883	1	1	06	1878	0	2	1
07F885	1	1	06	1878	0	2	1
07F887	1	1	06	1878	0	4	1
07F88B	1	1	06	1878	0	2	1
07F88D	1	1	06	1878	0	2	1
07F88F	1	1	06	1878	0	2	1
07F891	1	1	06	1878	0	2	1
07F893	1	1	06	1878	0	3	1
07F896	1	1	06	1878	0	3	1
07F899	1	1	06	1878	0	2	1
07F89B	1	1	06	1878	0	3	1
07F89E	1	1	06	1878	0	2	1
07F8A0	1	1	06	1878	0	3	1
07F8A3	1	1	06	1878	0	2	1
07F8A5	1	1	06	1878	0	3	1
07F8A8	1	1	06	1878	0	2	1
07F8AA	1	1	06	1878	0	3	1
07F8AD	1	1	06	1878	0	2	1
07F8AF	1	1	06	1878	0	2	1
07F8B1	1	1	06	1878	0	2	1
07F8B3	1	1	06	1878	0	2	1
07F8B5	0	0	06	1878	0	2	1
07F8B7	0	0	06	1878	0	3	1
07F8BA	0	0	06	1878	0	2	1
07F8BC	0	0	06	1878	0	1	1
07F8BD	0	0	06	1878	0	3	1
07F8C0	0	0	06	1878	0	3	1
07F8C3	0	0	06	1878	0	3	1
07F8C6	0	0	00	1878	0	3	1
07F8C9	0	0	00	1878	0	3	1
07F8CC	0	0	00	1878	0	3	1
07F8CF	0	0	00	1878	0	3	1
07F8D2	0	0	00	1878	0	3	1
07F8D5	0	0	00	1878	0	1	1
07F8D6	0	0	06	1878	0	2	1
07F8D8	1	1	06	1878	0	2	1
07F8DA	1	1	06	1878	0	2	1
07F8DC	1	1	06	1878	0	2	1
07F8DE	1	1	06	1878	0	2	1
07F8E0	1	1	06	1878	0	2	1
07F8E2	1	1	06	1878	0	2	1
07F8E4	1	1	06	1878	0	3	1
07F8E7	1	1	06	1878	0	2	1
07F8E9	1	1	06	1878	0	2	1
07F8EB	1	1	06	1878	0	2	1
07F8ED	1	1	06	1878	0	2	1
07F8EF	1	1	06	1878	0	2	1
07F8F1	1	1	06	1878	0	2	1
07F8F3	1	1	06	1878	0	3	1
07F8F6	1	1	06	1878	0	2	1
07F8F8	1	1	06	1878	0	3	1
07F8FB	1	1	06	1878	0	2	1
07F8FD	1	1	06	1878	0	1	1
07F8FE	1	1	06	1878	0	3	1
07F901	1	1	06	1878	0	2	1
07F903	1	1	06	1878	0	2	1
07F905	1	1	06	1878	0	2	1
07F907	1	1	06	1878	0	4	1
07F90B	1	1	06	1878	0	2	1
07F90D	1	1	06	1878	0	2	1
07F90F	1	1	06	1878	0	2	1
07F911	1	1	06	1878	0	2	1
07F913	1	1	06	1878	0	3	1
07F916	1	1	06	1878	0	2	1
07F918	1	1	06	1878	0	3	1
07F91B	1	1	06	1878	0	2	1
07F91D	1	1	06	1878	0	1	1
07F91E	1	1	06	1878	0	3	1
07F921	1	1	06	1878	0	2	1
07F923	1	1	06	1878	0	2	1
07F925	1	1	06	1878	0	2	1
07F927	1	1	06	1878	0	2	1
07F929	0	0	06	1878	0	2	1
07F92B	0	0	06	1878	0	1	1
07F92C	0	0	06	1878	0	2	1
07F92E	0	0	06	1878	0	2	1
07F930	0	0	06	1878	0	3	1
07F933	0	0	06	1878	0	3	1
07F936	0	0	06	1878	0	2	1
07F938	0	0	06	1878	0	3	1
07F93B	0	0	06	1878	0	2	1
07F93D	0	0	06	1878	0	2	1
07F93F	1	1	06	1878	0	1	1
07F940	1	1	06	1878	0	2	1
07F942	1	1	06	1878	0	4	1
07F946	1	1	06	1878	0	2	1
07F948	1	1	06	1878	0	2	1
07F94A	1	1	06	1878	0	2	1
07F94C	1	1	06	1878	0	3	1
07F94F	1	1	06	1878	0	2	1
07F951	1	1	06	1878	0	2	1
07F953	1	1	06	1878	0	2	1
07F955	1	1	06	1878	0	2	1
07F957	1	1	06	1878	0	2	1
07F959	1	1	06	1878	0	2	1
07F95B	1	1	06	1878	0	2	1
07F95D	1	1	06	1878	0	3	1
07F960	1	1	06	1878	0	2	1
07F962	1	1	06	1878	0	3	1
07F965	1	1	06	1878	0	2	1
07F967	1	1	06	1878	0	1	1
07F968	1	1	06	1878	0	3	1
07F96B	1	1	06	1878	0	2	1
07F96D	1	1	06	1878	0	2	1
07F96F	1	1	06	1878	0	2	1
07F971	1	1	06	1878	0	2	1
07F973	1	1	06	1878	0	2	1
07F975	1	1	06	1878	0	4	1
07F979	1	1	06	1878	0	3	1
07F97C	1	1	06	1878	0	3	1
07F97F	1	1	06	1878	0	1	1
07F980	1	1	06	1878	0	2	1
07F982	1	1	06	1878	0	3	1
07F98F	1	1	06	1878	0	2	1
07F991	1	1	06	1878	0	3	1
07F994	1	1	06	1878	0	2	1
07F996	1	1	06	1878	0	2	1
07F998	1	1	06	1878	0	2	1
07F99A	1	1	06	1878	0	4	1
07F99E	1	1	06	1878	0	2	1
07F9A0	1	1	06	1878	0	2	1
07F9A2	1	1	06	1878	0	2	1
07F9A4	1	1	06	1878	0	2	1
07F9A6	1	1	06	1878	0	3	1
07F9A9	1	1	06	1878	0	3	1
07F9AC	1	1	06	1878	0	2	1
07F9AE	1	1	06	1878	0	3	1
07F9B1	1	1	06	1878	0	2	1
07F9B3	1	1	06	1878	0	3	1
07F9B6	1	1	06	1878	0	2	1
07F9B8	1	1	06	1878	0	3	1
07F9BB	1	1	06	1878	0	2	1
07F9BD	1	1	06	1878	0	3	1
07F9C0	1	1	06	1878	0	2	1
07F9C2	1	1	06	1878	0	3	1
07F9C5	1	1	06	1878	0	2	1
07F9C7	1	1	06	1878	0	2	1
07F9C9	1	1	06	1878	0	2	1
07F9CB	1	1	06	1878	0	2	1
07F9CD	1	1	06	1878	0	2	1
07F9CF	1	1	06	1878	0	2	1
07F9D1	1	1	06	1878	0	3	1
07F9D4	1	1	06	1878	0	2	1
07F9D6	1	1	06	1878	0	2	1
07F9D8	1	1	06	1878	0	3	1
07F9DB	1	1	06	1878	0	2	1
07F9DD	1	1	06	1878	0	2	1
07F9DF	1	1	06	1878	0	2	1
07F9E1	1	1	06	1878	0	2	1
07F9E3	1	1	06	1878	0	2	1
07F9E5	1	1	06	1878	0	2	1
07F9E7	1	1	06	1878	0	4	1
07F9EB	1	1	06	1878	0	2	1
07F9ED	1	1	06	1878	0	2	1
07F9EF	1	1	06	1878	0	2	1
07F9F1	1	1	06	1878	0	1	1
07F9F2	1	1	06	1878	0	2	1
07F9F4	1	1	06	1878	0	2	1
07F9F6	1	1	06	1878	0	1	1
07F9F8	1	1	06	1878	0	2	1
07F9FA	1	1	06	1878	0	3	1
07FA07	1	1	06	1878	0	2	1
07FA09	1	1	06	1878	0	3	1
07FA0C	1	1	06	1878	0	2	1
07FA0E	1	1	06	1878	0	2	1
07FA10	1	1	06	1878	0	2	1
07FA12	1	1	06	1878	0	2	1
07FA14	1	1	06	1878	0	2	1
07FA16	1	1	06	1878	0	2	1
07FA18	1	1	06	1878	0	2	1
07FA1A	1	1	06	1878	0	3	1
07FA1D	1	1	06	1878	0	3	1
07FA20	1	1	06	1878	0	2	1
07FA22	1	1	06	1878	0	3	1
07FA25	1	1	06	1878	0	2	1
07FA27	1	1	06	1878	0	3	1
07FA2A	1	1	06	1878	0	2	1
07FA2C	1	1	06	1878	0	3	1
07FA2F	1	1	06	1878	0	2	1
07FA31	1	1	06	1878	0	3	1
07FA34	1	1	06	1878	0	2	1
07FA36	1	1	06	1878	0	3	1
07FA39	1	1	06	1878	0	2	1
07FA3B	1	1	06	1878	0	2	1
07FA3D	1	1	06	1878	0	2	1
07FA3F	1	1	06	1878	0	2	1
07FA41	1	1	06	1878	0	2	1
07FA43	1	1	06	1878	0	2	1
07FA45	1	1	06	1878	0	2	1
07FA47	1	1	06	1878	0	2	1
07FA49	1	1	06	1878	0	4	1
07FA4D	1	1	06	1878	0	2	1
07FA4F	1	1	06	1878	0	2	1
07FA51	1	1	06	1878	0	2	1
07FA53	1	1	06	1878	0	1	1
07FA54	1	1	06	1878	0	2	1
07FA56	1	1	06	1878	0	4	1
07FA5A	1	1	06	1878	0	2	1
07FA5C	1	1	06	1878	0	3	1
07FA5F	1	1	06	1878	0	2	1
07FA61	1	1	06	1878	0	2	1
07FA63	1	1	06	1878	0	2	1
07FA65	1	1	06	1878	0	3	1
07FA68	1	1	06	1878	0	1	1
07FA69	1	1	06	1878	0	2	1
07FA6B	1	1	06	1878	0	2	1
07FA6D	1	1	06	1878	0	2	1
07FA6F	1	1	06	1878	0	2	1
07FA71	1	1	06	1878	0	1	1
07FA72	1	1	06	1878	0	2	1
07FA74	1	1	06	1878	0	3	1
07FA81	1	1	06	1878	0	2	1
07FA83	1	1	06	1878	0	3	1
07FA86	1	1	06	1878	0	2	1
07FA88	1	1	06	1878	0	2	1
07FA8A	1	1	06	1878	0	2	1
07FA8C	1	1	06	1878	0	4	1
07FA90	1	1	06	1878	0	2	1
07FA92	1	1	06	1878	0	2	1
07FA94	1	1	06	1878	0	3	1
07FA97	1	1	06	1878	0	3	1
07FA9A	1	1	06	1878	0	2	1
07FA9C	1	1	06	1878	0	3	1
07FA9F	1	1	06	1878	0	2	1
07FAA1	1	1	06	1878	0	3	1
07FAA4	1	1	06	1878	0	2	1
07FAA6	1	1	06	1878	0	3	1
07FAA9	1	1	06	1878	0	2	1
07FAAB	1	1	06	1878	0	3	1
07FAAE	1	1	06	1878	0	2	1
07FAB0	1	1	06	1878	0	3	1
07FAB3	1	1	06	1878	0	2	1
07FAB5	1	1	06	1878	0	2	1
07FAB7	1	1	06	1878	0	3	1
07FABA	1	1	06	1878	0	2	1
07FABC	0	0	06	1878	0	3	1
07FABF	0	0	06	1878	0	3	1
07FAC2	0	0	06	1878	0	3	1
07FAC5	0	0	06	1878	0	2	1
07FAC7	0	0	06	1878	0	3	1
07FACA	0	0	06	1878	0	2	1
07FACC	0	0	06	1878	0	2	1
07FACE	0	0	06	1878	0	2	1
07FAD0	0	0	06	1878	0	2	1
07FAD2	1	0	06	1878	0	4	1
07FAD6	1	0	06	1878	0	2	1
07FAD8	1	0	06	1878	0	3	1
07FADB	1	0	06	1878	0	2	1
07FADD	1	0	06	1878	0	3	1
07FAE0	1	0	06	1878	0	2	1
07FAE2	1	0	06	1878	0	3	1
07FAE5	1	0	06	1878	0	2	1
07FAE7	1	0	06	1878	0	2	1
07FAE9	1	0	06	1878	0	2	1
07FAEB	1	0	06	1878	0	2	1
07FAED	1	0	06	1878	0	2	1
07FAEF	1	0	06	1878	0	3	1
07FAF2	1	0	06	1878	0	3	1
07FAF5	1	0	06	1878	0	3	1
07FAF8	1	0	06	1878	0	3	1
07FAFB	1	0	06	1878	0	3	1
07FAFE	1	0	06	1878	0	2	1
07FB00	1	0	06	1878	0	3	1
07FB03	1	0	06	1878	0	2	1
07FB05	1	0	06	1878	0	2	1
07FB07	1	0	06	1878	0	2	1
07FB09	1	1	06	1878	0	2	1
07FB0B	1	1	06	1878	0	3	1
07FB0E	1	1	06	1878	0	2	1
07FB10	1	1	06	1878	0	2	1
07FB12	1	1	06	1878	0	2	1
07FB14	1	1	06	1878	0	2	1
07FB16	1	1	06	1878	0	2	1
07FB18	1	1	06	1878	0	2	1
07FB1A	1	1	06	1878	0	3	1
07FB1D	1	1	06	1878	0	2	1
07FB1F	1	1	06	1878	0	3	1
07FB22	1	1	06	1878	0	4	1
07FB26	1	1	06	1878	0	3	1
07FB29	1	1	06	1878	0	2	1
07FB2B	1	1	06	1878	0	2	1
07FB2D	1	1	06	1878	0	4	1
07FB31	1	1	06	1878	0	4	1
07FB35	1	1	06	1878	0	1	1
07FB36	1	1	06	1878	0	4	1
07FB3A	1	1	06	1878	0	3	1
07FB3D	1	1	06	1878	0	1	1
07FB3E	1	1	06	1878	0	2	1
07FB40	1	1	06	1878	0	2	1
07FB42	1	1	06	1878	0	3	1
07FB45	1	1	06	1878	0	3	1
07FB48	1	1	06	1878	0	2	1
07FB4A	1	1	06	1878	0	2	1
07FB4C	1	0	06	1878	0	2	1
07FB4E	1	0	06	1878	0	2	1
07FB50	1	0	06	1878	0	2	1
07FB52	1	0	06	1878	0	3	1
07FB55	1	1	06	1878	0	2	1
07FB57	1	1	06	1878	0	4	1
07FB5B	1	1	06	1878	0	2	1
07FB5D	1	1	06	1878	0	2	1
07FB5F	1	1	06	1878	0	2	1
07FB61	1	1	06	1878	0	2	1
07FB63	0	0	06	1878	0	2	1
07FB65	0	0	06	1878	0	1	1
07FB66	0	0	06	1878	0	2	1
07FB68	0	0	06	1878	0	2	1
07FB6A	0	0	06	1878	0	2	1
07FB6C	0	0	06	1878	0	3	1
07FB6F	0	0	06	1878	0	3	1
07FB72	0	0	06	1878	0	2	1
07FB74	0	0	06	1878	0	1	1
07FB75	0	0	06	1878	0	2	1
07FB77	0	0	06	1878	0	2	1
07FB79	0	0	06	1878	0	3	1
07FB7C	0	0	06	1878	0	1	1
07FB7D	0	0	06	1878	0	1	1
07FB7E	0	0	06	1878	0	2	1
07FB80	0	0	06	1878	0	3	1
07FB83	0	0	06	1878	0	3	1
07FB86	0	0	06	1878	0	1	1
07FB87	1	1	06	1878	0	2	1
07FB89	1	1	06	1878	0	4	1
07FB8D	1	1	06	1878	0	3	1
07FB90	1	1	06	1878	0	2	1
07FB92	1	1	06	1878	0	2	1
07FB94	1	1	06	1878	0	2	1
07FB96	1	1	06	1878	0	2	1
07FB98	1	1	06	1878	0	2	1
07FB9A	1	1	06	1878	0	3	1
07FB9D	1	1	06	1878	0	2	1
07FB9F	1	1	06	1878	0	3	1
07FBA2	1	1	06	1878	0	4	1
07FBA6	1	1	06	1878	0	2	1
07FBA8	1	1	06	1878	0	4	1
07FBAC	1	1	06	1878	0	1	1
07FBAD	1	1	06	1878	0	4	1
07FBB1	1	1	06	1878	0	3	1
07FBB4	1	1	06	1878	0	1	1
07FBB5	1	1	06	1878	0	2	1
07FBB7	1	1	06	1878	0	2	1
07FBB9	1	1	06	1878	0	3	1
07FBBC	1	1	06	1878	0	3	1
07FBBF	1	1	06	1878	0	2	1
07FBC1	1	1	06	1878	0	2	1
07FBC3	1	1	06	1878	0	4	1
07FBC7	1	1	06	1878	0	2	1
07FBC9	1	1	06	1878	0	2	1
07FBCB	1	1	06	1878	0	2	1
07FBCD	0	0	06	1878	0	2	1
07FBCF	0	0	06	1878	0	3	1
07FBD2	0	0	06	1878	0	3	1
07FBD5	0	0	06	1878	0	3	1
07FBD8	0	0	06	1878	0	2	1
07FBDA	1	1	06	1878	0	3	1
07FBDD	1	1	06	1878	0	2	1
07FBDF	1	1	06	1878	0	3	1
07FBE2	1	1	06	1878	0	3	1
07FBE5	1	1	06	1878	0	2	1
07FBE7	1	1	06	1878	0	3	1
07FBEA	1	1	06	1878	0	2	1
07FBEC	1	1	06	1878	0	3	1
07FBEF	1	1	06	1878	0	2	1
07FBF1	1	1	06	1878	0	3	1
07FBF4	1	1	06	1878	0	2	1
07FBF6	1	1	06	1878	0	3	1
07FBF9	1	1	06	1878	0	2	1
07FBFB	1	1	06	1878	0	3	1
07FBFE	1	1	06	1878	0	2	1
07FC00	1	1	06	1878	0	2	1
07FC02	1	1	06	1878	0	2	1
07FC04	1	1	06	1878	0	2	1
07FC06	1	1	06	1878	0	2	1
07FC08	1	1	06	1878	0	4	1
07FC0C	1	1	06	1878	0	1	1
07FD27	1	1	06	1878	0	4	1
07FD2B	1	1	06	1878	0	1	1
07FD2C	1	1	06	1878	0	2	1
07FD2E	1	1	06	1878	0	4	1
07FD32	1	1	06	1878	0	2	1
07FD34	1	1	06	1878	0	4	1
07FD38	1	1	06	1878	0	1	1
07FD39	1	1	06	1878	0	4	1
07FD3D	1	1	06	1878	0	1	1
07FD3E	1	1	06	1878	0	3	1
07FD41	1	1	06	1878	0	2	1
07FD43	1	1	06	1878	0	2	1
07FD45	1	1	06	1878	0	2	1
07FD47	1	1	06	1878	0	3	1
07FD4A	1	1	06	1878	0	2	1
07FD4C	1	1	06	1878	0	2	1
07FD4E	1	1	06	1878	0	1	1
07FD4F	1	1	06	1878	0	1	1
07FD50	1	1	06	1878	0	2	1
07FD52	1	1	06	1878	0	4	1
07FD56	1	1	06	1878	0	2	1
07FD58	1	1	06	1878	0	1	1
07FD59	1	1	06	1878	0	2	1
07FD5B	1	1	06	1878	0	1	1
07FD5C	1	1	06	1878	0	2	1
07FD5E	1	1	06	1878	0	4	1
07FD62	1	1	06	1878	0	1	1
07FD63	1	1	06	1878	0	2	1
07FD65	1	1	06	1878	0	2	1
07FD67	1	1	06	1878	0	2	1
07FD69	1	1	06	1878	0	1	1
07FD6A	1	1	06	1878	0	1	1
07FD6B	1	1	06	1878	0	2	1
07FD6D	1	1	06	1878	0	4	1
07FD71	1	1	06	1878	0	2	1
07FD73	1	1	06	1878	0	1	1
07FD74	1	1	06	1878	0	2	1
07FD76	1	1	06	1878	0	1	1
07FD77	1	1	06	1878	0	2	1
07FD79	1	1	06	1878	0	4	1
07FD7D	1	1	06	1878	0	1	1
07FD7E	1	1	06	1878	0	3	1
07FD81	1	1	06	1878	0	2	1
07FD83	1	1	06	1878	0	2	1
07FD86	1	1	06	1878	0	1	1
07FD87	1	1	06	1878	0	2	1
07FD89	1	1	06	1878	0	1	1
07FD8A	1	1	06	1878	0	3	1
07FD8D	1	1	06	1878	0	4	1
07FD91	1	1	06	1878	0	1	1
07FD92	1	1	06	1878	0	4	1
07FD96	1	1	06	1878	0	2	1
07FD98	0	1	06	1878	0	3	1
07FD9B	0	1	06	1878	0	4	1
07FD9F	0	1	06	1878	0	2	1
07FDA1	1	1	06	1878	0	1	1
07FDA2	1	1	06	1878	0	2	1
07FDA4	1	1	06	1878	0	4	1
07FDA8	1	1	06	1878	0	1	1
07FDA9	1	1	06	1878	0	1	1
07FDAA	1	1	06	1878	0	1	1
07FDAB	1	1	06	1878	0	2	1
07FDAD	1	1	06	1878	0	2	1
07FDAF	0	1	06	1878	0	3	1
07FDB2	0	1	06	1878	0	4	1
07FDB6	0	1	06	1878	0	3	1
07FDB9	0	1	06	1878	0	1	1
07FDBA	0	1	06	1878	0	1	1
07FDBB	0	1	06	1878	0	1	1
07FDBC	0	1	06	1878	0	1	1
07FDBD	0	1	06	1878	0	3	1
07FDC0	0	1	06	1878	0	3	1
07FDC3	0	1	06	1878	0	4	1
07FDC7	0	1	06	1878	0	3	1
07FDCA	0	1	06	1878	0	3	1
07FDCD	0	1	06	1878	0	3	1
07FDD0	0	1	06	1878	0	2	1
07FDD2	1	1	06	1878	0	1	1
07FDD3	1	1	06	1878	0	1	1
07FDD4	1	1	06	1878	0	1	1
07FDD5	1	1	06	1878	0	1	1
07FDD6	1	1	06	1878	0	1	1
07FDD7	1	1	06	1878	0	2	1
07FDD9	1	1	06	1878	0	2	1
07FDDB	1	1	06	1878	0	1	1
07FDDC	0	0	06	1878	0	3	1
07FDDF	0	0	06	1878	0	2	1
07FDE1	0	0	06	1878	0	1	1
07FDE2	0	0	06	1878	0	2	1
07FDE4	0	0	06	1878	0	3	1
07FDE7	0	0	06	1878	0	3	1
07FDEA	0	0	06	1878	0	3	1
07FDED	0	0	06	1878	0	3	1
07FDF0	0	0	06	1878	0	3	1
07FDF3	0	0	06	1878	0	2	1
07FDF5	0	0	06	1878	0	3	1
07FDF8	0	0	06	1878	0	2	1
07FDFA	0	0	06	1878	0	3	1
07FDFD	0	0	06	1878	0	1	1
07FDFE	0	0	06	1878	0	3	1
07FE01	0	0	06	1878	0	3	1
07FE04	0	0	06	1878	0	3	1
07FE07	0	0	06	1878	0	3	1
07FE0A	0	0	06	1878	0	1	1
07FE0B	0	0	06	1878	0	3	1
07FE0E	0	0	06	1878	0	3	1
07FE11	0	0	06	1878	0	1	1
07FE12	0	0	06	1878	0	3	1
07FE15	0	0	06	1878	0	3	1
07FE18	0	0	06	1878	0	1	1
07FE19	0	0	06	1878	0	1	1
07FE1A	0	0	06	1878	0	1	1
07FE1B	0	0	06	1878	0	1	1
07FE1C	0	0	06	1878	0	1	1
07FE1D	0	0	06	1878	0	3	1
07FE20	0	0	06	1878	0	2	1
07FE22	0	0	06	1878	0	3	1
07FE25	0	0	06	1878	0	3	1
07FE28	0	0	06	1878	0	3	1
07FE2B	0	0	06	1878	0	3	1
07FE2E	0	0	06	1878	0	1	1
07FE2F	0	0	06	1878	0	3	1
07FE32	0	0	06	1878	0	3	1
07FE35	0	0	06	1878	0	1	1
07FE36	0	0	06	1878	0	3	1
07FE39	0	0	06	1878	0	3	1
07FE3C	0	0	06	1878	0	1	1
07FE3D	0	0	06	1878	0	1	1
07FE3E	0	0	06	1878	0	1	1
07FE3F	0	0	06	1878	0	3	1
07FE42	0	0	06	1878	0	3	1
07FE45	0	0	06	1878	0	1	1
07FE93	0	0	06	1878	0	3	1
07FE96	0	0	06	1878	0	2	1
07FE98	0	0	06	1878	0	1	1
07FE99	0	0	06	1878	0	2	1
07FE9B	0	0	06	1878	0	3	1
07FE9E	0	0	06	1878	0	3	1
07FEA1	0	0	06	1878	0	4	1
07FEA5	0	0	06	1878	0	3	1
07FEA8	0	0	06	1878	0	4	1
07FEAC	0	0	06	1878	0	3	1
07FEAF	0	0	06	1878	0	3	1
07FEB2	0	0	06	1878	0	2	1
07FEB4	0	0	06	1878	0	3	1
07FEB7	0	0	06	1878	0	1	1
07FEB8	0	0	06	1878	0	3	1
07FEBB	0	0	06	1878	0	3	1
07FEBE	0	0	06	1878	0	1	1
07FEBF	0	0	06	1878	0	3	1
07FEC2	0	0	06	1878	0	4	1
07FEC6	0	0	06	1878	0	3	1
07FEC9	0	0	06	1878	0	3	1
07FECC	0	0	06	1878	0	3	1
07FECF	0	0	06	1878	0	2	1
07FED1	0	0	06	1878	0	3	1
07FED4	0	0	06	1878	0	3	1
07FED7	0	0	06	1878	0	3	1
07FEDA	0	0	06	1878	0	3	1
07FEDD	0	0	06	1878	0	2	1
07FEDF	0	0	06	1878	0	1	1
07FEE0	0	0	06	1878	0	2	1
07FEE2	0	0	06	1878	0	1	1
07FEE3	0	0	06	1878	0	3	1
07FEE6	0	0	06	1878	0	4	1
07FEEA	0	0	06	1878	0	1	1
07FEEB	0	0	06	1878	0	1	1
07FEEC	0	0	06	1878	0	3	1
07FEEF	0	0	06	1878	0	1	1
07FEF0	0	0	06	1878	0	1	1
07FEF1	0	0	06	1878	0	1	1
07FEF2	0	0	06	1878	0	3	1
07FEF5	0	0	06	1878	0	2	1
07FEF7	0	0	06	1878	0	2	1
07FEF9	0	0	06	1878	0	2	1
07FEFB	0	0	06	1878	0	3	1
07FEFE	0	0	06	1878	0	2	1
07FF00	0	0	06	1878	0	2	1
07FF02	0	0	06	1878	0	1	1
07FF03	1	1	06	1878	0	2	1
07FF05	0	1	06	1878	0	3	1
07FF08	0	1	06	1878	0	3	1
07FF0B	0	1	06	1878	0	2	1
07FF0D	0	1	06	1878	0	2	1
07FF0F	0	1	06	1878	0	3	1
07FF12	0	1	06	1878	0	3	1
07FF15	0	1	06	1878	0	2	1
07FF17	0	1	06	1878	0	3	1
07FF1A	0	1	06	1878	0	2	1
07FF1C	0	1	06	1878	0	3	1
07FF1F	0	1	06	1878	0	1	1
07FF20	0	1	06	1878	0	1	1
07FF21	0	1	06	1878	0	1	1
07FF22	0	1	06	1878	0	2	1
07FF24	0	1	06	1878	0	2	1
07FF26	1	1	06	1878	0	3	1
07FF29	1	1	06	1878	0	4	1
07FF2D	1	1	06	1878	0	2	1
07FF2F	1	1	06	1878	0	1	1
07FF30	1	1	06	1878	0	3	1
07FF33	1	1	06	1878	0	1	1
07FF34	1	1	06	1878	0	3	1
07FF37	1	1	06	1878	0	3	1
07FF3A	1	1	06	1878	0	2	1
07FF3C	1	1	06	1878	0	1	1
07FF3D	0	1	06	1878	0	2	1
07FF3F	1	1	06	1878	0	2	1
07FF41	1	1	06	1878	0	3	1
07FF44	1	1	06	1878	0	1	1
07FF45	1	1	06	1878	0	2	1
07FF47	1	1	06	1878	0	4	1
07FF4B	1	1	06	1878	0	4	1
07FF4F	1	1	06	1878	0	4	1
07FF53	1	1	06	1878	0	4	1
07FF57	1	1	06	1878	0	4	1
07FF5B	1	1	06	1878	0	4	1
07FF5F	1	1	06	1878	0	4	1
07FF63	1	1	06	1878	0	4	1
07FF67	1	1	06	1878	0	4	1
07FF6B	1	1	06	1878	0	4	1
07FF6F	1	1	06	1878	0	4	1
07FF73	1	1	06	1878	0	4	1
07FF77	1	1	06	1878	0	1	1
089428	1	1	06	0000	0	1	1
089429	1	1	06	0000	0	1	1
08942A	1	1	06	0000	0	2	1
08942C	1	1	06	0000	0	3	1
08942F	1	1	06	0000	0	1	1
089430	1	1	06	09D8	0	4	1
089434	1	1	06	09D8	0	2	1
089436	1	1	06	09D8	0	2	1
089438	1	1	06	09D8	0	2	1
08943A	1	1	06	09D8	0	2	1
08943C	1	1	06	09D8	0	3	1
08943F	1	1	06	09D8	0	2	1
089441	1	1	06	09D8	0	2	1
089443	1	1	06	09D8	0	2	1
089445	1	1	06	09D8	0	3	1
089448	1	1	06	09D8	0	3	1
08944B	1	1	06	09D8	0	3	1
08944E	1	1	06	09D8	0	2	1
089450	0	1	06	09D8	0	2	1
089452	0	1	06	09D8	0	2	1
089454	0	1	06	09D8	0	2	1
089456	0	1	06	09D8	0	2	1
089458	0	1	06	09D8	0	3	1
08945B	0	1	06	09D8	0	2	1
089463	0	1	06	09D8	0	2	1
089465	0	1	06	09D8	0	2	1
089467	0	1	06	09D8	0	2	1
089469	0	1	06	09D8	0	2	1
08946B	0	1	06	09D8	0	2	1
08946D	1	1	06	09D8	0	3	1
089470	1	1	06	09D8	0	3	1
089473	1	1	06	09D8	0	3	1
089476	1	1	06	09D8	0	3	1
089479	1	1	06	09D8	0	2	1
08947B	1	1	06	09D8	0	3	1
08947E	1	1	06	09D8	0	3	1
089481	1	1	06	09D8	0	2	1
089483	1	1	06	09D8	0	2	1
089485	1	1	06	09D8	0	3	1
089488	1	1	06	09D8	0	3	1
08948B	1	1	06	09D8	0	2	1
08948D	0	1	06	09D8	0	2	1
08948F	0	1	06	09D8	0	2	1
089491	0	1	06	09D8	0	2	1
089493	1	1	06	09D8	0	2	1
089495	1	1	06	09D8	0	2	1
089497	1	1	06	09D8	0	2	1
089499	1	1	06	09D8	0	3	1
08949C	1	1	06	09D8	0	3	1
08949F	1	1	06	09D8	0	2	1
0894A1	1	1	06	09D8	0	2	1
0894A3	1	1	06	09D8	0	2	1
0894A5	1	1	06	09D8	0	2	1
0894A7	1	1	06	09D8	0	2	1
0894A9	1	1	06	09D8	0	4	1
0894AD	1	1	06	09D8	0	2	1
0894AF	1	1	06	09D8	0	2	1
0894B1	1	1	06	09D8	0	2	1
0894B3	1	1	06	09D8	0	2	1
0894B5	1	1	06	09D8	0	2	1
0894B7	1	1	06	09D8	0	2	1
0894B9	1	1	06	09D8	0	2	1
0894BB	1	1	06	09D8	0	2	1
0894BD	1	1	06	09D8	0	2	1
0894BF	1	1	06	09D8	0	2	1
0894C1	1	1	06	09D8	0	2	1
0894C3	1	1	06	09D8	0	1	1
0894C4	1	1	06	0000	0	1	1
0894C5	1	1	06	0000	0	1	1
0894CA	1	1	06	09D8	0	2	1
0894CC	1	1	06	09D8	0	2	1
0894CE	1	1	06	09D8	0	2	1
0894D0	1	1	06	09D8	0	2	1
0894D2	1	1	06	09D8	0	2	1
0894D4	1	1	06	09D8	0	2	1
0894D6	1	1	06	09D8	0	2	1
0894D8	1	1	06	09D8	0	2	1
0894DA	1	1	06	09D8	0	2	1
0894DC	1	1	06	09D8	0	2	1
0894DE	1	1	06	09D8	0	2	1
0894E0	1	1	06	09D8	0	2	1
0894E2	1	1	06	09D8	0	2	1
0894E4	1	1	06	09D8	0	2	1
0894E6	1	1	06	09D8	0	2	1
0894E8	1	1	06	09D8	0	2	1
0894EA	1	1	06	09D8	0	2	1
0894EC	1	1	06	09D8	0	2	1
0894EE	1	1	06	09D8	0	3	1
0894F1	1	1	06	09D8	0	3	1
0894F4	1	1	06	09D8	0	2	1
0894F6	1	1	06	09D8	0	2	1
08950E	1	1	06	09D8	0	3	1
089511	1	1	06	09D8	0	2	1
089513	1	1	06	09D8	0	2	1
08951F	1	1	06	09D8	0	3	1
089522	1	1	06	09D8	0	2	1
089524	1	1	06	09D8	0	2	1
08952D	1	1	06	09D8	0	3	1
089530	1	1	06	09D8	0	2	1
089532	1	1	06	09D8	0	2	1
089534	1	1	06	09D8	0	3	1
089537	1	1	06	09D8	0	2	1
089539	1	1	06	09D8	0	2	1
08953B	1	1	06	09D8	0	3	1
08953E	1	1	06	09D8	0	2	1
089540	1	1	06	09D8	0	2	1
089542	1	1	06	09D8	0	2	1
089544	1	1	06	09D8	0	3	1
089547	1	1	06	09D8	0	2	1
089549	1	1	06	09D8	0	3	1
08954C	1	1	06	09D8	0	3	1
08954F	1	1	06	09D8	0	3	1
089552	1	1	06	09D8	0	2	1
089554	1	1	06	09D8	0	2	1
089556	1	1	06	09D8	0	2	1
089558	1	1	06	09D8	0	3	1
08955B	1	1	06	09D8	0	3	1
08955E	1	1	06	09D8	0	2	1
089560	1	1	06	09D8	0	3	1
089563	1	1	06	09D8	0	2	1
089565	1	1	06	09D8	0	2	1
089567	1	1	06	09D8	0	2	1
089569	1	1	06	09D8	0	2	1
08956B	1	1	06	09D8	0	2	1
08956D	1	1	06	09D8	0	2	1
08956F	1	1	06	09D8	0	2	1
089571	1	1	06	09D8	0	2	1
089573	1	1	06	09D8	0	2	1
089575	1	1	06	09D8	0	2	1
089577	1	1	06	09D8	0	3	1
08957A	1	1	06	09D8	0	3	1
08957D	1	1	06	09D8	0	2	1
08957F	1	1	06	09D8	0	2	1
089581	1	1	06	09D8	0	2	1
089583	1	1	06	09D8	0	2	1
089585	1	1	06	09D8	0	2	1
089587	1	1	06	09D8	0	2	1
089589	1	1	06	09D8	0	3	1
08958C	1	1	06	09D8	0	1	1
08958D	1	1	06	09D8	0	1	1
08958E	1	1	06	09D8	0	1	1
08958F	1	1	06	09D8	0	2	1
089591	0	1	06	09D8	0	4	1
089595	0	1	06	09D8	0	2	1
089597	0	1	06	09D8	0	2	1
089599	0	1	06	09D8	0	2	1
08959B	0	1	06	09D8	0	2	1
08959D	0	1	06	09D8	0	2	1
08959F	0	1	06	09D8	0	3	1
0895A2	0	1	06	09D8	0	2	1
0895A4	0	1	06	09D8	0	3	1
0895A7	0	1	06	09D8	0	2	1
0895A9	0	1	06	09D8	0	2	1
0895AB	0	1	06	09D8	0	3	1
0895AE	0	1	06	09D8	0	2	1
0895B0	0	1	06	09D8	0	2	1
0895B2	1	1	06	09D8	0	2	1
0895B4	1	1	06	09D8	0	2	1
0895B6	1	1	06	09D8	0	2	1
0895B8	1	1	06	09D8	0	2	1
0895BA	1	1	06	09D8	0	2	1
0895BC	1	1	06	09D8	0	2	1
0895BE	1	1	06	09D8	0	2	1
0895C0	1	1	06	09D8	0	2	1
0895C2	1	1	06	09D8	0	2	1
0895C4	1	1	06	09D8	0	2	1
0895C6	1	1	06	09D8	0	2	1
0895C8	1	1	06	09D8	0	3	1
0895CB	1	1	06	09D8	0	3	1
0895CE	1	1	06	09D8	0	2	1
0895D0	1	1	06	09D8	0	2	1
0895D2	1	1	06	09D8	0	2	1
0895D4	1	1	06	09D8	0	2	1
0895D6	1	1	06	09D8	0	2	1
0895D8	1	1	06	09D8	0	2	1
0895DA	1	1	06	09D8	0	2	1
0895DC	1	1	06	09D8	0	3	1
0895DF	1	1	06	09D8	0	2	1
0895E1	1	1	06	09D8	0	2	1
0895E3	1	1	06	09D8	0	2	1
0895E5	1	1	06	09D8	0	2	1
0895E7	1	1	06	09D8	0	2	1
0895E9	1	1	06	09D8	0	2	1
0895EB	1	1	06	09D8	0	2	1
0895ED	1	1	06	09D8	0	2	1
0895EF	1	1	06	09D8	0	2	1
0895F1	1	1	06	09D8	0	2	1
0895F3	1	1	06	09D8	0	2	1
0895F5	1	1	06	09D8	0	2	1
0895F7	1	1	06	09D8	0	2	1
0895F9	1	1	06	09D8	0	2	1
0895FB	1	1	06	09D8	0	2	1
0895FD	1	1	06	09D8	0	2	1
0895FF	1	1	06	09D8	0	3	1
089602	1	1	06	09D8	0	3	1
089605	1	1	06	09D8	0	3	1
089608	1	1	06	09D8	0	3	1
08960B	1	1	06	09D8	0	3	1
08960E	1	1	06	09D8	0	3	1
089611	1	1	06	09D8	0	2	1
089613	1	1	06	09D8	0	2	1
089615	1	1	06	09D8	0	3	1
089618	1	1	06	09D8	0	2	1
08961A	1	1	06	09D8	0	2	1
08961C	1	1	06	09D8	0	2	1
08961E	1	1	06	09D8	0	3	1
089621	1	1	06	09D8	0	2	1
089623	1	1	06	09D8	0	2	1
089625	1	1	06	09D8	0	2	1
089627	1	1	06	09D8	0	2	1
089629	1	1	06	09D8	0	2	1
08962B	1	1	06	09D8	0	2	1
08962D	1	1	06	09D8	0	2	1
08962F	1	1	06	09D8	0	2	1
089631	1	1	06	09D8	0	3	1
08969A	1	1	06	09D8	0	2	1
08969C	1	1	06	09D8	0	3	1
0896A3	1	1	06	09D8	0	2	1
0896A5	1	1	06	09D8	0	2	1
0896A7	1	1	06	09D8	0	2	1
0896A9	1	1	06	09D8	0	2	1
0896AB	1	1	06	09D8	0	2	1
0896AD	1	1	06	09D8	0	2	1
0896AF	1	1	06	09D8	0	2	1
0896B1	0	1	06	09D8	0	3	1
0896B4	0	1	06	09D8	0	2	1
0896B6	0	1	06	09D8	0	3	1
0896B9	0	1	06	09D8	0	2	1
0896BB	0	1	06	09D8	0	3	1
0896BE	1	1	06	09D8	0	2	1
0896C0	1	1	06	09D8	0	3	1
0896C3	1	1	06	09D8	0	3	1
0896C6	1	1	06	09D8	0	2	1
0896C8	1	1	06	09D8	0	1	1
0896C9	1	1	06	09D8	0	2	1
0896CB	1	1	06	09D8	0	1	1
0896CC	1	1	06	09D8	0	2	1
0896CE	1	1	06	09D8	0	3	1
0896D1	1	1	06	09D8	0	2	1
0896D3	1	1	06	09D8	0	2	1
0896D5	1	1	06	09D8	0	2	1
0896DA	1	1	06	09D8	0	2	1
0896DC	1	1	06	09D8	0	2	1
0896DE	1	1	06	09D8	0	2	1
0896E0	1	1	06	09D8	0	2	1
0896E2	1	1	06	09D8	0	2	1
0896E4	1	1	06	09D8	0	2	1
0896E6	1	1	06	09D8	0	1	1
0896E7	1	1	06	09D8	0	2	1
0896E9	1	1	06	09D8	0	3	1
0896EC	1	1	06	09D8	0	2	1
0896EE	1	1	06	09D8	0	2	1
0896F0	1	1	06	09D8	0	2	1
0896F2	1	1	06	09D8	0	4	1
0896F6	1	1	06	09D8	0	2	1
0896F8	1	1	06	09D8	0	3	1
0896FB	1	1	06	09D8	0	2	1
0896FD	1	1	06	09D8	0	2	1
0896FF	1	1	06	09D8	0	2	1
089701	1	1	06	09D8	0	3	1
089704	1	1	06	09D8	0	2	1
089706	1	1	06	09D8	0	4	1
08970A	1	1	06	09D8	0	2	1
08970C	1	1	06	09D8	0	2	1
08970E	1	1	06	09D8	0	3	1
089711	1	1	06	09D8	0	2	1
089713	1	1	06	09D8	0	2	1
089715	1	1	06	09D8	0	2	1
089717	1	1	06	09D8	0	3	1
08971A	1	1	06	09D8	0	2	1
08971C	1	1	06	09D8	0	2	1
08971E	1	1	06	09D8	0	2	1
089720	1	1	06	09D8	0	2	1
089722	1	1	06	09D8	0	2	1
089724	1	1	06	09D8	0	2	1
089726	1	1	06	09D8	0	3	1
089729	1	1	06	09D8	0	2	1
08972B	1	1	06	09D8	0	2	1
089730	1	1	06	09D8	0	2	1
089732	1	1	06	09D8	0	2	1
089734	1	1	06	09D8	0	2	1
089736	1	1	06	09D8	0	3	1
089739	1	1	06	09D8	0	2	1
089742	1	1	06	09D8	0	2	1
089744	1	1	06	09D8	0	1	1
089745	1	1	06	09D8	0	2	1
089747	1	1	06	09D8	0	3	1
08974A	1	1	06	09D8	0	2	1
08974C	1	1	06	09D8	0	3	1
089753	1	1	06	09D8	0	2	1
089755	1	1	06	09D8	0	2	1
089757	1	1	06	09D8	0	3	1
08975A	1	1	06	09D8	0	2	1
08975C	1	1	06	09D8	0	2	1
08975E	1	1	06	09D8	0	2	1
089760	1	1	06	09D8	0	1	1
089761	1	1	06	09D8	0	2	1
089763	1	1	06	09D8	0	3	1
089766	1	1	06	09D8	0	2	1
089768	1	1	06	09D8	0	2	1
08976A	1	1	06	09D8	0	2	1
08976C	1	1	06	09D8	0	2	1
08976E	1	1	06	09D8	0	2	1
089770	1	1	06	09D8	0	2	1
089772	1	1	06	09D8	0	3	1
089775	1	1	06	09D8	0	2	1
089777	1	1	06	09D8	0	2	1
089779	1	1	06	09D8	0	2	1
08977B	1	1	06	09D8	0	4	1
08977F	1	1	06	09D8	0	2	1
089781	1	1	06	09D8	0	3	1
089784	1	1	06	09D8	0	2	1
089786	1	1	06	09D8	0	2	1
089788	1	1	06	09D8	0	2	1
08978A	1	1	06	09D8	0	2	1
08978C	1	1	06	09D8	0	3	1
08978F	1	1	06	09D8	0	2	1
089791	1	1	06	09D8	0	2	1
089793	1	1	06	09D8	0	2	1
089795	1	1	06	09D8	0	3	1
089798	1	1	06	09D8	0	3	1
08979B	1	1	06	09D8	0	2	1
08979D	1	1	06	09D8	0	3	1
0897A0	1	1	06	09D8	0	2	1
0897A2	1	1	06	09D8	0	2	1
0897A4	1	1	06	09D8	0	2	1
0897A6	1	1	06	09D8	0	3	1
0897A9	1	1	06	09D8	0	3	1
0897AC	1	1	06	09D8	0	2	1
0897AE	1	1	06	09D8	0	3	1
0897B1	1	1	06	09D8	0	2	1
0897B3	1	1	06	09D8	0	3	1
0897BA	1	1	06	09D8	0	2	1
0897BC	1	1	06	09D8	0	2	1
0897BE	1	1	06	09D8	0	3	1
0897C1	1	1	06	09D8	0	3	1
0897C4	1	1	06	09D8	0	2	1
0897C6	1	1	06	09D8	0	1	1
0897C7	1	1	06	09D8	0	2	1
0897C9	1	1	06	09D8	0	3	1
0897CC	1	1	06	09D8	0	2	1
0897CE	1	1	06	09D8	0	2	1
0897D0	1	1	06	09D8	0	2	1
0897D2	1	1	06	09D8	0	2	1
0897D4	1	1	06	09D8	0	2	1
0897D6	1	1	06	09D8	0	2	1
0897D8	1	1	06	09D8	0	3	1
0897DB	1	1	06	09D8	0	2	1
0897DD	1	1	06	09D8	0	2	1
0897DF	1	1	06	09D8	0	2	1
0897E1	1	1	06	09D8	0	4	1
0897E5	1	1	06	09D8	0	2	1
0897E7	1	1	06	09D8	0	3	1
0897EA	1	1	06	09D8	0	3	1
0897ED	1	1	06	09D8	0	2	1
0897EF	1	1	06	09D8	0	2	1
0897F1	1	1	06	09D8	0	2	1
0897F3	1	1	06	09D8	0	2	1
0897F5	1	1	06	09D8	0	2	1
0897F7	1	1	06	09D8	0	3	1
0897FA	1	1	06	09D8	0	2	1
0897FC	1	1	06	09D8	0	2	1
0897FE	1	1	06	09D8	0	2	1
089800	1	1	06	09D8	0	3	1
089803	1	1	06	09D8	0	3	1
089806	1	1	06	09D8	0	2	1
089808	1	1	06	09D8	0	2	1
08980A	1	1	06	09D8	0	2	1
08980C	1	1	06	09D8	0	3	1
08980F	1	1	06	09D8	0	3	1
089812	1	1	06	09D8	0	3	1
089815	1	1	06	09D8	0	2	1
089817	1	1	06	09D8	0	2	1
089819	1	1	06	09D8	0	2	1
089821	1	1	06	09D8	0	2	1
089823	1	1	06	09D8	0	3	1
089827	1	1	06	09D8	0	2	1
089829	1	1	06	09D8	0	3	1
089832	1	1	06	09D8	0	2	1
089834	1	1	06	09D8	0	2	1
089836	1	1	06	09D8	0	3	1
089839	1	1	06	09D8	0	2	1
08983B	1	1	06	09D8	0	4	1
08983F	1	1	06	09D8	0	2	1
089841	1	1	06	09D8	0	1	1
089842	1	1	06	09D8	0	2	1
089844	1	1	06	09D8	0	3	1
089847	1	1	06	09D8	0	2	1
089849	1	1	06	09D8	0	2	1
08984B	1	1	06	09D8	0	2	1
08984D	1	1	06	09D8	0	2	1
08984F	1	1	06	09D8	0	2	1
089851	1	1	06	09D8	0	2	1
089853	1	1	06	09D8	0	3	1
089856	1	1	06	09D8	0	2	1
089858	1	1	06	09D8	0	2	1
08985A	1	1	06	09D8	0	2	1
08985C	1	1	06	09D8	0	3	1
08985F	1	1	06	09D8	0	2	1
089861	1	1	06	09D8	0	2	1
089863	1	1	06	09D8	0	2	1
089865	1	1	06	09D8	0	3	1
089868	1	1	06	09D8	0	2	1
08986A	1	1	06	09D8	0	2	1
08986C	1	1	06	09D8	0	3	1
08986F	1	1	06	09D8	0	3	1
089872	1	1	06	09D8	0	2	1
089874	1	1	06	09D8	0	2	1
089876	1	1	06	09D8	0	2	1
089878	1	1	06	09D8	0	3	1
08987B	1	1	06	09D8	0	3	1
08987E	1	1	06	09D8	0	2	1
089880	1	1	06	09D8	0	2	1
089882	1	1	06	09D8	0	3	1
089885	1	1	06	09D8	0	2	1
089887	1	1	06	09D8	0	2	1
089889	1	1	06	09D8	0	2	1
08988B	1	1	06	09D8	0	3	1
08988E	1	1	06	09D8	0	3	1
089891	1	1	06	09D8	0	3	1
089894	1	1	06	09D8	0	2	1
089896	1	1	06	09D8	0	3	1
0898A2	1	1	06	09D8	0	2	1
0898A4	1	1	06	09D8	0	3	1
0898AB	1	1	06	09D8	0	2	1
0898AD	1	1	06	09D8	0	2	1
0898AF	1	1	06	09D8	0	2	1
0898B1	1	1	06	09D8	0	2	1
0898B3	1	1	06	09D8	0	2	1
0898B5	1	1	06	09D8	0	3	1
0898B8	1	1	06	09D8	0	2	1
0898C5	1	1	06	09D8	0	2	1
0898C7	1	1	06	09D8	0	1	1
0898C8	1	1	06	09D8	0	2	1
0898CA	1	1	06	09D8	0	3	1
0898CD	1	1	06	09D8	0	2	1
0898CF	1	1	06	09D8	0	2	1
0898D1	1	1	06	09D8	0	2	1
0898D3	1	1	06	09D8	0	2	1
0898D5	1	1	06	09D8	0	2	1
0898D7	1	1	06	09D8	0	2	1
0898D9	1	1	06	09D8	0	3	1
0898DC	1	1	06	09D8	0	2	1
0898DE	1	1	06	09D8	0	2	1
0898E0	1	1	06	09D8	0	2	1
0898E2	1	1	06	09D8	0	3	1
0898E5	1	1	06	09D8	0	3	1
0898E8	1	1	06	09D8	0	2	1
0898EA	1	1	06	09D8	0	2	1
0898EC	1	1	06	09D8	0	2	1
0898EE	1	1	06	09D8	0	2	1
0898F0	1	1	06	09D8	0	2	1
0898F2	1	1	06	09D8	0	2	1
0898F4	1	1	06	09D8	0	1	1
0898F5	1	1	06	09D8	0	2	1
0898F7	1	1	06	09D8	0	2	1
0898F9	1	1	06	09D8	0	3	1
089938	1	1	06	09D8	0	2	1
08993A	1	1	06	09D8	0	2	1
08993C	1	1	06	09D8	0	2	1
08993E	1	1	06	09D8	0	2	1
089940	1	1	06	09D8	0	2	1
089942	1	1	06	09D8	0	2	1
089944	1	1	06	09D8	0	2	1
089946	1	1	06	09D8	0	3	1
089949	1	1	06	09D8	0	2	1
08994B	1	1	06	09D8	0	2	1
08994D	0	1	06	09D8	0	2	1
08994F	0	1	06	09D8	0	3	1
089952	0	1	06	09D8	0	2	1
089954	0	1	06	09D8	0	2	1
089956	0	1	06	09D8	0	2	1
089958	0	1	06	09D8	0	2	1
08995A	0	1	06	09D8	0	3	1
08995D	0	1	06	09D8	0	3	1
089960	1	1	06	09D8	0	2	1
089962	1	1	06	09D8	0	2	1
089964	1	1	06	09D8	0	2	1
089966	1	1	06	09D8	0	2	1
089974	1	1	06	09D8	0	2	1
089976	1	1	06	09D8	0	3	1
089979	1	1	06	09D8	0	2	1
08997B	1	1	06	09D8	0	3	1
089982	1	1	06	09D8	0	2	1
089984	1	1	06	09D8	0	2	1
089986	1	1	06	09D8	0	3	1
089989	1	1	06	09D8	0	2	1
08998B	1	1	06	09D8	0	2	1
08998D	1	1	06	09D8	0	2	1
08998F	1	1	06	09D8	0	4	1
089993	1	1	06	09D8	0	2	1
089995	1	1	06	09D8	0	1	1
089996	1	1	06	09D8	0	2	1
089998	1	1	06	09D8	0	3	1
08999B	1	1	06	09D8	0	2	1
08999D	1	1	06	09D8	0	2	1
08999F	1	1	06	09D8	0	2	1
0899A1	1	1	06	09D8	0	2	1
0899A3	1	1	06	09D8	0	2	1
0899A5	1	1	06	09D8	0	2	1
0899A7	1	1	06	09D8	0	3	1
0899AA	1	1	06	09D8	0	2	1
0899AC	1	1	06	09D8	0	2	1
0899AE	1	1	06	09D8	0	2	1
0899B0	1	1	06	09D8	0	3	1
0899B3	1	1	06	09D8	0	2	1
0899B5	1	1	06	09D8	0	2	1
0899B7	1	1	06	09D8	0	2	1
0899B9	1	1	06	09D8	0	3	1
0899BC	1	1	06	09D8	0	2	1
0899BE	1	1	06	09D8	0	2	1
0899C0	1	1	06	09D8	0	2	1
0899C2	1	1	06	09D8	0	3	1
0899C5	1	1	06	09D8	0	3	1
0899C8	1	1	06	09D8	0	2	1
0899CA	1	1	06	09D8	0	3	1
0899CD	1	1	06	09D8	0	2	1
0899CF	1	1	06	09D8	0	3	1
0899D6	1	1	06	09D8	0	2	1
0899D8	1	1	06	09D8	0	2	1
0899DA	1	1	06	09D8	0	2	1
0899DC	1	1	06	09D8	0	1	1
0899DD	1	1	06	09D8	0	2	1
0899E1	1	1	06	09D8	0	3	1
0899E4	1	1	06	09D8	0	2	1
0899E6	1	1	06	09D8	0	2	1
0899E8	1	1	06	09D8	0	2	1
0899EA	1	1	06	09D8	0	2	1
0899EC	1	1	06	09D8	0	2	1
0899EE	1	1	06	09D8	0	2	1
0899F0	1	1	06	09D8	0	2	1
0899F2	0	1	06	09D8	0	2	1
0899F4	0	1	06	09D8	0	3	1
0899F7	0	1	06	09D8	0	2	1
0899F9	0	1	06	09D8	0	2	1
0899FB	1	1	06	09D8	0	2	1
0899FD	1	1	06	09D8	0	2	1
0899FF	1	1	06	09D8	0	2	1
089A01	1	1	06	09D8	0	3	1
089A04	1	1	06	09D8	0	2	1
089A06	1	1	06	09D8	0	3	1
089A09	1	1	06	09D8	0	2	1
089A0B	1	1	06	09D8	0	2	1
089A15	1	1	06	09D8	0	1	1
089A16	1	1	06	09D8	0	3	1
089A19	1	1	06	09D8	0	1	1
089A1A	1	1	06	09D8	0	2	1
089A1C	0	1	06	09D8	0	3	1
089A1F	0	1	06	09D8	0	2	1
089A21	0	1	06	09D8	0	2	1
089A25	0	1	06	09D8	0	2	1
089A27	1	1	06	09D8	0	2	1
089A29	1	1	06	09D8	0	2	1
089A2B	1	1	06	09D8	0	2	1
089A2D	1	1	06	09D8	0	2	1
089A2F	1	1	06	09D8	0	2	1
089A31	1	1	06	09D8	0	2	1
089A33	1	1	06	09D8	0	2	1
089A35	1	1	06	09D8	0	2	1
089A37	1	1	06	09D8	0	4	1
089A3B	1	1	06	09D8	0	3	1
089A3E	1	1	06	09D8	0	3	1
089A41	1	1	06	09D8	0	2	1
089A43	1	1	06	09D8	0	2	1
089A45	1	1	06	09D8	0	2	1
089A47	1	1	06	09D8	0	3	1
089A4A	1	1	06	09D8	0	3	1
089A4D	1	1	06	09D8	0	2	1
089A4F	1	1	06	09D8	0	2	1
089A51	1	1	06	09D8	0	2	1
089A53	1	1	06	09D8	0	2	1
089A61	1	1	06	09D8	0	2	1
089A63	1	1	06	09D8	0	2	1
089A65	1	1	06	09D8	0	2	1
089A67	1	1	06	09D8	0	2	1
089A69	1	1	06	09D8	0	2	1
089A6B	1	1	06	09D8	0	2	1
089A6D	1	1	06	09D8	0	3	1
089A70	1	1	06	09D8	0	2	1
089A72	1	1	06	09D8	0	2	1
089A74	1	1	06	09D8	0	2	1
089A76	1	1	06	09D8	0	2	1
089A78	1	1	06	09D8	0	2	1
089A7A	1	1	06	09D8	0	2	1
089A7C	1	1	06	09D8	0	1	1
089A7D	1	1	06	09D8	0	2	1
089A7F	1	1	06	09D8	0	3	1
089A82	1	1	06	09D8	0	2	1
089A84	1	1	06	09D8	0	2	1
089A86	1	1	06	09D8	0	2	1
089A88	1	1	06	09D8	0	3	1
089A8B	1	1	06	09D8	0	1	1
089A8C	1	1	06	09D8	0	2	1
089A8E	1	1	06	09D8	0	3	1
089A99	1	1	06	09D8	0	2	1
089A9B	1	1	06	09D8	0	2	1
089A9D	1	1	06	09D8	0	2	1
089A9F	1	1	06	09D8	0	2	1
089AA1	1	1	06	09D8	0	2	1
089AA3	1	1	06	09D8	0	4	1
089AA7	1	1	06	09D8	0	2	1
089AA9	1	1	06	09D8	0	2	1
089AAB	1	1	06	09D8	0	2	1
089AAD	1	1	06	09D8	0	2	1
089AAF	1	1	06	09D8	0	2	1
089AB1	1	1	06	09D8	0	2	1
089AB3	1	1	06	09D8	0	2	1
089AB5	1	1	06	09D8	0	2	1
089AB7	1	1	06	09D8	0	2	1
089AB9	1	1	06	09D8	0	2	1
089ABB	1	1	06	09D8	0	2	1
089ABD	1	1	06	09D8	0	2	1
089ABF	1	1	06	09D8	0	2	1
089AC1	1	1	06	09D8	0	3	1
089AC4	1	1	06	09D8	0	2	1
089AC6	1	1	06	09D8	0	1	1
089AC7	1	1	06	09D8	0	2	1
089AC9	1	1	06	09D8	0	3	1
089ACC	1	1	06	09D8	0	2	1
089ACE	1	1	06	09D8	0	2	1
089AD0	1	1	06	09D8	0	2	1
089AD2	1	1	06	09D8	0	2	1
089AD4	1	1	06	09D8	0	2	1
089AD6	1	1	06	09D8	0	2	1
089AD8	1	1	06	09D8	0	2	1
089ADF	1	1	06	09D8	0	2	1
089AE1	1	1	06	09D8	0	3	1
089AE4	1	1	06	09D8	0	2	1
089AE6	1	1	06	09D8	0	2	1
089AE8	1	1	06	09D8	0	2	1
089AEA	1	1	06	09D8	0	2	1
089AEC	1	1	06	09D8	0	3	1
089AEF	1	1	06	09D8	0	3	1
089AF2	1	1	06	09D8	0	2	1
089AF4	0	1	06	09D8	0	3	1
089AF7	0	1	06	09D8	0	2	1
089AF9	0	1	06	09D8	0	2	1
089AFB	0	1	06	09D8	0	2	1
089AFD	0	1	06	09D8	0	2	1
089AFF	0	1	06	09D8	0	2	1
089B01	0	1	06	09D8	0	2	1
089B03	0	1	06	09D8	0	3	1
089B06	0	1	06	09D8	0	2	1
089B08	0	1	06	09D8	0	2	1
089B0A	0	1	06	09D8	0	2	1
089B0C	0	1	06	09D8	0	3	1
089B0F	0	1	06	09D8	0	1	1
089B10	0	1	06	09D8	0	2	1
089B12	0	1	06	09D8	0	2	1
089B14	1	1	06	09D8	0	3	1
089B17	1	1	06	09D8	0	2	1
089B19	1	1	06	09D8	0	2	1
089B1B	1	1	06	09D8	0	2	1
089B1D	1	1	06	09D8	0	2	1
089B1F	1	1	06	09D8	0	2	1
089B26	1	1	06	09D8	0	2	1
089B28	1	1	06	09D8	0	2	1
089B2A	1	1	06	09D8	0	2	1
089B2F	1	1	06	09D8	0	2	1
089B31	1	1	06	09D8	0	2	1
089B33	1	1	06	09D8	0	2	1
089B70	1	1	06	09D8	0	2	1
089B72	1	1	06	09D8	0	2	1
089B74	1	1	06	09D8	0	2	1
089B76	1	1	06	09D8	0	2	1
089B78	1	1	06	09D8	0	2	1
089B7A	1	1	06	09D8	0	2	1
089B7C	1	1	06	09D8	0	2	1
089B7E	1	1	06	09D8	0	2	1
089B80	1	1	06	09D8	0	2	1
089B82	1	1	06	09D8	0	2	1
089B84	1	1	06	09D8	0	1	1
089B85	1	1	06	09D8	0	2	1
089B87	1	1	06	09D8	0	3	1
089B8A	1	1	06	09D8	0	1	1
089B8B	1	1	06	09D8	0	3	1
089B8E	1	1	06	09D8	0	3	1
089B91	1	1	06	09D8	0	2	1
089B93	1	1	06	09D8	0	3	1
089B9F	1	1	06	09D8	0	2	1
089BA1	1	1	06	09D8	0	2	1
089BA3	1	1	06	09D8	0	2	1
089BA5	1	1	06	09D8	0	1	1
089BA6	1	1	06	09D8	0	2	1
089BA8	1	1	06	09D8	0	3	1
089BAF	1	1	06	09D8	0	2	1
089BB1	1	1	06	09D8	0	2	1
089BB3	1	1	06	09D8	0	2	1
089BB5	1	1	06	09D8	0	4	1
089BB9	1	1	06	09D8	0	3	1
089BBC	1	1	06	09D8	0	2	1
089BBE	1	1	06	09D8	0	2	1
089BC0	1	1	06	09D8	0	2	1
089BC2	1	1	06	09D8	0	2	1
089BC4	1	1	06	09D8	0	3	1
089BC7	1	1	06	09D8	0	2	1
089BC9	0	1	06	09D8	0	2	1
089BCB	0	1	06	09D8	0	2	1
089BCD	0	1	06	09D8	0	2	1
089BCF	0	1	06	09D8	0	2	1
089BD1	1	1	06	09D8	0	2	1
089BD3	1	1	06	09D8	0	1	1
089BD4	1	1	06	09D8	0	2	1
089BD6	1	1	06	09D8	0	3	1
089BD9	1	1	06	09D8	0	2	1
089BDB	1	1	06	09D8	0	2	1
089BDD	1	1	06	09D8	0	2	1
089BDF	1	1	06	09D8	0	2	1
089BE1	1	1	06	09D8	0	2	1
089BE3	1	1	06	09D8	0	2	1
089BE5	1	1	06	09D8	0	3	1
089BE8	1	1	06	09D8	0	2	1
089BEA	1	1	06	09D8	0	3	1
089BED	1	1	06	09D8	0	2	1
089BEF	1	1	06	09D8	0	2	1
089BF1	1	1	06	09D8	0	3	1
089BF4	1	1	06	09D8	0	2	1
089BF6	1	1	06	09D8	0	3	1
089BF9	1	1	06	09D8	0	2	1
089BFB	1	1	06	09D8	0	2	1
089BFD	1	1	06	09D8	0	2	1
089BFF	1	1	06	09D8	0	2	1
089C01	1	1	06	09D8	0	2	1
089C03	1	1	06	09D8	0	2	1
089C05	1	1	06	09D8	0	2	1
089C07	1	1	06	09D8	0	2	1
089C09	1	1	06	09D8	0	2	1
089C0B	1	1	06	09D8	0	2	1
089C0D	1	1	06	09D8	0	4	1
089C11	1	1	06	09D8	0	2	1
089C13	1	1	06	09D8	0	2	1
089C15	1	1	06	09D8	0	2	1
089C17	1	1	06	09D8	0	2	1
089C19	1	1	06	09D8	0	2	1
089C1B	1	1	06	09D8	0	2	1
089C1D	1	1	06	09D8	0	2	1
089C1F	1	1	06	09D8	0	1	1
089C20	1	1	06	09D8	0	3	1
089C23	1	1	06	09D8	0	2	1
089C25	1	1	06	09D8	0	2	1
089C27	1	1	06	09D8	0	2	1
089C29	1	1	06	09D8	0	3	1
089C2C	1	1	06	09D8	0	2	1
089C2E	1	1	06	09D8	0	2	1
089C30	1	1	06	09D8	0	2	1
089C32	1	1	06	09D8	0	2	1
089C34	1	1	06	09D8	0	2	1
089C36	1	1	06	09D8	0	2	1
089C38	1	1	06	09D8	0	2	1
089C3A	1	1	06	09D8	0	3	1
089C3D	1	1	06	09D8	0	2	1
089C3F	1	1	06	09D8	0	2	1
089C41	1	1	06	09D8	0	3	1
089C44	1	1	06	09D8	0	2	1
089C46	1	1	06	09D8	0	2	1
089C51	1	1	06	09D8	0	2	1
089C53	1	1	06	09D8	0	2	1
089C58	1	1	06	09D8	0	2	1
089C5A	1	1	06	09D8	0	2	1
089C5C	1	1	06	09D8	0	2	1
089C5E	1	1	06	09D8	0	2	1
089C60	1	1	06	09D8	0	2	1
089C62	1	1	06	09D8	0	2	1
089C64	1	1	06	09D8	0	2	1
089C66	1	1	06	09D8	0	2	1
089C68	1	1	06	09D8	0	2	1
089C6A	1	1	06	09D8	0	3	1
089C6D	1	1	06	09D8	0	3	1
089C70	1	1	06	09D8	0	2	1
089C72	1	1	06	09D8	0	2	1
089C74	1	1	06	09D8	0	2	1
089C76	1	1	06	09D8	0	2	1
089C78	1	1	06	09D8	0	2	1
089C7A	1	1	06	09D8	0	2	1
089C7C	1	1	06	09D8	0	3	1
089C7F	1	1	06	09D8	0	2	1
089C81	1	1	06	09D8	0	4	1
089C85	1	1	06	09D8	0	3	1
089C88	1	1	06	09D8	0	2	1
089C8A	1	1	06	09D8	0	1	1
089C8B	1	1	06	09D8	0	2	1
089C8D	1	1	06	09D8	0	3	1
089C90	1	1	06	09D8	0	2	1
089C92	1	1	06	09D8	0	2	1
089C94	1	1	06	09D8	0	2	1
089C96	0	1	06	09D8	0	3	1
089C99	0	1	06	09D8	0	2	1
089C9B	0	1	06	09D8	0	3	1
089C9E	0	1	06	09D8	0	2	1
089CA0	0	1	06	09D8	0	3	1
089CA3	0	1	06	09D8	0	2	1
089CA5	0	1	06	09D8	0	2	1
089CA7	1	1	06	09D8	0	2	1
089CA9	1	1	06	09D8	0	2	1
089CAB	1	1	06	09D8	0	3	1
089CAE	1	1	06	09D8	0	2	1
089CB0	1	1	06	09D8	0	2	1
089CB2	1	1	06	09D8	0	2	1
089CB4	1	1	06	09D8	0	2	1
089CB6	1	1	06	09D8	0	2	1
089CBD	1	1	06	09D8	0	2	1
089CBF	1	1	06	09D8	0	2	1
089CC1	1	1	06	09D8	0	2	1
089CC3	1	1	06	09D8	0	4	1
089CC7	1	1	06	09D8	0	2	1
089CC9	1	1	06	09D8	0	3	1
089CCC	1	1	06	09D8	0	3	1
089CCF	1	1	06	09D8	0	2	1
089CD1	1	1	06	09D8	0	2	1
089CD3	1	1	06	09D8	0	2	1
089CD5	1	1	06	09D8	0	3	1
089CD8	1	1	06	09D8	0	3	1
089CDB	1	1	06	09D8	0	2	1
089CDD	1	1	06	09D8	0	2	1
089CDF	1	1	06	09D8	0	2	1
089CE1	1	1	06	09D8	0	2	1
089CE3	1	1	06	09D8	0	2	1
089CE5	1	1	06	09D8	0	2	1
089CE7	1	1	06	09D8	0	3	1
089CEA	1	1	06	09D8	0	2	1
089CEC	1	1	06	09D8	0	3	1
089CEF	1	1	06	09D8	0	3	1
089CF2	1	1	06	09D8	0	2	1
089CF4	1	1	06	09D8	0	2	1
089CF6	1	1	06	09D8	0	2	1
089CF8	1	1	06	09D8	0	2	1
089CFA	1	1	06	09D8	0	2	1
089CFC	1	1	06	09D8	0	3	1
089CFF	1	1	06	09D8	0	2	1
089D01	1	1	06	09D8	0	3	1
089D85	1	1	06	09D8	0	2	1
089D87	1	1	06	09D8	0	2	1
089D89	1	1	06	09D8	0	2	1
089D8B	1	1	06	09D8	0	3	1
089D8E	1	1	06	09D8	0	2	1
089D90	0	1	06	09D8	0	3	1
089D93	0	1	06	09D8	0	2	1
089D95	0	1	06	09D8	0	2	1
089D97	1	1	06	09D8	0	2	1
089D99	1	1	06	09D8	0	2	1
089D9B	1	1	06	09D8	0	2	1
089D9D	1	1	06	09D8	0	1	1
089D9E	1	1	06	09D8	0	2	1
089DA0	1	1	06	09D8	0	3	1
089DA3	1	1	06	09D8	0	2	1
089DA5	1	1	06	09D8	0	2	1
089DA7	1	1	06	09D8	0	2	1
089DA9	1	1	06	09D8	0	2	1
089DAB	1	1	06	09D8	0	2	1
089DB2	1	1	06	09D8	0	2	1
089DB4	1	1	06	09D8	0	2	1
089DBB	1	1	06	09D8	0	2	1
089DBD	1	1	06	09D8	0	2	1
089DBF	1	1	06	09D8	0	2	1
089DC4	1	1	06	09D8	0	2	1
089DC6	1	1	06	09D8	0	2	1
089DC8	1	1	06	09D8	0	2	1
089DCA	1	1	06	09D8	0	3	1
08A4DF	1	1	06	1858	0	3	1
08A4E2	1	1	06	1858	0	4	1
08A4E6	1	1	06	1858	0	3	1
08A4E9	1	1	06	1858	0	4	1
08A4ED	1	1	06	1858	0	3	1
08A4F0	1	1	06	1858	0	4	1
08A4F4	1	1	06	1858	0	3	1
08A4F7	1	1	06	1858	0	4	1
08A4FB	1	1	06	1858	0	3	1
08A4FE	1	1	06	1858	0	4	1
08A502	1	1	06	1858	0	3	1
08A505	1	1	06	1858	0	4	1
08A509	1	1	06	1858	0	3	1
08A50C	1	1	06	1858	0	4	1
08A510	1	1	06	1858	0	3	1
08A513	1	1	06	1858	0	4	1
08A517	1	1	06	1858	0	3	1
08A51A	1	1	06	1858	0	4	1
08A51E	1	1	06	1858	0	3	1
08A521	1	1	06	1858	0	4	1
08A525	1	1	06	1858	0	3	1
08A528	1	1	06	1858	0	4	1
08A52C	1	1	06	1858	0	1	1
08A52D	1	1	06	1858	0	4	1
08A531	1	1	06	1858	0	3	1
08A534	1	1	06	1858	0	4	1
08A538	1	1	06	1858	0	3	1
08A53B	1	1	06	1858	0	4	1
08A53F	1	1	06	1858	0	3	1
08A542	1	1	06	1858	0	4	1
08A546	1	1	06	1858	0	3	1
08A549	1	1	06	1858	0	4	1
08A54D	1	1	06	1858	0	3	1
08A550	1	1	06	1858	0	4	1
08A554	1	1	06	1858	0	3	1
08A557	1	1	06	1858	0	4	1
08A55B	1	1	06	1858	0	3	1
08A55E	1	1	06	1858	0	4	1
08A562	1	1	06	1858	0	3	1
08A565	1	1	06	1858	0	4	1
08A569	1	1	06	1858	0	3	1
08A56C	1	1	06	1858	0	4	1
08A570	1	1	06	1858	0	3	1
08A573	1	1	06	1858	0	4	1
08A577	1	1	06	1858	0	3	1
08A57A	1	1	06	1858	0	3	1
08A57D	1	1	06	1858	0	4	1
08A581	1	1	06	1858	0	3	1
08A584	1	1	06	1858	0	3	1
08A587	1	1	06	1858	0	1	1
08A5DC	1	1	06	09D8	0	2	1
08A5DE	1	1	06	09D8	0	3	1
08A5E7	1	1	06	09D8	0	2	1
08A5E9	1	1	06	09D8	0	2	1
08A5EB	1	1	06	09D8	0	2	1
08A5ED	1	1	06	09D8	0	2	1
08A5EF	1	1	06	09D8	0	2	1
08A5F1	0	1	06	09D8	0	2	1
08A5F3	0	1	06	09D8	0	3	1
08A5F6	0	1	06	09D8	0	2	1
08A5F8	0	1	06	09D8	0	2	1
08A5FA	1	1	06	09D8	0	3	1
08A5FD	1	1	06	09D8	0	2	1
08A5FF	1	1	06	09D8	0	2	1
08A601	1	1	06	09D8	0	4	1
08A605	1	1	06	09D8	0	2	1
08A607	1	1	06	09D8	0	3	1
08A60A	1	1	06	09D8	0	2	1
08A60C	1	1	06	09D8	0	2	1
08A60E	1	1	06	09D8	0	2	1
08A610	1	1	06	09D8	0	2	1
08A612	1	1	06	09D8	0	2	1
08A614	1	1	06	09D8	0	2	1
08A616	1	1	06	09D8	0	2	1
08A618	1	1	06	09D8	0	2	1
08A61A	1	1	06	09D8	0	2	1
08A61C	1	1	06	09D8	0	2	1
08A61E	1	1	06	09D8	0	3	1
08A621	1	1	06	09D8	0	3	1
08A624	1	1	06	09D8	0	2	1
08A626	1	1	06	09D8	0	2	1
08A628	1	1	06	09D8	0	4	1
08A62C	1	1	06	09D8	0	3	1
08A62F	1	1	06	09D8	0	3	1
08A632	1	1	06	09D8	0	2	1
08A634	1	1	06	09D8	0	3	1
08A63F	1	1	06	09D8	0	2	1
08A641	1	1	06	09D8	0	2	1
08A643	1	1	06	09D8	0	2	1
08A645	1	1	06	09D8	0	2	1
08A647	1	1	06	09D8	0	2	1
08A64C	1	1	06	09D8	0	2	1
08A64E	0	1	06	09D8	0	3	1
08A651	0	1	06	09D8	0	3	1
08A654	0	1	06	09D8	0	3	1
08A657	0	1	06	09D8	0	3	1
08A65A	0	1	06	09D8	0	3	1
08A65D	0	1	06	09D8	0	2	1
08A65F	0	1	06	09D8	0	2	1
08A661	1	1	06	09D8	0	3	1
08A664	1	1	06	09D8	0	3	1
08A667	1	1	06	09D8	0	2	1
08A669	1	1	06	09D8	0	2	1
08A66B	1	1	06	09D8	0	2	1
08A66D	1	1	06	09D8	0	2	1
08A66F	1	1	06	09D8	0	2	1
08A671	1	1	06	09D8	0	3	1
08A674	1	1	06	09D8	0	3	1
08A677	1	1	06	09D8	0	2	1
08A679	1	1	06	09D8	0	3	1
08A67C	1	1	06	09D8	0	1	1
08A67D	1	1	06	09D8	0	2	1
08A67F	1	1	06	09D8	0	2	1
08A681	1	1	06	09D8	0	2	1
08A683	1	1	06	09D8	0	2	1
08A685	1	1	06	09D8	0	2	1
08A687	1	1	06	09D8	0	2	1
08A689	1	1	06	09D8	0	2	1
08A68B	1	1	06	09D8	0	2	1
08A68D	1	1	06	09D8	0	2	1
08A68F	1	1	06	09D8	0	2	1
08A691	1	1	06	09D8	0	4	1
08A695	1	1	06	09D8	0	2	1
08A697	1	1	06	09D8	0	2	1
08A699	1	1	06	09D8	0	3	1
08A69C	1	1	06	09D8	0	3	1
08A69F	1	1	06	09D8	0	3	1
08A6A2	1	1	06	09D8	0	3	1
08A6A5	1	1	06	09D8	0	3	1
08A6A8	1	1	06	09D8	0	3	1
08A6AB	1	1	06	09D8	0	3	1
08A6AE	1	1	06	09D8	0	3	1
08A6B1	1	1	06	09D8	0	3	1
08A6B4	1	1	06	09D8	0	3	1
08A6B7	1	1	06	09D8	0	2	1
08A6B9	1	1	06	09D8	0	2	1
08A6BB	1	1	06	09D8	0	2	1
08A6BD	1	1	06	09D8	0	2	1
08A6BF	1	1	06	09D8	0	2	1
08A6C1	1	1	06	09D8	0	4	1
08A6C5	1	1	06	09D8	0	3	1
08A6C8	1	1	06	09D8	0	2	1
08A6CA	1	0	06	09D8	0	3	1
08A6CD	1	0	06	09D8	0	4	1
08A6D1	1	0	06	09D8	0	2	1
08A6D3	1	0	06	09D8	0	3	1
08A6D6	1	0	06	09D8	0	2	1
08A6D8	1	0	06	09D8	0	3	1
08A6DB	1	0	06	09D8	0	1	1
08A6DC	1	0	06	09D8	0	1	1
08A6DD	1	0	06	09D8	0	3	1
08A6E0	1	0	06	09D8	0	3	1
08A6E3	1	0	06	09D8	0	2	1
08A6E5	0	0	06	09D8	0	2	1
08A6E7	0	0	06	09D8	0	3	1
08A6EA	0	0	06	09D8	0	2	1
08A6EC	0	0	06	09D8	0	3	1
08A6EF	0	0	06	09D8	0	2	1
08A6F1	1	0	06	09D8	0	1	1
08A6F2	1	0	06	09D8	0	2	1
08A6F4	1	0	06	09D8	0	2	1
08A6F6	1	1	06	09D8	0	1	1
08A6F7	1	1	06	09D8	0	2	1
08A6F9	1	1	06	09D8	0	2	1
08A6FB	1	1	06	09D8	0	2	1
08A6FD	1	1	06	09D8	0	2	1
08A6FF	1	1	06	09D8	0	3	1
08A702	1	1	06	09D8	0	2	1
08A704	1	1	06	09D8	0	2	1
08A706	1	1	06	09D8	0	2	1
08A708	1	1	06	09D8	0	2	1
08A70A	1	1	06	09D8	0	2	1
08A70C	1	1	06	09D8	0	2	1
08A70E	1	1	06	09D8	0	3	1
08A711	1	1	06	09D8	0	3	1
08A714	1	1	06	09D8	0	2	1
08A716	1	1	06	09D8	0	2	1
08A725	1	1	06	09D8	0	1	1
08A726	1	1	06	09D8	0	2	1
08A728	1	1	06	09D8	0	2	1
08A72A	1	1	06	09D8	0	2	1
08A72C	1	1	06	09D8	0	2	1
08A72E	1	1	06	09D8	0	3	1
08A731	1	1	06	09D8	0	3	1
08A734	1	1	06	09D8	0	1	1
08A735	1	1	06	09D8	0	2	1
08A737	1	1	06	09D8	0	2	1
08A739	1	1	06	09D8	0	4	1
08A73D	1	1	06	09D8	0	1	1
08A73E	1	1	06	09D8	0	2	1
08A740	1	1	06	09D8	0	3	1
08A749	1	1	06	09D8	0	2	1
08A74B	1	1	06	09D8	0	2	1
08A74D	1	1	06	09D8	0	2	1
08A74F	1	1	06	09D8	0	2	1
08A751	1	1	06	09D8	0	2	1
08A753	1	1	06	09D8	0	2	1
08A755	1	1	06	09D8	0	2	1
08A757	1	1	06	09D8	0	2	1
08A759	1	1	06	09D8	0	2	1
08A75B	1	1	06	09D8	0	3	1
08A75E	1	1	06	09D8	0	3	1
08A761	1	1	06	09D8	0	2	1
08A763	1	1	06	09D8	0	2	1
08A765	1	1	06	09D8	0	2	1
08A767	1	1	06	09D8	0	2	1
08A769	1	1	06	09D8	0	2	1
08A76B	1	1	06	09D8	0	3	1
08A76E	1	1	06	09D8	0	2	1
08A770	1	1	06	09D8	0	2	1
08A772	1	1	06	09D8	0	2	1
08A774	1	1	06	09D8	0	2	1
08A776	1	1	06	09D8	0	2	1
08A778	1	1	06	09D8	0	2	1
08A77A	1	1	06	09D8	0	2	1
08A77C	1	1	06	09D8	0	3	1
08A77F	1	1	06	09D8	0	3	1
08A782	1	1	06	09D8	0	2	1
08A784	0	1	06	09D8	0	2	1
08A786	0	1	06	09D8	0	2	1
08A788	0	1	06	09D8	0	2	1
08A78A	0	1	06	09D8	0	2	1
08A78C	0	1	06	09D8	0	2	1
08A78E	1	1	06	09D8	0	1	1
08A78F	1	1	06	09D8	0	2	1
08A791	1	1	06	09D8	0	2	1
08A793	1	1	06	09D8	0	2	1
08A795	1	1	06	09D8	0	2	1
08A797	1	1	06	09D8	0	2	1
08A799	1	1	06	09D8	0	2	1
08A79D	1	1	06	09D8	0	3	1
08A89D	1	1	06	09D8	0	3	1
08A8A0	1	1	06	09D8	0	2	1
08A8A2	1	1	06	09D8	0	3	1
08A8B3	1	1	06	09D8	0	2	1
08A8B5	1	1	06	09D8	0	2	1
08A8B7	1	1	06	09D8	0	2	1
08A8B9	1	1	06	09D8	0	2	1
08A8BB	1	1	06	09D8	0	2	1
08A8BD	1	1	06	09D8	0	2	1
08A8BF	1	1	06	09D8	0	2	1
08A8C1	1	1	06	09D8	0	3	1
08A8C4	1	1	06	09D8	0	2	1
08A8C6	1	1	06	09D8	0	3	1
08A8C9	1	1	06	09D8	0	3	1
08A8CC	1	1	06	09D8	0	2	1
08A8CE	0	1	06	09D8	0	3	1
08A8D1	0	1	06	09D8	0	2	1
08A8D3	0	1	06	09D8	0	3	1
08A8D6	0	1	06	09D8	0	3	1
08A8D9	0	1	06	09D8	0	3	1
08A8DC	0	1	06	09D8	0	3	1
08A8DF	0	1	06	09D8	0	2	1
08A8E1	1	1	06	09D8	0	2	1
08A8E3	1	1	06	09D8	0	3	1
08A8E6	1	1	06	09D8	0	3	1
08A8E9	1	1	06	09D8	0	2	1
08A8EB	0	1	06	09D8	0	3	1
08A8EE	0	1	06	09D8	0	3	1
08A8F1	0	1	06	09D8	0	2	1
08A8F3	0	1	06	09D8	0	2	1
08A8F5	1	1	06	09D8	0	2	1
08A8F7	1	1	06	09D8	0	2	1
08A8F9	1	1	06	09D8	0	3	1
08A8FC	1	1	06	09D8	0	2	1
08A8FE	1	1	06	09D8	0	3	1
08A901	1	1	06	09D8	0	2	1
08A903	1	1	06	09D8	0	2	1
08A905	1	1	06	09D8	0	3	1
08A908	1	1	06	09D8	0	2	1
08A90A	0	1	06	09D8	0	3	1
08A90D	0	1	06	09D8	0	2	1
08A90F	0	1	06	09D8	0	2	1
08A911	0	1	06	09D8	0	3	1
08A914	0	1	06	09D8	0	3	1
08A917	0	1	06	09D8	0	3	1
08A91A	0	1	06	09D8	0	3	1
08A91D	0	1	06	09D8	0	2	1
08A91F	0	1	06	09D8	0	2	1
08A921	1	1	06	09D8	0	2	1
08A923	1	1	06	09D8	0	3	1
08A926	1	1	06	09D8	0	2	1
08A928	1	1	06	09D8	0	3	1
08A92B	1	1	06	09D8	0	2	1
08A92D	1	1	06	09D8	0	2	1
08A92F	1	1	06	09D8	0	1	1
08A930	0	1	06	09D8	0	2	1
08A932	1	1	06	09D8	0	3	1
08A935	1	1	06	09D8	0	3	1
08A938	1	1	06	09D8	0	2	1
08A93A	0	1	06	09D8	0	3	1
08A93D	0	1	06	09D8	0	2	1
08A93F	0	1	06	09D8	0	2	1
08A941	0	1	06	09D8	0	3	1
08A944	0	1	06	09D8	0	3	1
08A947	0	1	06	09D8	0	3	1
08A94A	0	1	06	09D8	0	2	1
08A94C	0	1	06	09D8	0	3	1
08A94F	0	1	06	09D8	0	2	1
08A951	0	1	06	09D8	0	2	1
08A953	1	1	06	09D8	0	2	1
08A955	1	1	06	09D8	0	3	1
08A958	1	1	06	09D8	0	2	1
08A95A	1	1	06	09D8	0	3	1
08A95D	1	1	06	09D8	0	2	1
08A95F	1	1	06	09D8	0	2	1
08A961	1	1	06	09D8	0	2	1
08A963	1	1	06	09D8	0	3	1
08A966	0	1	06	09D8	0	2	1
08A968	1	1	06	09D8	0	3	1
08A96B	1	1	06	09D8	0	3	1
08A96E	1	1	06	09D8	0	3	1
08A971	1	1	06	09D8	0	2	1
08A973	1	1	06	09D8	0	2	1
08A975	1	1	06	09D8	0	2	1
08A977	1	1	06	09D8	0	2	1
08A979	1	1	06	09D8	0	2	1
08A97B	1	1	06	09D8	0	2	1
08A97D	1	1	06	09D8	0	3	1
08A980	1	1	06	09D8	0	3	1
08A983	1	1	06	09D8	0	3	1
08A986	1	1	06	09D8	0	2	1
08A988	1	1	06	09D8	0	2	1
08A98A	1	1	06	09D8	0	2	1
08A98C	1	1	06	09D8	0	2	1
08A98E	1	1	06	09D8	0	2	1
08A990	1	1	06	09D8	0	2	1
08A992	1	1	06	09D8	0	2	1
08A994	1	1	06	09D8	0	2	1
08A996	1	1	06	09D8	0	3	1
08A999	1	1	06	09D8	0	2	1
08A99B	1	1	06	09D8	0	3	1
08A99E	1	1	06	09D8	0	4	1
08A9A2	1	0	06	09D8	0	2	1
08A9A4	1	0	06	09D8	0	3	1
08A9A7	1	0	06	09D8	0	2	1
08A9A9	1	0	06	09D8	0	3	1
08A9AC	1	0	06	09D8	0	2	1
08A9AE	1	0	06	09D8	0	3	1
08A9B1	1	0	06	09D8	0	2	1
08A9B3	1	1	06	09D8	0	2	1
08A9B5	1	1	06	09D8	0	3	1
08A9B8	1	1	06	09D8	0	3	1
08A9BB	1	1	06	09D8	0	3	1
08A9BE	1	1	06	09D8	0	1	1
08A9BF	1	1	06	09D8	0	2	1
08A9C1	1	1	06	09D8	0	2	1
08A9C3	1	1	06	09D8	0	2	1
08A9C5	1	1	06	09D8	0	2	1
08A9C7	1	1	06	09D8	0	3	1
08A9CA	1	1	06	09D8	0	3	1
08A9CD	1	1	06	09D8	0	3	1
08A9D0	1	1	06	09D8	0	3	1
08A9D3	1	1	06	09D8	0	3	1
08A9D6	1	1	06	09D8	0	3	1
08A9D9	1	1	06	09D8	0	2	1
08A9DB	1	1	06	09D8	0	2	1
08A9DD	1	1	06	09D8	0	2	1
08A9DF	1	1	06	09D8	0	2	1
08A9E1	1	1	06	09D8	0	2	1
08A9E3	0	1	06	09D8	0	2	1
08A9E5	0	1	06	09D8	0	3	1
08A9E8	0	1	06	09D8	0	1	1
08A9E9	0	1	06	09D8	0	2	1
08A9EB	0	1	06	09D8	0	2	1
08A9ED	1	1	06	09D8	0	3	1
08A9F0	1	1	06	09D8	0	2	1
08A9F2	0	1	06	09D8	0	2	1
08A9F4	0	1	06	09D8	0	3	1
08A9F7	0	1	06	09D8	0	2	1
08A9F9	1	1	06	09D8	0	2	1
08A9FB	1	1	06	09D8	0	2	1
08A9FD	1	1	06	09D8	0	2	1
08A9FF	1	1	06	09D8	0	4	1
08AA03	1	1	06	09D8	0	2	1
08AA05	1	1	06	09D8	0	1	1
08AA06	1	1	06	09D8	0	2	1
08AA08	1	1	06	09D8	0	4	1
08AA0C	1	0	06	09D8	0	2	1
08AA0E	1	0	06	09D8	0	3	1
08AA11	1	0	06	09D8	0	2	1
08AA13	1	0	06	09D8	0	3	1
08AA16	1	0	06	09D8	0	2	1
08AA18	1	0	06	09D8	0	3	1
08AA1B	1	0	06	09D8	0	2	1
08AA1D	1	1	06	09D8	0	1	1
08AA1E	1	1	06	09D8	0	3	1
08AA21	1	1	06	09D8	0	2	1
08AA23	1	1	06	09D8	0	2	1
08AA25	1	1	06	09D8	0	4	1
08AA29	1	0	06	09D8	0	2	1
08AA2B	1	0	06	09D8	0	3	1
08AA2E	1	0	06	09D8	0	2	1
08AA30	1	0	06	09D8	0	3	1
08AA33	1	0	06	09D8	0	2	1
08AA35	1	0	06	09D8	0	3	1
08AA38	1	0	06	09D8	0	2	1
08AA3A	1	0	06	09D8	0	2	1
08AA3C	1	0	06	09D8	0	3	1
08AA3F	1	0	06	09D8	0	2	1
08AA41	1	0	06	09D8	0	3	1
08AA44	1	0	06	09D8	0	2	1
08AA46	0	0	06	09D8	0	2	1
08AA48	0	0	06	09D8	0	3	1
08AA4B	0	0	06	09D8	0	3	1
08AA4E	0	0	06	09D8	0	2	1
08AA50	0	0	06	09D8	0	1	1
08AA51	0	0	06	09D8	0	3	1
08AA54	0	0	06	09D8	0	3	1
08AA57	0	0	06	09D8	0	2	1
08AA59	0	0	06	09D8	0	1	1
08AA5A	0	0	06	09D8	0	3	1
08AA5D	0	0	06	09D8	0	3	1
08AA60	1	1	06	09D8	0	2	1
08AA62	1	1	06	09D8	0	1	1
08AA63	1	1	06	09D8	0	4	1
08AA67	1	0	06	09D8	0	2	1
08AA69	1	0	06	09D8	0	3	1
08AA6C	1	0	06	09D8	0	2	1
08AA6E	1	0	06	09D8	0	3	1
08AA71	1	0	06	09D8	0	3	1
08AA74	1	0	06	09D8	0	3	1
08AA77	1	0	06	09D8	0	4	1
08AA7B	1	0	06	09D8	0	2	1
08AA7D	1	0	06	09D8	0	3	1
08AA80	1	0	06	09D8	0	2	1
08AA82	1	0	06	09D8	0	3	1
08AA85	1	0	06	09D8	0	3	1
08AA88	1	0	06	09D8	0	3	1
08AA8B	1	0	06	09D8	0	2	1
08AA8D	1	1	06	09D8	0	2	1
08AA8F	0	1	06	09D8	0	3	1
08AA92	0	1	06	09D8	0	3	1
08AA95	0	1	06	09D8	0	2	1
08AA97	0	1	06	09D8	0	3	1
08AA9A	0	1	06	09D8	0	1	1
08AA9B	0	1	06	09D8	0	3	1
08AA9E	0	1	06	09D8	0	2	1
08AAA0	0	1	06	09D8	0	3	1
08AAA3	0	1	06	09D8	0	2	1
08AAA5	0	1	06	09D8	0	3	1
08AAA8	0	1	06	09D8	0	2	1
08AAAA	0	1	06	09D8	0	2	1
08AAAC	1	1	06	09D8	0	2	1
08AAAE	1	1	06	09D8	0	2	1
08AAB0	1	1	06	09D8	0	1	1
08ABEB	1	1	06	09D8	0	2	1
08ABED	1	1	06	09D8	0	3	1
08ABF8	1	1	06	09D8	0	2	1
08ABFA	1	1	06	09D8	0	2	1
08ABFC	1	1	06	09D8	0	2	1
08ABFE	1	1	06	09D8	0	3	1
08AC01	1	1	06	09D8	0	2	1
08AC03	1	1	06	09D8	0	3	1
08AC06	1	1	06	09D8	0	3	1
08AC09	1	1	06	09D8	0	2	1
08AC0B	1	1	06	09D8	0	2	1
08AC0D	1	1	06	09D8	0	2	1
08AC0F	1	1	06	09D8	0	2	1
08AC11	1	1	06	09D8	0	2	1
08AC13	1	1	06	09D8	0	3	1
08AC16	1	1	06	09D8	0	2	1
08AC18	0	1	06	09D8	0	3	1
08AC1B	0	1	06	09D8	0	3	1
08AC1E	0	1	06	09D8	0	2	1
08AC20	0	1	06	09D8	0	2	1
08AC22	1	1	06	09D8	0	2	1
08AC24	1	1	06	09D8	0	2	1
08AC26	1	1	06	09D8	0	2	1
08AC28	1	1	06	09D8	0	2	1
08AC2A	1	1	06	09D8	0	2	1
08AC2C	1	1	06	09D8	0	3	1
08AC2F	1	1	06	09D8	0	3	1
08AC32	1	1	06	09D8	0	3	1
08AC35	1	1	06	09D8	0	2	1
08AC37	1	1	06	09D8	0	2	1
08AC39	1	1	06	09D8	0	3	1
08AC3C	1	1	06	09D8	0	2	1
08AC3E	0	1	06	09D8	0	3	1
08AC41	0	1	06	09D8	0	3	1
08AC44	0	1	06	09D8	0	2	1
08AC46	0	1	06	09D8	0	2	1
08AC48	1	1	06	09D8	0	2	1
08AC4A	1	1	06	09D8	0	2	1
08AC4C	1	1	06	09D8	0	2	1
08AC4E	1	1	06	09D8	0	2	1
08AC50	1	1	06	09D8	0	2	1
08AC52	1	1	06	09D8	0	3	1
08AC55	1	1	06	09D8	0	3	1
08AC58	1	1	06	09D8	0	3	1
08AC5B	1	1	06	09D8	0	2	1
08AC62	1	1	06	09D8	0	2	1
08AC64	0	1	06	09D8	0	3	1
08AC67	0	1	06	09D8	0	3	1
08AC6A	0	1	06	09D8	0	2	1
08AC6C	0	1	06	09D8	0	2	1
08AC6E	1	1	06	09D8	0	2	1
08AC70	1	1	06	09D8	0	2	1
08AC72	1	1	06	09D8	0	2	1
08AC74	1	1	06	09D8	0	2	1
08AC76	1	1	06	09D8	0	2	1
08AC78	1	1	06	09D8	0	3	1
08AC7B	1	1	06	09D8	0	3	1
08AD5F	1	1	06	09D8	0	2	1
08AD61	1	1	06	09D8	0	2	1
08AD63	1	1	06	09D8	0	2	1
08AD65	1	1	06	09D8	0	2	1
08AD67	1	1	06	09D8	0	2	1
08AD69	1	1	06	09D8	0	3	1
08AD6C	1	1	06	09D8	0	2	1
08AD6E	1	1	06	09D8	0	2	1
08AD70	1	1	06	09D8	0	2	1
08AD72	1	1	06	09D8	0	3	1
08B0A7	1	1	06	09D8	0	2	1
08B0A9	1	1	06	09D8	0	2	1
08B0AB	1	1	06	09D8	0	1	1
08B0AD	1	1	06	09D8	0	2	1
08B0AF	1	1	06	09D8	0	3	1
08B0C2	1	1	06	09D8	0	2	1
08B0C4	0	1	06	09D8	0	3	1
08B0C7	0	1	06	09D8	0	3	1
08B0CA	0	1	06	09D8	0	3	1
08B0CD	0	1	06	09D8	0	3	1
08B0D0	0	1	06	09D8	0	3	1
08B0D3	0	1	06	09D8	0	3	1
08B0D6	0	1	06	09D8	0	3	1
08B0D9	0	1	06	09D8	0	3	1
08B0DC	0	1	06	09D8	0	3	1
08B0DF	0	1	06	09D8	0	2	1
08B0E1	1	1	06	09D8	0	2	1
08B0E3	1	1	06	09D8	0	3	1
08B0E6	1	1	06	09D8	0	2	1
08B0E8	1	1	06	09D8	0	4	1
08B0EC	1	1	06	09D8	0	2	1
08B0EE	1	1	06	09D8	0	2	1
08B0F0	1	1	06	09D8	0	2	1
08B0F2	1	1	06	09D8	0	2	1
08B104	1	1	06	09D8	0	2	1
08B106	1	1	06	09D8	0	2	1
08B108	1	1	06	09D8	0	2	1
08B10A	0	1	06	09D8	0	2	1
08B10C	0	1	06	09D8	0	2	1
08B10E	0	1	06	09D8	0	1	1
08B10F	0	1	06	09D8	0	3	1
08B112	0	1	06	09D8	0	3	1
08B115	0	1	06	09D8	0	2	1
08B119	0	1	06	09D8	0	2	1
08B11B	0	1	06	09D8	0	3	1
08B11E	0	1	06	09D8	0	2	1
08B120	0	1	06	09D8	0	2	1
08B122	0	1	06	09D8	0	3	1
08B125	0	1	06	09D8	0	2	1
08B127	0	1	06	09D8	0	3	1
08B12A	0	1	06	09D8	0	2	1
08B12C	0	1	06	09D8	0	2	1
08B12E	1	1	06	09D8	0	3	1
08B131	1	1	06	09D8	0	1	1
08B140	1	1	06	09D8	0	2	1
08B15B	1	1	06	09D8	0	2	1
08B15D	1	1	06	09D8	0	2	1
08B15F	1	1	06	09D8	0	4	1
08B163	1	1	06	09D8	0	2	1
08B165	1	1	06	09D8	0	3	1
08B168	1	1	06	09D8	0	2	1
08B16A	1	1	06	09D8	0	2	1
08B16C	1	1	06	09D8	0	3	1
08B16F	1	1	06	09D8	0	2	1
08B171	1	1	06	09D8	0	2	1
08B173	1	1	06	09D8	0	2	1
08B175	1	1	06	09D8	0	2	1
08B177	1	1	06	09D8	0	3	1
08B17A	1	1	06	09D8	0	2	1
08B17C	1	1	06	09D8	0	2	1
08B17E	1	1	06	09D8	0	2	1
08B180	1	1	06	09D8	0	2	1
08B182	1	1	06	09D8	0	2	1
08B184	1	1	06	09D8	0	2	1
08B186	1	1	06	09D8	0	2	1
08B188	1	1	06	09D8	0	2	1
08B18A	1	1	06	09D8	0	2	1
08B18C	1	1	06	09D8	0	2	1
08B18E	1	1	06	09D8	0	3	1
08B191	1	1	06	09D8	0	1	1
08B198	1	1	06	09D8	0	2	1
08B19A	1	1	06	09D8	0	2	1
08B19C	1	1	06	09D8	0	4	1
08B1A0	1	1	06	09D8	0	2	1
08B1A2	1	1	06	09D8	0	3	1
08B1A5	1	1	06	09D8	0	2	1
08B1A7	1	1	06	09D8	0	2	1
08B1A9	1	1	06	09D8	0	3	1
08B1AC	1	1	06	09D8	0	2	1
08B1AE	1	1	06	09D8	0	2	1
08B1B0	1	1	06	09D8	0	2	1
08B1B2	1	1	06	09D8	0	2	1
08B1B4	1	1	06	09D8	0	3	1
08B1B7	1	1	06	09D8	0	2	1
08B1B9	1	1	06	09D8	0	2	1
08B1BB	1	1	06	09D8	0	4	1
08B1BF	1	1	06	09D8	0	1	1
08B1C0	1	1	06	09D8	0	2	1
08B1C2	0	1	06	09D8	0	2	1
08B1C4	0	1	06	09D8	0	2	1
08B1C6	1	1	06	09D8	0	2	1
08B1C8	1	1	06	09D8	0	4	1
08B1CC	1	1	06	09D8	0	2	1
08B1CE	1	1	06	09D8	0	3	1
08B1D1	1	1	06	09D8	0	2	1
08B1D3	1	1	06	09D8	0	2	1
08B1D5	1	1	06	09D8	0	3	1
08B1D8	1	1	06	09D8	0	2	1
08B1DA	1	1	06	09D8	0	2	1
08B1DC	1	1	06	09D8	0	3	1
08B1DF	1	1	06	09D8	0	2	1
08B1E1	1	1	06	09D8	0	2	1
08B1E3	1	1	06	09D8	0	3	1
08B1E6	1	1	06	09D8	0	2	1
08B1E8	1	1	06	09D8	0	2	1
08B1EA	1	1	06	09D8	0	2	1
08B1EC	1	1	06	09D8	0	2	1
08B1EE	1	1	06	09D8	0	3	1
08B1F1	1	1	06	09D8	0	1	1
08B1F2	1	1	06	09D8	0	2	1
08B1F4	1	1	06	09D8	0	2	1
08B1F6	1	1	06	09D8	0	2	1
08B1F8	1	1	06	09D8	0	2	1
08B1FA	1	1	06	09D8	0	2	1
08B1FC	1	1	06	09D8	0	2	1
08B1FE	1	1	06	09D8	0	3	1
08B201	1	1	06	09D8	0	1	1
08B202	1	1	06	09D8	0	2	1
08B204	1	1	06	09D8	0	2	1
08B206	1	1	06	09D8	0	4	1
08B20A	1	1	06	09D8	0	3	1
08B20D	1	1	06	09D8	0	3	1
08B210	1	1	06	09D8	0	2	1
08B212	1	1	06	09D8	0	2	1
08B214	1	1	06	09D8	0	2	1
08B216	1	1	06	09D8	0	2	1
08B218	1	1	06	09D8	0	2	1
08B21A	1	1	06	09D8	0	2	1
08B21C	1	1	06	09D8	0	4	1
08B220	1	1	06	09D8	0	2	1
08B222	0	1	06	09D8	0	2	1
08B224	0	1	06	09D8	0	3	1
08B227	0	1	06	09D8	0	2	1
08B229	0	1	06	09D8	0	2	1
08B22B	1	1	06	09D8	0	2	1
08B22D	1	1	06	09D8	0	3	1
08B230	1	1	06	09D8	0	3	1
08B233	1	1	06	09D8	0	1	1
08B234	1	1	06	09D8	0	3	1
08B237	1	1	06	09D8	0	4	1
08B23B	1	1	06	09D8	0	2	1
08B23D	1	1	06	09D8	0	2	1
08B23F	1	1	06	09D8	0	3	1
08B242	1	1	06	09D8	0	3	1
08B245	1	1	06	09D8	0	2	1
08B247	1	1	06	09D8	0	2	1
08B249	1	1	06	09D8	0	2	1
08B24B	1	1	06	09D8	0	2	1
08B24D	0	1	06	09D8	0	2	1
08B24F	0	1	06	09D8	0	3	1
08B252	0	1	06	09D8	0	3	1
08B255	0	1	06	09D8	0	2	1
08B25A	0	1	06	09D8	0	2	1
08B25C	0	1	06	09D8	0	2	1
08B25E	0	1	06	09D8	0	2	1
08B260	0	1	06	09D8	0	3	1
08B263	0	1	06	09D8	0	1	1
08B264	0	1	06	09D8	0	3	1
08B267	0	1	06	09D8	0	2	1
08B269	0	1	06	09D8	0	2	1
08B26B	0	1	06	09D8	0	2	1
08B26D	1	1	06	09D8	0	2	1
08B26F	1	1	06	09D8	0	2	1
08B271	1	1	06	09D8	0	3	1
08B274	1	1	06	09D8	0	2	1
08B276	1	1	06	09D8	0	2	1
08B278	1	1	06	09D8	0	2	1
08B27A	1	1	06	09D8	0	3	1
08B27D	1	1	06	09D8	0	2	1
08B27F	1	1	06	09D8	0	3	1
08B282	1	1	06	09D8	0	2	1
08B284	1	1	06	09D8	0	2	1
08B286	1	1	06	09D8	0	2	1
08B288	1	1	06	09D8	0	2	1
08B28A	0	1	06	09D8	0	2	1
08B28C	0	1	06	09D8	0	3	1
08B28F	0	1	06	09D8	0	3	1
08B292	0	1	06	09D8	0	2	1
08B294	0	1	06	09D8	0	3	1
08B297	0	1	06	09D8	0	2	1
08B299	0	1	06	09D8	0	2	1
08B29B	1	1	06	09D8	0	2	1
08B29D	1	1	06	09D8	0	2	1
08B29F	1	1	06	09D8	0	2	1
08B2A1	1	1	06	09D8	0	2	1
08B2A3	1	1	06	09D8	0	3	1
08B2A6	1	1	06	09D8	0	2	1
08B2A8	1	1	06	09D8	0	2	1
08B2AA	1	1	06	09D8	0	2	1
08B2AC	1	1	06	09D8	0	2	1
08B2AE	1	1	06	09D8	0	2	1
08B2B0	1	1	06	09D8	0	2	1
08B2B2	1	1	06	09D8	0	2	1
08B2B4	1	1	06	09D8	0	3	1
08B2B7	1	1	06	09D8	0	2	1
08B2B9	1	1	06	09D8	0	3	1
08B2BC	1	1	06	09D8	0	2	1
08B2BE	1	1	06	09D8	0	3	1
08B2F6	1	1	06	09D8	0	2	1
08B2F8	1	1	06	09D8	0	2	1
08B2FA	1	1	06	09D8	0	2	1
08B2FC	1	1	06	09D8	0	2	1
08B2FE	1	1	06	09D8	0	2	1
08B300	1	1	06	09D8	0	2	1
08B302	1	1	06	09D8	0	2	1
08B304	1	1	06	09D8	0	3	1
08B307	1	1	06	09D8	0	3	1
08B30A	1	1	06	09D8	0	2	1
08B30C	1	1	06	09D8	0	1	1
08B30D	1	1	06	09D8	0	2	1
08B30F	1	1	06	09D8	0	3	1
08B312	1	1	06	09D8	0	2	1
08B314	1	1	06	09D8	0	2	1
08B316	1	1	06	09D8	0	2	1
08B318	1	1	06	09D8	0	2	1
08B31A	1	1	06	09D8	0	2	1
08B324	1	1	06	09D8	0	2	1
08B326	1	1	06	09D8	0	2	1
08B328	1	1	06	09D8	0	2	1
08B32A	1	1	06	09D8	0	2	1
08B32C	1	1	06	09D8	0	2	1
08B32E	1	1	06	09D8	0	2	1
08B330	1	1	06	09D8	0	2	1
08B332	1	1	06	09D8	0	2	1
08B334	1	1	06	09D8	0	3	1
08B337	1	1	06	09D8	0	2	1
08B339	1	1	06	09D8	0	2	1
08B33B	1	1	06	09D8	0	2	1
08B33D	1	0	06	09D8	0	3	1
08B340	1	0	06	09D8	0	2	1
08B342	1	0	06	09D8	0	2	1
08B344	1	0	06	09D8	0	2	1
08B346	1	0	06	09D8	0	2	1
08B348	1	0	06	09D8	0	2	1
08B34A	1	0	06	09D8	0	3	1
08B34D	1	0	06	09D8	0	2	1
08B34F	1	0	06	09D8	0	2	1
08B351	1	1	06	09D8	0	2	1
08B353	0	1	06	09D8	0	3	1
08B356	0	1	06	09D8	0	3	1
08B359	0	1	06	09D8	0	3	1
08B35C	0	1	06	09D8	0	2	1
08B360	0	1	06	09D8	0	2	1
08B362	1	1	06	09D8	0	2	1
08B364	1	1	06	09D8	0	3	1
08B367	1	1	06	09D8	0	2	1
08B369	1	1	06	09D8	0	2	1
08B36B	1	1	06	09D8	0	2	1
08B36D	1	1	06	09D8	0	2	1
08B36F	1	1	06	09D8	0	2	1
08B371	1	1	06	09D8	0	2	1
08B373	1	1	06	09D8	0	2	1
08B375	1	1	06	09D8	0	3	1
08B378	1	1	06	09D8	0	2	1
08B37A	1	1	06	09D8	0	2	1
08B37C	1	1	06	09D8	0	2	1
08B383	1	1	06	09D8	0	2	1
08B385	1	1	06	09D8	0	2	1
08B387	1	1	06	09D8	0	3	1
08B38A	1	1	06	09D8	0	2	1
08B38C	1	1	06	09D8	0	2	1
08B393	1	1	06	09D8	0	2	1
08B395	1	1	06	09D8	0	2	1
08B397	1	1	06	09D8	0	2	1
08B399	1	1	06	09D8	0	2	1
08B39B	1	1	06	09D8	0	3	1
08B39E	1	1	06	09D8	0	2	1
08B3A0	1	1	06	09D8	0	3	1
08B6E2	1	1	06	09D8	0	2	1
08B6E4	1	1	06	09D8	0	2	1
08B6E6	1	1	06	09D8	0	1	1
08B6E7	1	1	06	09D8	0	3	1
08B6EA	1	1	06	09D8	0	2	1
08B6EC	1	1	06	09D8	0	2	1
08B6EE	1	1	06	09D8	0	2	1
08B6F0	1	1	06	09D8	0	3	1
08B6F3	1	1	06	09D8	0	2	1
08B6F5	1	1	06	09D8	0	2	1
08B6F7	1	1	06	09D8	0	2	1
08B711	1	1	06	09D8	0	4	1
08B715	1	0	06	09D8	0	2	1
08B717	1	0	06	09D8	0	3	1
08B71A	1	0	06	09D8	0	2	1
08B71C	1	0	06	09D8	0	1	1
08B71D	1	0	06	09D8	0	3	1
08B720	1	0	06	09D8	0	3	1
08B723	1	0	06	09D8	0	2	1
08B725	1	0	06	09D8	0	2	1
08B731	1	0	06	09D8	0	2	1
08B733	1	0	06	09D8	0	2	1
08B735	1	0	06	09D8	0	2	1
08B737	1	0	06	09D8	0	3	1
08B73A	1	0	06	09D8	0	3	1
08B73D	1	0	06	09D8	0	2	1
08B73F	1	0	06	09D8	0	2	1
08B741	1	0	06	09D8	0	2	1
08B743	1	0	06	09D8	0	3	1
08B746	1	0	06	09D8	0	3	1
08B749	1	0	06	09D8	0	2	1
08B74B	1	0	06	09D8	0	2	1
08B74D	1	0	06	09D8	0	2	1
08B75A	1	0	06	09D8	0	1	1
08B75B	1	0	06	09D8	0	3	1
08B75E	1	0	06	09D8	0	3	1
08B761	1	0	06	09D8	0	2	1
08B763	1	0	06	09D8	0	1	1
08B764	1	0	06	09D8	0	3	1
08B767	1	0	06	09D8	0	2	1
08B769	1	0	06	09D8	0	2	1
08B76B	1	0	06	09D8	0	2	1
08B76D	1	0	06	09D8	0	2	1
08B76F	1	0	06	09D8	0	2	1
08B771	1	0	06	09D8	0	3	1
08B774	1	0	06	09D8	0	1	1
08B775	1	0	06	09D8	0	2	1
08B777	1	0	06	09D8	0	2	1
08B779	1	0	06	09D8	0	1	1
08B77A	1	0	06	09D8	0	3	1
08B77D	1	0	06	09D8	0	3	1
08B780	1	0	06	09D8	0	1	1
08B781	1	0	06	09D8	0	2	1
08B783	1	0	06	09D8	0	2	1
08B785	1	0	06	09D8	0	1	1
08B786	1	0	06	09D8	0	3	1
08B789	1	0	06	09D8	0	1	1
08B78A	1	0	06	09D8	0	3	1
08B78D	1	0	06	09D8	0	3	1
08B790	1	0	06	09D8	0	3	1
08B793	1	0	06	09D8	0	2	1
08B795	1	0	06	09D8	0	2	1
08B797	1	1	06	09D8	0	2	1
08B799	1	1	06	09D8	0	1	1
08B79A	1	1	06	09D8	0	3	1
08B79D	1	1	06	09D8	0	2	1
08B79F	1	1	06	09D8	0	2	1
08B7A1	1	1	06	09D8	0	2	1
08B7A3	1	1	06	09D8	0	3	1
08B7A6	1	1	06	09D8	0	2	1
08B7A8	1	1	06	09D8	0	2	1
08B7AA	1	1	06	09D8	0	2	1
08B7C4	1	1	06	09D8	0	4	1
08B7C8	1	0	06	09D8	0	2	1
08B7CA	1	0	06	09D8	0	3	1
08B7CD	1	0	06	09D8	0	2	1
08B7CF	1	0	06	09D8	0	1	1
08B7D0	1	0	06	09D8	0	3	1
08B7D3	1	0	06	09D8	0	3	1
08B7D6	1	0	06	09D8	0	2	1
08B7D8	1	0	06	09D8	0	2	1
08B7E4	1	0	06	09D8	0	2	1
08B7E6	1	0	06	09D8	0	2	1
08B7E8	1	0	06	09D8	0	2	1
08B7EA	1	0	06	09D8	0	3	1
08B7ED	1	0	06	09D8	0	3	1
08B7F0	1	0	06	09D8	0	2	1
08B7F2	1	0	06	09D8	0	2	1
08B7F4	1	0	06	09D8	0	2	1
08B7F6	1	0	06	09D8	0	3	1
08B7F9	1	0	06	09D8	0	3	1
08B7FC	1	0	06	09D8	0	2	1
08B7FE	1	0	06	09D8	0	2	1
08B800	1	0	06	09D8	0	2	1
08B80D	1	0	06	09D8	0	1	1
08B80E	1	0	06	09D8	0	3	1
08B811	1	0	06	09D8	0	3	1
08B814	1	0	06	09D8	0	2	1
08B816	1	0	06	09D8	0	1	1
08B817	1	0	06	09D8	0	3	1
08B81A	1	0	06	09D8	0	2	1
08B81C	1	0	06	09D8	0	2	1
08B81E	1	0	06	09D8	0	2	1
08B820	1	0	06	09D8	0	2	1
08B822	1	0	06	09D8	0	3	1
08B825	1	0	06	09D8	0	1	1
08B826	1	0	06	09D8	0	3	1
08B829	1	0	06	09D8	0	3	1
08B82C	1	0	06	09D8	0	3	1
08B82F	1	0	06	09D8	0	3	1
08B832	1	0	06	09D8	0	2	1
08B834	1	1	06	09D8	0	2	1
08B836	1	1	06	09D8	0	1	1
08B837	1	0	06	09D8	0	2	1
08B839	1	0	06	09D8	0	2	1
08B83B	1	0	06	09D8	0	2	1
08B83D	1	0	06	09D8	0	2	1
08B83F	1	0	06	09D8	0	2	1
08B841	1	0	06	09D8	0	2	1
08B856	1	0	06	09D8	0	2	1
08B858	1	0	06	09D8	0	2	1
08B85A	1	0	06	09D8	0	2	1
08B862	1	0	06	09D8	0	1	1
08B863	1	0	06	09D8	0	2	1
08B865	1	0	06	09D8	0	1	1
08B866	1	0	06	09D8	0	1	1
08B867	1	0	06	09D8	0	3	1
08B86A	1	0	06	09D8	0	3	1
08B86D	1	0	06	09D8	0	2	1
08B86F	1	0	06	09D8	0	2	1
08B871	1	0	06	09D8	0	2	1
08B873	1	0	06	09D8	0	2	1
08B875	1	0	06	09D8	0	2	1
08B877	1	0	06	09D8	0	2	1
08B879	1	0	06	09D8	0	3	1
08B87C	1	0	06	09D8	0	2	1
08B87E	1	0	06	09D8	0	3	1
08B881	1	0	06	09D8	0	2	1
08B883	1	0	06	09D8	0	2	1
08B885	1	0	06	09D8	0	3	1
08B926	1	0	06	09D8	0	3	1
08B929	1	0	06	09D8	0	3	1
08B92C	1	0	06	09D8	0	1	1
08B92D	1	0	06	09D8	0	2	1
08B92F	1	0	06	09D8	0	1	1
08B930	1	1	06	09D8	0	3	1
08B933	1	1	06	09D8	0	2	1
08B935	1	1	06	09D8	0	2	1
08B937	1	1	06	09D8	0	2	1
08B939	1	1	06	09D8	0	2	1
08B93B	1	1	06	09D8	0	2	1
08B93D	1	1	06	09D8	0	2	1
08B93F	1	1	06	09D8	0	2	1
08B941	1	1	06	09D8	0	3	1
08B944	1	1	06	09D8	0	2	1
08B946	1	1	06	09D8	0	2	1
08B948	1	1	06	09D8	0	1	1
08B949	1	1	06	09D8	0	3	1
08B94C	1	1	06	09D8	0	3	1
08B94F	1	1	06	09D8	0	3	1
08B952	1	1	06	09D8	0	2	1
08B954	1	1	06	09D8	0	3	1
08B957	1	1	06	09D8	0	2	1
08B959	1	1	06	09D8	0	2	1
08B95B	1	1	06	09D8	0	2	1
08B95D	1	1	06	09D8	0	2	1
08B95F	1	1	06	09D8	0	3	1
08B962	1	1	06	09D8	0	2	1
08B964	1	1	06	09D8	0	2	1
08B966	1	1	06	09D8	0	1	1
08B967	1	1	06	09D8	0	3	1
08B96A	1	1	06	09D8	0	2	1
08B96C	1	1	06	09D8	0	2	1
08B96E	1	1	06	09D8	0	2	1
08B970	1	1	06	09D8	0	2	1
08B972	1	1	06	09D8	0	1	1
08B973	1	1	06	09D8	0	2	1
08B975	1	1	06	09D8	0	2	1
08B977	1	1	06	09D8	0	2	1
08B979	1	1	06	09D8	0	2	1
08B97B	1	1	06	09D8	0	1	1
08B97C	1	1	06	09D8	0	2	1
08B97E	1	1	06	09D8	0	3	1
08B981	1	1	06	09D8	0	2	1
08B983	1	1	06	09D8	0	2	1
08B987	1	1	06	09D8	0	2	1
08B989	1	1	06	09D8	0	2	1
08B98B	1	1	06	09D8	0	3	1
08B98E	1	1	06	09D8	0	3	1
08B991	1	1	06	09D8	0	3	1
08B994	1	1	06	09D8	0	3	1
08B997	1	1	06	09D8	0	3	1
08B99A	1	1	06	09D8	0	3	1
08B99D	1	1	06	09D8	0	1	1
08B99E	1	1	06	09D8	0	2	1
08B9A0	1	1	06	09D8	0	2	1
08B9A2	1	1	06	09D8	0	2	1
08B9A4	1	1	06	09D8	0	2	1
08B9A6	1	1	06	09D8	0	2	1
08B9B0	1	1	06	09D8	0	1	1
08B9B4	1	1	06	09D8	0	2	1
08B9B6	1	1	06	09D8	0	2	1
08B9B8	1	1	06	09D8	0	2	1
08B9BA	1	1	06	09D8	0	2	1
08B9BC	1	1	06	09D8	0	2	1
08B9BE	1	1	06	09D8	0	1	1
08B9BF	1	1	06	09D8	0	2	1
08B9C1	1	1	06	09D8	0	2	1
08B9C3	1	1	06	09D8	0	2	1
08B9C5	1	1	06	09D8	0	3	1
08B9C8	1	1	06	09D8	0	2	1
08B9CA	1	1	06	09D8	0	2	1
08B9CC	1	1	06	09D8	0	2	1
08B9CE	1	1	06	09D8	0	2	1
08B9D0	1	1	06	09D8	0	2	1
08B9D2	1	1	06	09D8	0	2	1
08B9D4	1	1	06	09D8	0	2	1
08B9D6	1	1	06	09D8	0	2	1
08B9D8	1	1	06	09D8	0	2	1
08B9DA	1	1	06	09D8	0	3	1
08B9DD	1	1	06	09D8	0	3	1
08B9E0	1	1	06	09D8	0	3	1
08B9E3	1	1	06	09D8	0	2	1
08B9E5	1	1	06	09D8	0	3	1
08B9E8	1	1	06	09D8	0	2	1
08B9EA	0	1	06	09D8	0	2	1
08B9EC	0	1	06	09D8	0	2	1
08B9EE	0	1	06	09D8	0	3	1
08B9F1	0	1	06	09D8	0	1	1
08B9F2	0	1	06	09D8	0	2	1
08B9F4	0	1	06	09D8	0	3	1
08B9F7	0	1	06	09D8	0	2	1
08B9F9	0	1	06	09D8	0	3	1
08B9FC	0	1	06	09D8	0	2	1
08B9FE	0	1	06	09D8	0	2	1
08BA00	1	1	06	09D8	0	3	1
08BA03	0	1	06	09D8	0	3	1
08BA06	0	1	06	09D8	0	2	1
08BA08	0	1	06	09D8	0	3	1
08BA0B	0	1	06	09D8	0	2	1
08BA0D	0	1	06	09D8	0	2	1
08BA0F	1	1	06	09D8	0	2	1
08BA11	1	1	06	09D8	0	2	1
08BA13	1	1	06	09D8	0	1	1
08BA14	1	1	06	09D8	0	2	1
08BA16	1	1	06	09D8	0	3	1
08BA19	1	1	06	09D8	0	2	1
08BA1B	0	1	06	09D8	0	3	1
08BA1E	0	1	06	09D8	0	2	1
08BA20	0	1	06	09D8	0	2	1
08BA22	1	1	06	09D8	0	3	1
08BA25	1	1	06	09D8	0	2	1
08BA27	1	1	06	09D8	0	2	1
08BA29	1	1	06	09D8	0	3	1
08BA2C	1	1	06	09D8	0	2	1
08BA2E	1	1	06	09D8	0	2	1
08BA30	1	1	06	09D8	0	1	1
08BA31	1	1	06	09D8	0	2	1
08BA33	1	1	06	09D8	0	2	1
08BA35	1	1	06	09D8	0	2	1
08BA37	1	1	06	09D8	0	2	1
08BA39	1	1	06	09D8	0	2	1
08BA3B	1	1	06	09D8	0	3	1
08BA47	1	1	06	09D8	0	2	1
08BA49	1	1	06	09D8	0	2	1
08BA4B	1	1	06	09D8	0	2	1
08BA4D	1	1	06	09D8	0	1	1
08BA4E	1	1	06	09D8	0	2	1
08BA50	1	1	06	09D8	0	2	1
08BA52	1	1	06	09D8	0	2	1
08BA54	1	1	06	09D8	0	3	1
08BA57	1	1	06	09D8	0	2	1
08BA59	1	1	06	09D8	0	2	1
08BA5B	1	1	06	09D8	0	2	1
08BA5D	1	1	06	09D8	0	2	1
08BA5F	1	1	06	09D8	0	2	1
08BA61	1	1	06	09D8	0	3	1
08BA64	1	1	06	09D8	0	2	1
08BA66	1	1	06	09D8	0	2	1
08BA68	1	1	06	09D8	0	3	1
08BA72	1	1	06	09D8	0	2	1
08BA74	1	1	06	09D8	0	2	1
08BA76	1	1	06	09D8	0	3	1
08BA86	1	1	06	09D8	0	2	1
08BA88	1	1	06	09D8	0	2	1
08BA8A	1	1	06	09D8	0	3	1
08BA8D	1	1	06	09D8	0	1	1
08BA9D	1	1	06	09D8	0	2	1
08BA9F	1	1	06	09D8	0	2	1
08BAA1	1	1	06	09D8	0	3	1
08BAC0	1	1	06	09D8	0	2	1
08BAC2	1	1	06	09D8	0	2	1
08BAC4	1	1	06	09D8	0	2	1
08BAC6	1	1	06	09D8	0	2	1
08BAC8	1	1	06	09D8	0	3	1
08BACB	1	1	06	09D8	0	2	1
08BACD	1	1	06	09D8	0	2	1
08BACF	1	1	06	09D8	0	3	1
08BAE7	1	1	06	09D8	0	3	1
08BAEA	1	1	06	09D8	0	2	1
08BAEC	1	1	06	09D8	0	2	1
08BAEE	1	1	06	09D8	0	3	1
08BAF5	1	1	06	09D8	0	2	1
08BAF7	1	1	06	09D8	0	2	1
08BAF9	1	1	06	09D8	0	2	1
08BAFB	1	1	06	09D8	0	2	1
08BAFD	1	1	06	09D8	0	2	1
08BAFF	1	1	06	09D8	0	2	1
08BB01	1	1	06	09D8	0	2	1
08BB03	1	1	06	09D8	0	2	1
08BB05	1	1	06	09D8	0	1	1
08BB06	1	1	06	09D8	0	2	1
08BB08	1	1	06	09D8	0	2	1
08BB0A	1	1	06	09D8	0	2	1
08BB42	1	1	06	09D8	0	2	1
08BB44	1	1	06	09D8	0	2	1
08BB46	1	1	06	09D8	0	2	1
08BB48	1	1	06	09D8	0	1	1
08BB49	1	1	06	09D8	0	2	1
08BB4B	1	1	06	09D8	0	2	1
08BB4D	1	1	06	09D8	0	2	1
08BB4F	1	1	06	09D8	0	2	1
08BB51	1	1	06	09D8	0	2	1
08BB53	1	1	06	09D8	0	2	1
08BB55	1	1	06	09D8	0	2	1
08BB57	1	1	06	09D8	0	2	1
08BB59	1	1	06	09D8	0	2	1
08BB5B	1	1	06	09D8	0	1	1
08BB5C	1	1	06	09D8	0	4	1
08BB60	1	1	06	09D8	0	2	1
08BB62	1	1	06	09D8	0	2	1
08BB64	1	1	06	09D8	0	1	1
08BB65	1	1	06	09D8	0	3	1
08BB68	1	1	06	09D8	0	2	1
08BB6A	1	1	06	09D8	0	2	1
08BB76	1	1	06	09D8	0	2	1
08BB78	1	1	06	09D8	0	1	1
08BB8C	1	1	06	09D8	0	1	1
08BB8D	1	1	06	09D8	0	3	1
08BB90	1	1	06	09D8	0	2	1
08BB92	1	1	06	09D8	0	2	1
08BB94	1	1	06	09D8	0	2	1
08BB96	1	1	06	09D8	0	2	1
08BB98	1	1	06	09D8	0	2	1
08BB9A	1	1	06	09D8	0	2	1
08BB9C	1	1	06	09D8	0	2	1
08BB9E	1	1	06	09D8	0	2	1
08BBA0	1	1	06	09D8	0	2	1
08BBA2	1	1	06	09D8	0	2	1
08BBA4	1	1	06	09D8	0	2	1
08BBA6	1	1	06	09D8	0	2	1
08BBA8	1	1	06	09D8	0	2	1
08BBAA	1	1	06	09D8	0	2	1
08BBAC	1	1	06	09D8	0	2	1
08BBAE	1	1	06	09D8	0	4	1
08BBB2	1	1	06	09D8	0	2	1
08BBB4	1	1	06	09D8	0	2	1
08BBB6	1	1	06	09D8	0	2	1
08BBB8	1	1	06	09D8	0	3	1
08BBBB	1	1	06	09D8	0	2	1
08BBBD	1	1	06	09D8	0	2	1
08BBBF	1	1	06	09D8	0	2	1
08BBC1	1	1	06	09D8	0	3	1
08BBC4	1	1	06	09D8	0	3	1
08BBC7	1	1	06	09D8	0	2	1
08BBD0	1	1	06	09D8	0	1	1
08BBD1	1	1	06	09D8	0	3	1
08BBD4	1	1	06	09D8	0	3	1
08BBD7	1	1	06	09D8	0	2	1
08BBD9	1	1	06	09D8	0	2	1
08BBDB	1	1	06	09D8	0	3	1
08BBDE	1	1	06	09D8	0	2	1
08BBE0	1	1	06	09D8	0	2	1
08BBE2	1	1	06	09D8	0	2	1
08BBE4	1	1	06	09D8	0	2	1
08BBE6	1	1	06	09D8	0	2	1
08BBE8	1	1	06	09D8	0	2	1
08BBEA	1	1	06	09D8	0	3	1
08BBED	1	1	06	09D8	0	2	1
08BBEF	1	1	06	09D8	0	2	1
08BBF1	1	1	06	09D8	0	2	1
08BBFD	1	1	06	09D8	0	2	1
08BBFF	1	1	06	09D8	0	2	1
08BC01	1	1	06	09D8	0	2	1
08BC03	1	1	06	09D8	0	1	1
08BC04	1	1	06	09D8	0	2	1
08BC06	1	1	06	09D8	0	2	1
08BC08	1	1	06	09D8	0	2	1
08BC0A	1	1	06	09D8	0	3	1
08BC19	1	1	06	09D8	0	2	1
08BC1B	1	1	06	09D8	0	2	1
08BC1D	1	1	06	09D8	0	2	1
08BC1F	1	1	06	09D8	0	2	1
08BC21	1	1	06	09D8	0	2	1
08BC23	1	1	06	09D8	0	2	1
08BC25	1	1	06	09D8	0	1	1
08BC26	1	1	06	09D8	0	2	1
08BC28	1	1	06	09D8	0	2	1
08BC2A	1	1	06	09D8	0	2	1
08BC2C	1	1	06	09D8	0	2	1
08BC2E	1	1	06	09D8	0	1	1
08BC2F	1	1	06	09D8	0	2	1
08BC31	1	1	06	09D8	0	2	1
08BC33	1	1	06	09D8	0	2	1
08BC35	1	1	06	09D8	0	2	1
08BC37	1	1	06	09D8	0	2	1
08BC39	1	1	06	09D8	0	2	1
08BC3B	1	1	06	09D8	0	2	1
08BC3D	1	1	06	09D8	0	2	1
08BC3F	1	1	06	09D8	0	2	1
08BC41	1	1	06	09D8	0	2	1
08BC43	1	1	06	09D8	0	2	1
08BC45	1	1	06	09D8	0	2	1
08BC47	1	1	06	09D8	0	2	1
08BC49	1	1	06	09D8	0	1	1
08BC4A	1	1	06	09D8	0	2	1
08BC4C	1	1	06	09D8	0	2	1
08BC4E	1	1	06	09D8	0	4	1
08BC52	1	1	06	09D8	0	2	1
08BC54	1	1	06	09D8	0	2	1
08BC56	1	1	06	09D8	0	3	1
08BC5A	1	1	06	09D8	0	2	1
08BC5C	1	1	06	09D8	0	2	1
08BC5E	1	1	06	09D8	0	2	1
08BC60	1	1	06	09D8	0	3	1
08BC63	1	1	06	09D8	0	2	1
08BC65	1	1	06	09D8	0	2	1
08BC67	1	1	06	09D8	0	2	1
08BC69	1	1	06	09D8	0	2	1
08BC6B	1	1	06	09D8	0	3	1
08BC6E	1	1	06	09D8	0	2	1
08BC70	1	1	06	09D8	0	2	1
08BC72	1	1	06	09D8	0	2	1
08BC74	1	1	06	09D8	0	2	1
08BC76	1	1	06	09D8	0	2	1
08BC78	1	1	06	09D8	0	1	1
08BC79	1	1	06	09D8	0	2	1
08BC7B	1	1	06	09D8	0	2	1
08BC7D	1	1	06	09D8	0	2	1
08BC7F	1	1	06	09D8	0	2	1
08BC81	1	1	06	09D8	0	2	1
08BC83	1	1	06	09D8	0	2	1
08BC85	1	1	06	09D8	0	2	1
08BC87	1	1	06	09D8	0	2	1
08BC89	1	1	06	09D8	0	2	1
08BC8B	1	1	06	09D8	0	1	1
08BC8C	1	1	06	09D8	0	2	1
08BC8E	1	1	06	09D8	0	2	1
08BC90	1	1	06	09D8	0	2	1
08BC92	1	1	06	09D8	0	3	1
08BC95	1	1	06	09D8	0	2	1
08BC97	1	1	06	09D8	0	2	1
08BC99	1	1	06	09D8	0	2	1
08BC9B	1	1	06	09D8	0	2	1
08BC9D	1	1	06	09D8	0	3	1
08BCA0	1	1	06	09D8	0	2	1
08BCA2	1	1	06	09D8	0	2	1
08BCA4	1	1	06	09D8	0	2	1
08BCA6	1	1	06	09D8	0	2	1
08BCA8	1	1	06	09D8	0	2	1
08BCAA	1	1	06	09D8	0	1	1
08BCAB	1	1	06	09D8	0	2	1
08BCAD	1	1	06	09D8	0	2	1
08BCAF	1	1	06	09D8	0	2	1
08BCB1	1	1	06	09D8	0	2	1
08BCB3	1	1	06	09D8	0	3	1
08BCB6	1	1	06	09D8	0	2	1
08BCB8	1	1	06	09D8	0	2	1
08BCCE	1	1	06	09D8	0	1	1
08BD44	1	1	06	09D8	0	2	1
08BD46	1	1	06	09D8	0	2	1
08BD48	1	1	06	09D8	0	2	1
08BD4A	1	1	06	09D8	0	4	1
08BD4E	1	1	06	09D8	0	3	1
08BD79	1	1	06	09D8	0	2	1
08BD7B	1	1	06	09D8	0	2	1
08BD7D	1	1	06	09D8	0	2	1
08BD7F	1	1	06	09D8	0	2	1
08BD81	1	1	06	09D8	0	2	1
08BD83	1	1	06	09D8	0	2	1
08BD85	1	1	06	09D8	0	2	1
08BD87	1	1	06	09D8	0	2	1
08BD89	1	1	06	09D8	0	2	1
08BD8B	1	1	06	09D8	0	2	1
08BD8D	1	1	06	09D8	0	2	1
08BD8F	1	1	06	09D8	0	2	1
08BD91	1	1	06	09D8	0	2	1
08BD93	1	1	06	09D8	0	2	1
08BD95	1	1	06	09D8	0	2	1
08BD97	1	1	06	09D8	0	2	1
08BD99	1	1	06	09D8	0	1	1
08BDDF	1	1	06	09D8	0	3	1
08BDE2	1	1	06	09D8	0	2	1
08BDE4	1	1	06	09D8	0	2	1
08BE17	1	1	06	09D8	0	1	1
08BE18	1	1	06	09D8	0	2	1
08BE1A	1	1	06	09D8	0	2	1
08BE1C	1	1	06	09D8	0	2	1
08BE1E	1	1	06	09D8	0	2	1
08BE20	1	1	06	09D8	0	2	1
08BE22	1	1	06	09D8	0	2	1
08BE24	1	1	06	09D8	0	2	1
08BE26	1	1	06	09D8	0	2	1
08BE28	0	0	06	09D8	0	3	1
08BE2B	0	0	06	09D8	0	2	1
08BE2D	0	0	06	09D8	0	3	1
08BE30	0	0	06	09D8	0	4	1
08BE34	0	0	06	09D8	0	3	1
08BE37	0	0	06	09D8	0	3	1
08BE3A	0	0	06	09D8	0	2	1
08BE3C	0	0	06	09D8	0	2	1
08BE3E	0	0	06	09D8	0	3	1
08BE41	0	0	06	09D8	0	1	1
08BE42	0	0	06	09D8	0	3	1
08BE45	0	0	06	09D8	0	1	1
08BE46	0	0	06	09D8	0	4	1
08BE4A	0	0	06	09D8	0	3	1
08BE4D	0	0	06	09D8	0	3	1
08BE50	0	0	06	09D8	0	2	1
08BE52	1	1	06	09D8	0	2	1
08BE54	1	1	06	09D8	0	2	1
08BE56	1	1	06	09D8	0	2	1
08BE58	1	1	06	09D8	0	2	1
08BE5A	1	1	06	09D8	0	2	1
08BE5C	1	1	06	09D8	0	2	1
08BE73	1	1	06	09D8	0	1	1
08BE74	1	1	06	09D8	0	2	1
08BE76	1	1	06	09D8	0	3	1
08BE79	1	1	06	09D8	0	1	1
08BE7A	1	1	06	09D8	0	1	1
08BE7B	1	1	06	09D8	0	3	1
08BE7E	1	1	06	09D8	0	1	1
08BE7F	1	1	06	09D8	0	2	1
08BE81	0	1	06	09D8	0	3	1
08BE84	0	1	06	09D8	0	2	1
08BE86	0	1	06	09D8	0	2	1
08BE88	0	1	06	09D8	0	3	1
08BE8B	0	1	06	09D8	0	1	1
08BE8C	0	1	06	09D8	0	2	1
08BE8E	0	1	06	09D8	0	3	1
08BE91	0	1	06	09D8	0	2	1
08BE93	0	1	06	09D8	0	2	1
08BE95	1	1	06	09D8	0	3	1
08BE98	1	1	06	09D8	0	2	1
08BE9A	1	1	06	09D8	0	1	1
08BE9B	1	1	06	09D8	0	4	1
08BE9F	1	1	06	09D8	0	1	1
08BEA0	1	1	06	09D8	0	1	1
08BEA1	1	1	06	09D8	0	2	1
08BEA3	0	1	06	09D8	0	3	1
08BEA6	0	1	06	09D8	0	2	1
08BEA8	0	1	06	09D8	0	2	1
08BEAA	0	1	06	09D8	0	3	1
08BEAD	0	1	06	09D8	0	1	1
08BEAE	0	1	06	09D8	0	2	1
08BEB0	0	1	06	09D8	0	2	1
08BEB2	1	1	06	09D8	0	1	1
08BEB3	0	1	06	09D8	0	1	1
08BEB4	0	1	06	09D8	0	2	1
08BEB6	1	1	06	09D8	0	3	1
08BEB9	1	1	06	09D8	0	2	1
08BEBB	1	1	06	09D8	0	2	1
08BEBD	0	1	06	09D8	0	2	1
08BEBF	0	1	06	09D8	0	2	1
08BEC1	0	1	06	09D8	0	2	1
08BEC3	0	1	06	09D8	0	3	1
08BEC6	0	1	06	09D8	0	1	1
08BEC7	0	1	06	09D8	0	2	1
08BEC9	1	1	06	09D8	0	1	1
08BECA	0	1	06	09D8	0	1	1
08BECB	1	1	06	09D8	0	1	1
08BECC	1	1	06	09D8	0	2	1
08BECE	1	1	06	09D8	0	2	1
08BED3	1	1	06	09D8	0	3	1
08BED6	1	1	06	09D8	0	2	1
08BED8	1	1	06	09D8	0	2	1
08BEDA	1	1	06	09D8	0	2	1
08BEDC	1	1	06	09D8	0	2	1
08BEDE	1	1	06	09D8	0	2	1
08BEE0	1	1	06	09D8	0	2	1
08BEE2	1	1	06	09D8	0	1	1
08BEE3	1	1	06	09D8	0	2	1
08BEE5	1	1	06	09D8	0	3	1
08BEE8	1	1	06	09D8	0	2	1
08BEEA	1	1	06	09D8	0	2	1
08BEEC	1	1	06	09D8	0	2	1
08BEEE	1	1	06	09D8	0	2	1
08BEF0	1	1	06	09D8	0	2	1
08BEF2	1	1	06	09D8	0	2	1
08BEF4	1	1	06	09D8	0	2	1
08BEF6	1	1	06	09D8	0	2	1
08BEF8	1	1	06	09D8	0	2	1
08BEFA	1	1	06	09D8	0	2	1
08BF09	1	1	06	09D8	0	2	1
08BF0B	1	1	06	09D8	0	2	1
08BF0D	1	1	06	09D8	0	2	1
08BF17	1	1	06	09D8	0	2	1
08BF19	1	1	06	09D8	0	2	1
08BF1B	1	1	06	09D8	0	2	1
08BF41	1	1	06	09D8	0	2	1
08BF43	1	1	06	09D8	0	2	1
08BFAC	1	1	06	09D8	0	1	1
08BFAD	1	1	06	09D8	0	3	1
08BFB0	1	1	06	09D8	0	1	1
08BFB1	1	1	06	09D8	0	1	1
08BFB2	1	1	06	09D8	0	2	1
08BFB4	1	1	06	09D8	0	2	1
08BFB6	1	1	06	09D8	0	2	1
08BFB8	1	1	06	09D8	0	2	1
08BFBA	1	1	06	09D8	0	1	1
08BFBB	1	1	06	09D8	0	2	1
08BFBD	1	1	06	09D8	0	2	1
08BFCF	1	1	06	09D8	0	1	1
08BFD0	1	1	06	09D8	0	2	1
08BFD2	1	1	06	09D8	0	4	1
08BFD6	1	1	06	09D8	0	4	1
08BFDA	1	0	06	09D8	0	2	1
08BFDC	1	0	06	09D8	0	3	1
08BFDF	1	0	06	09D8	0	2	1
08BFE1	1	0	06	09D8	0	3	1
08BFE4	1	0	06	09D8	0	2	1
08BFE6	1	0	06	09D8	0	3	1
08BFE9	1	0	06	09D8	0	2	1
08BFEB	1	0	06	09D8	0	2	1
08BFED	1	0	06	09D8	0	3	1
08BFF0	1	0	06	09D8	0	2	1
08BFF2	1	0	06	09D8	0	4	1
08BFF6	1	0	06	09D8	0	2	1
08BFF8	1	0	06	09D8	0	4	1
08BFFC	1	0	06	09D8	0	2	1
08BFFE	0	0	06	09D8	0	2	1
08C000	0	0	06	09D8	0	3	1
08C003	0	0	06	09D8	0	2	1
08C005	0	0	06	09D8	0	3	1
08C008	0	0	06	09D8	0	2	1
08C00A	1	1	06	09D8	0	1	1
08C00B	1	1	06	09D8	0	2	1
08C00D	0	1	06	09D8	0	2	1
08C00F	0	1	06	09D8	0	3	1
08C012	1	1	06	09D8	0	2	1
08C01A	1	1	06	09D8	0	2	1
08C01C	1	1	06	09D8	0	1	1
08C01D	0	1	06	09D8	0	2	1
08C01F	0	1	06	09D8	0	3	1
08C022	0	1	06	09D8	0	2	1
08C026	0	1	06	09D8	0	2	1
08C028	1	1	06	09D8	0	1	1
08C029	1	1	06	09D8	0	2	1
08C02B	0	1	06	09D8	0	3	1
08C02E	0	1	06	09D8	0	2	1
08C04E	0	1	06	09D8	0	2	1
08C050	1	1	06	09D8	0	1	1
08C051	1	1	06	09D8	0	2	1
08C053	1	1	06	09D8	0	2	1
08C055	1	1	06	09D8	0	2	1
08C057	1	1	06	09D8	0	2	1
08C059	1	1	06	09D8	0	3	1
08C05C	1	1	06	09D8	0	2	1
08C05E	1	1	06	09D8	0	2	1
08C0AF	1	1	06	09D8	0	2	1
08C0B1	1	1	06	09D8	0	1	1
08C0DF	1	1	06	09D8	0	2	1
08C0E1	1	0	06	09D8	0	2	1
08C0E3	1	0	06	09D8	0	2	1
08C12A	1	0	06	09D8	0	2	1
08C12C	1	1	06	09D8	0	1	1
08C12D	1	1	06	09D8	0	2	1
08C12F	1	1	06	09D8	0	2	1
08C16E	1	1	06	09D8	0	2	1
08C170	1	1	06	09D8	0	1	1
08C171	1	1	06	09D8	0	2	1
08C173	1	1	06	09D8	0	2	1
08C175	1	1	06	09D8	0	2	1
08C177	1	1	06	09D8	0	2	1
08C179	1	1	06	09D8	0	2	1
08C17B	1	1	06	09D8	0	3	1
08C17E	1	1	06	09D8	0	2	1
08C180	1	1	06	09D8	0	2	1
08C182	1	1	06	09D8	0	3	1
08C185	1	1	06	09D8	0	2	1
08C189	1	1	06	09D8	0	4	1
08C18D	1	0	06	09D8	0	2	1
08C18F	1	0	06	09D8	0	3	1
08C192	1	0	06	09D8	0	2	1
08C194	1	0	06	09D8	0	3	1
08C197	1	0	06	09D8	0	2	1
08C199	1	0	06	09D8	0	3	1
08C19C	1	0	06	09D8	0	2	1
08C19E	1	0	06	09D8	0	2	1
08C1A0	1	0	06	09D8	0	2	1
08C1A2	1	0	06	09D8	0	3	1
08C1A5	1	0	06	09D8	0	2	1
08C1A7	0	0	06	09D8	0	2	1
08C1A9	0	0	06	09D8	0	3	1
08C1AC	0	0	06	09D8	0	3	1
08C1AF	0	0	06	09D8	0	4	1
08C1B3	0	0	06	09D8	0	3	1
08C1B6	0	0	06	09D8	0	3	1
08C1B9	0	0	06	09D8	0	3	1
08C1BC	0	0	06	09D8	0	2	1
08C1BE	0	0	06	09D8	0	2	1
08C1C0	0	0	06	09D8	0	3	1
08C1C3	0	0	06	09D8	0	1	1
08C1C4	0	0	06	09D8	0	3	1
08C1C7	0	0	06	09D8	0	1	1
08C1C8	0	0	06	09D8	0	2	1
08C1CA	0	0	06	09D8	0	3	1
08C1CD	1	1	06	09D8	0	2	1
08C1CF	1	1	06	09D8	0	1	1
08C1D0	1	1	06	09D8	0	2	1
08C1D2	1	1	06	09D8	0	2	1
08C1D4	1	1	06	09D8	0	2	1
08C1D6	1	1	06	09D8	0	2	1
08C1D8	1	1	06	09D8	0	2	1
08C1DA	1	1	06	09D8	0	2	1
08C1DC	1	1	06	09D8	0	3	1
08C1DF	1	1	06	09D8	0	2	1
08C1E1	1	1	06	09D8	0	2	1
08C1E3	1	1	06	09D8	0	3	1
08C1E6	1	1	06	09D8	0	2	1
08C1EA	1	1	06	09D8	0	3	1
08C1ED	1	1	06	09D8	0	2	1
08C1EF	1	1	06	09D8	0	4	1
08C1F3	1	0	06	09D8	0	2	1
08C1F5	1	0	06	09D8	0	2	1
08C1F7	1	0	06	09D8	0	3	1
08C1FA	1	0	06	09D8	0	2	1
08C1FC	1	0	06	09D8	0	3	1
08C1FF	1	0	06	09D8	0	3	1
08C202	1	0	06	09D8	0	2	1
08C204	1	0	06	09D8	0	3	1
08C207	1	0	06	09D8	0	2	1
08C209	0	0	06	09D8	0	2	1
08C20B	0	0	06	09D8	0	3	1
08C20E	0	0	06	09D8	0	3	1
08C211	0	0	06	09D8	0	2	1
08C213	0	0	06	09D8	0	3	1
08C216	1	1	06	09D8	0	2	1
08C218	1	1	06	09D8	0	1	1
08C219	1	1	06	09D8	0	2	1
08C21B	1	1	06	09D8	0	2	1
08C21D	1	1	06	09D8	0	2	1
08C21F	1	1	06	09D8	0	4	1
08C223	1	1	06	09D8	0	2	1
08C225	1	1	06	09D8	0	2	1
08C227	1	1	06	09D8	0	2	1
08C229	1	1	06	09D8	0	2	1
08C22B	1	1	06	09D8	0	4	1
08C22F	1	1	06	09D8	0	2	1
08C231	1	1	06	09D8	0	1	1
08C232	1	1	06	09D8	0	3	1
08C235	1	1	06	09D8	0	4	1
08C239	1	0	06	09D8	0	2	1
08C23B	1	0	06	09D8	0	3	1
08C23E	1	0	06	09D8	0	2	1
08C240	1	0	06	09D8	0	3	1
08C243	1	0	06	09D8	0	2	1
08C245	1	0	06	09D8	0	2	1
08C247	1	0	06	09D8	0	3	1
08C24A	1	0	06	09D8	0	3	1
08C24D	1	0	06	09D8	0	3	1
08C250	1	0	06	09D8	0	2	1
08C252	1	1	06	09D8	0	1	1
08C253	1	1	06	09D8	0	2	1
08C255	0	0	06	09D8	0	3	1
08C258	0	0	06	09D8	0	3	1
08C25B	0	0	06	09D8	0	3	1
08C25E	0	0	06	09D8	0	3	1
08C261	0	0	06	09D8	0	3	1
08C264	0	0	06	09D8	0	3	1
08C267	0	0	06	09D8	0	2	1
08C269	0	0	06	09D8	0	1	1
08C26A	0	0	06	09D8	0	3	1
08C26D	0	0	06	09D8	0	3	1
08C270	0	0	06	09D8	0	3	1
08C273	0	0	06	09D8	0	3	1
08C276	0	0	06	09D8	0	2	1
08C278	0	0	06	09D8	0	1	1
08C279	0	0	06	09D8	0	3	1
08C27C	0	0	06	09D8	0	3	1
08C27F	0	0	06	09D8	0	3	1
08C282	0	0	06	09D8	0	3	1
08C285	0	0	06	09D8	0	3	1
08C288	0	0	06	09D8	0	2	1
08C28A	0	0	06	09D8	0	1	1
08C28B	0	0	06	09D8	0	3	1
08C28E	0	0	06	09D8	0	3	1
08C291	0	0	06	09D8	0	3	1
08C294	0	0	06	09D8	0	3	1
08C297	0	0	06	09D8	0	1	1
08C298	0	0	06	09D8	0	1	1
08C299	0	0	06	09D8	0	2	1
08C29B	0	0	06	09D8	0	2	1
08C29D	1	1	06	09D8	0	3	1
08C2A0	1	1	06	09D8	0	1	1
08C2A6	1	1	06	09D8	0	2	1
08C2A8	1	1	06	09D8	0	2	1
08C2AA	1	0	06	09D8	0	2	1
08C2AC	1	0	06	09D8	0	3	1
08C2AF	1	0	06	09D8	0	2	1
08C2B1	1	0	06	09D8	0	2	1
08C2B3	1	0	06	09D8	0	2	1
08C2B5	1	0	06	09D8	0	2	1
08C2B7	1	0	06	09D8	0	1	1
08C2B8	1	0	06	09D8	0	1	1
08C2B9	1	0	06	09D8	0	3	1
08C2BC	1	0	06	09D8	0	2	1
08C2BE	1	0	06	09D8	0	3	1
08C2C1	1	0	06	09D8	0	1	1
08C2C2	1	0	06	09D8	0	3	1
08C2C5	1	0	06	09D8	0	1	1
08C2C6	1	0	06	09D8	0	3	1
08C2C9	1	0	06	09D8	0	2	1
08C2CB	1	0	06	09D8	0	3	1
08C2CE	1	0	06	09D8	0	2	1
08C2D0	1	0	06	09D8	0	2	1
08C2D2	1	1	06	09D8	0	1	1
08C2D3	0	1	06	09D8	0	2	1
08C2D5	0	1	06	09D8	0	3	1
08C2D8	0	1	06	09D8	0	2	1
08C2DA	0	1	06	09D8	0	2	1
08C2DF	0	1	06	09D8	0	2	1
08C2E1	0	1	06	09D8	0	2	1
08C2E3	0	1	06	09D8	0	2	1
08C2E5	1	1	06	09D8	0	2	1
08C2E7	1	1	06	09D8	0	3	1
08C2EA	1	1	06	09D8	0	2	1
08C2EC	1	1	06	09D8	0	1	1
08C2ED	1	1	06	09D8	0	2	1
08C2EF	1	1	06	09D8	0	2	1
08C2FC	1	1	06	09D8	0	2	1
08C2FE	1	1	06	09D8	0	2	1
08C300	1	1	06	09D8	0	2	1
08C302	1	1	06	09D8	0	2	1
08C304	1	1	06	09D8	0	2	1
08C306	1	1	06	09D8	0	2	1
08C308	1	1	06	09D8	0	2	1
08C30A	1	1	06	09D8	0	2	1
08C30C	1	1	06	09D8	0	1	1
08C314	1	1	06	1098	0	1	1
08C315	1	1	06	1098	0	2	1
08C317	0	1	06	1098	0	3	1
08C31A	0	1	06	1098	0	1	1
08C31B	0	1	06	09D8	0	2	1
08C31D	1	1	06	09D8	0	2	1
08C31F	1	1	06	09D8	0	2	1
08C321	1	1	06	09D8	0	4	1
08C325	1	1	06	09D8	0	1	1
08C326	1	1	06	1098	0	1	1
08C327	1	1	06	09D8	0	2	1
08C329	1	1	06	09D8	0	2	1
08C32B	1	1	06	09D8	0	2	1
08C32D	1	1	06	09D8	0	4	1
08C331	1	1	06	09D8	0	1	1
08C332	1	1	06	09D8	0	2	1
08C334	1	1	06	09D8	0	1	1
08C335	1	1	06	09D8	0	2	1
08C337	1	0	06	09D8	0	2	1
08C339	1	0	06	09D8	0	3	1
08C33C	1	0	06	09D8	0	1	1
08C33D	1	0	06	09D8	0	3	1
08C340	1	0	06	09D8	0	2	1
08C346	1	0	06	09D8	0	3	1
08C349	1	0	06	09D8	0	3	1
08C34C	1	0	06	09D8	0	3	1
08C34F	1	0	06	09D8	0	2	1
08C363	1	0	06	09D8	0	2	1
08C365	0	0	06	09D8	0	1	1
08C366	0	0	06	09D8	0	3	1
08C369	0	0	06	09D8	0	1	1
08C36A	0	0	06	09D8	0	2	1
08C36C	1	0	06	09D8	0	1	1
08C36D	1	0	06	09D8	0	3	1
08C370	1	0	06	09D8	0	2	1
08C372	1	0	06	09D8	0	2	1
08C374	1	1	06	09D8	0	1	1
08C375	1	1	06	09D8	0	4	1
08C379	1	0	06	09D8	0	2	1
08C37B	1	0	06	09D8	0	3	1
08C37E	1	0	06	09D8	0	2	1
08C380	1	0	06	09D8	0	3	1
08C383	1	0	06	09D8	0	2	1
08C385	1	0	06	09D8	0	3	1
08C388	1	0	06	09D8	0	2	1
08C38A	1	0	06	09D8	0	2	1
08C38C	1	0	06	09D8	0	2	1
08C38E	1	0	06	09D8	0	3	1
08C391	1	0	06	09D8	0	2	1
08C393	0	0	06	09D8	0	3	1
08C396	0	0	06	09D8	0	2	1
08C398	0	0	06	09D8	0	2	1
08C39A	0	0	06	09D8	0	3	1
08C39D	0	0	06	09D8	0	2	1
08C39F	0	0	06	09D8	0	3	1
08C3A2	0	0	06	09D8	0	2	1
08C3A4	0	0	06	09D8	0	3	1
08C3A7	0	0	06	09D8	0	1	1
08C3A8	0	0	06	09D8	0	3	1
08C3AB	0	0	06	09D8	0	3	1
08C3AE	0	0	06	09D8	0	3	1
08C3B1	0	0	06	09D8	0	2	1
08C3B6	0	0	06	09D8	0	1	1
08C3B7	0	0	06	09D8	0	2	1
08C3B9	0	0	06	09D8	0	3	1
08C3BC	0	0	06	09D8	0	2	1
08C3BE	1	1	06	09D8	0	1	1
08C3BF	1	1	06	09D8	0	2	1
08C3C1	0	1	06	09D8	0	3	1
08C3C4	0	1	06	09D8	0	2	1
08C3C6	0	1	06	09D8	0	2	1
08C3C8	1	1	06	09D8	0	1	1
08C3C9	1	1	06	09D8	0	4	1
08C3CD	1	0	06	09D8	0	2	1
08C3CF	1	0	06	09D8	0	3	1
08C3D2	1	0	06	09D8	0	2	1
08C3D4	1	0	06	09D8	0	3	1
08C3D7	1	0	06	09D8	0	1	1
08C3D8	1	0	06	09D8	0	3	1
08C3DB	1	0	06	09D8	0	2	1
08C3DD	1	0	06	09D8	0	3	1
08C3E0	1	0	06	09D8	0	2	1
08C3E2	0	0	06	09D8	0	2	1
08C3E4	0	0	06	09D8	0	3	1
08C3E7	0	0	06	09D8	0	2	1
08C3E9	0	0	06	09D8	0	3	1
08C3EC	0	0	06	09D8	0	2	1
08C3EE	1	1	06	09D8	0	1	1
08C3EF	1	1	06	09D8	0	4	1
08C3F3	1	0	06	09D8	0	2	1
08C3F5	1	0	06	09D8	0	3	1
08C3F8	1	0	06	09D8	0	2	1
08C3FA	1	0	06	09D8	0	3	1
08C3FD	1	0	06	09D8	0	2	1
08C3FF	1	1	06	09D8	0	1	1
08C400	1	1	06	09D8	0	2	1
08C402	0	0	06	09D8	0	2	1
08C404	0	0	06	09D8	0	3	1
08C407	0	0	06	09D8	0	3	1
08C40A	0	0	06	09D8	0	1	1
08C40B	0	0	06	09D8	0	4	1
08C40F	0	0	06	09D8	0	2	1
08C411	1	1	06	09D8	0	3	1
08C414	1	1	06	09D8	0	3	1
08C417	1	1	06	09D8	0	1	1
08C418	1	1	06	09D8	0	2	1
08C41A	1	1	06	09D8	0	2	1
08C41C	1	1	06	09D8	0	3	1
08C41F	1	1	06	09D8	0	2	1
08C421	1	1	06	09D8	0	2	1
08C423	1	1	06	09D8	0	2	1
08C425	1	1	06	09D8	0	2	1
08C427	1	1	06	09D8	0	3	1
08C42A	1	1	06	09D8	0	2	1
08C42C	1	1	06	09D8	0	2	1
08C42E	1	1	06	09D8	0	2	1
08C430	1	1	06	09D8	0	2	1
08C432	1	1	06	09D8	0	3	1
08C435	1	1	06	09D8	0	2	1
08C437	1	1	06	09D8	0	1	1
08C438	1	1	06	09D8	0	2	1
08C43A	1	1	06	09D8	0	2	1
08C43C	1	1	06	09D8	0	1	1
08C43D	1	1	06	09D8	0	1	1
08C43E	1	1	06	09D8	0	2	1
08C440	1	1	06	09D8	0	2	1
08C442	1	1	06	09D8	0	2	1
08C451	1	1	06	09D8	0	1	1
08C452	1	1	06	09D8	0	2	1
08C454	1	1	06	09D8	0	2	1
08C456	1	1	06	09D8	0	2	1
08C474	1	1	06	09D8	0	1	1
08C475	1	1	06	09D8	0	2	1
08C477	1	1	06	09D8	0	2	1
08C479	1	1	06	09D8	0	2	1
08C4DF	1	1	06	09D8	0	1	1
08C4E9	1	0	06	09D8	0	1	1
08C4EA	1	0	06	09D8	0	2	1
08C4EC	1	1	06	09D8	0	2	1
08C4EE	1	1	06	09D8	0	2	1
08C4F0	1	1	06	09D8	0	2	1
08C4F2	1	1	06	09D8	0	2	1
08C4F4	1	1	06	09D8	0	2	1
08C4F6	1	1	06	09D8	0	2	1
08C4F8	1	1	06	09D8	0	2	1
08C4FA	1	1	06	09D8	0	2	1
08C4FC	1	1	06	09D8	0	2	1
08C4FE	1	1	06	09D8	0	2	1
08C500	1	1	06	09D8	0	2	1
08C502	1	1	06	09D8	0	2	1
08C504	1	1	06	09D8	0	2	1
08C506	1	1	06	09D8	0	2	1
08C508	1	1	06	09D8	0	2	1
08C50A	1	1	06	09D8	0	2	1
08C50C	1	1	06	09D8	0	2	1
08C50F	1	1	06	09D8	0	1	1
08C510	1	1	06	09D8	0	2	1
08C512	1	1	06	09D8	0	1	1
08C513	1	1	06	09D8	0	3	1
08C516	1	1	06	09D8	0	2	1
08C518	1	1	06	09D8	0	4	1
08C51C	1	1	06	09D8	0	2	1
08C51E	1	0	06	09D8	0	1	1
08C51F	1	0	06	09D8	0	1	1
08C520	1	1	06	09D8	0	2	1
08C522	1	1	06	09D8	0	2	1
08C524	1	1	06	09D8	0	2	1
08C52D	1	1	06	09D8	0	1	1
08C52E	1	1	06	09D8	0	2	1
08C530	1	1	06	09D8	0	3	1
08C53B	1	1	06	09D8	0	2	1
08C53D	1	1	06	09D8	0	2	1
08C53F	1	1	06	09D8	0	2	1
08C541	1	1	06	09D8	0	2	1
08C543	1	1	06	09D8	0	3	1
08C546	1	1	06	09D8	0	2	1
08C548	1	1	06	09D8	0	2	1
08C54A	1	1	06	09D8	0	3	1
08C54D	1	1	06	09D8	0	2	1
08C54F	1	1	06	09D8	0	2	1
08C551	1	1	06	09D8	0	2	1
08C553	1	1	06	09D8	0	2	1
08C555	1	1	06	09D8	0	2	1
08C557	1	1	06	09D8	0	1	1
08C558	1	1	06	09D8	0	2	1
08C55A	1	1	06	09D8	0	2	1
08C55C	1	1	06	09D8	0	2	1
08C55E	1	1	06	09D8	0	2	1
08C560	1	1	06	09D8	0	2	1
08C562	1	1	06	09D8	0	2	1
08C564	1	1	06	09D8	0	2	1
08C56E	1	1	06	09D8	0	1	1
08C610	1	1	06	09D8	0	4	1
08C614	1	1	06	09D8	0	1	1
08C615	1	1	06	09D8	0	4	1
08C619	1	1	06	09D8	0	1	1
08C61A	1	1	06	09D8	0	4	1
08C61E	1	1	06	09D8	0	1	1
08C61F	1	1	06	09D8	0	4	1
08C623	1	1	06	09D8	0	1	1
08C624	1	1	06	09D8	0	2	1
08C626	0	1	06	09D8	0	2	1
08C628	0	1	06	09D8	0	2	1
08C63D	0	1	06	09D8	0	2	1
08C63F	1	1	06	09D8	0	1	1
08C640	1	1	06	09D8	0	2	1
08C642	0	1	06	09D8	0	3	1
08C645	0	1	06	09D8	0	2	1
08C647	0	1	06	09D8	0	2	1
08C64C	0	1	06	09D8	0	2	1
08C64E	0	1	06	09D8	0	2	1
08C650	0	1	06	09D8	0	2	1
08C652	1	1	06	09D8	0	2	1
08C654	1	1	06	09D8	0	3	1
08C657	1	1	06	09D8	0	2	1
08C659	1	1	06	09D8	0	1	1
08C65A	1	1	06	09D8	0	4	1
08C65E	1	1	06	09D8	0	1	1
08C65F	1	1	06	09D8	0	4	1
08C663	1	1	06	09D8	0	1	1
08C664	1	1	06	09D8	0	2	1
08C666	1	1	06	09D8	0	2	1
08C668	1	1	06	09D8	0	1	1
08C669	1	1	06	09D8	0	2	1
08C66B	0	1	06	09D8	0	3	1
08C66E	0	1	06	09D8	0	2	1
08C670	0	1	06	09D8	0	2	1
08C672	1	1	06	09D8	0	1	1
08C673	1	1	06	1958	0	1	1
08C674	1	1	06	1958	0	1	1
08C675	1	1	06	1958	0	2	1
08C677	1	1	06	1958	0	2	1
08C679	1	1	06	1958	0	2	1
08C67B	1	1	06	1958	0	2	1
08C67D	1	1	06	1958	0	1	1
08C67E	1	1	06	1958	0	1	1
08C67F	1	1	2F	1958	0	2	1
08C681	0	1	2F	1958	0	2	1
08C683	0	1	2F	1958	0	3	1
08C686	0	1	2F	1958	0	2	1
08C688	0	1	2F	1958	0	2	1
08C68A	0	1	2F	1878	0	2	1
08C68C	0	1	2F	1878	0	2	1
08C68E	0	1	2F	1878	0	2	1
08C690	1	1	06	0D98	0	1	1
08C691	1	1	06	0D98	0	1	1
08C692	1	1	06	0D98	0	2	1
08C694	0	0	06	0D98	0	3	1
08C697	0	0	06	0D98	0	2	1
08C699	0	0	06	0D98	0	3	1
08C69C	0	0	06	0D98	0	3	1
08C69F	0	0	06	0D98	0	1	1
08C6A0	0	0	06	0D98	0	1	1
08C6A1	0	0	06	0D98	0	3	1
08C6A4	0	0	06	0D98	0	1	1
08C6A5	0	0	06	0D98	0	4	1
08C6A9	0	0	06	0D98	0	2	1
08C6AB	0	0	06	0D98	0	2	1
08C6AD	1	0	06	0D98	0	4	1
08C6B1	1	0	06	0D98	0	1	1
08C6B2	1	0	06	0D98	0	1	1
08C6B3	1	0	2F	0D98	0	2	1
08C6B5	0	0	2F	0D98	0	3	1
08C6B8	0	0	2F	0D98	0	3	1
08C6BB	0	0	2F	0D98	0	1	1
08C6BC	0	0	2F	0D98	0	1	1
08C6BD	0	0	2F	0D98	0	2	1
08C6BF	0	0	2F	0D98	0	2	1
08C6C1	0	1	2F	1958	0	2	1
08C6C3	0	1	2F	1958	0	2	1
08C6C5	1	1	2F	1958	0	2	1
08C6C7	1	1	2F	1958	0	2	1
08C6C9	1	1	2F	1958	0	2	1
08C6CB	1	1	2F	1958	0	2	1
08C6CD	1	1	2F	1958	0	2	1
08C6CF	1	1	2F	1958	0	1	1
08C6D0	1	1	2F	1958	0	2	1
08C6D2	1	1	2F	1958	0	2	1
08C6D4	1	1	2F	1958	0	2	1
08C6D6	1	1	2F	1958	0	2	1
08C6D8	1	1	2F	1958	0	1	1
08C6D9	1	1	06	1958	0	1	1
08C6DA	1	1	06	1958	0	1	1
08C6DB	1	1	06	0E98	0	1	1
08C6DC	1	1	06	0E98	0	1	1
08C6DD	1	1	06	0E98	0	2	1
08C6DF	1	1	06	0E98	0	2	1
08C6E1	1	0	06	0E98	0	2	1
08C6E3	1	0	06	0E98	0	2	1
08C6E5	1	0	06	0E98	0	2	1
08C6E7	1	0	06	0E98	0	1	1
08C6E8	1	0	06	0E98	0	1	1
08C6E9	1	0	08	0E98	0	2	1
08C6EB	1	0	08	0E98	0	3	1
08C6EE	1	0	08	0E98	0	3	1
08C6F1	1	0	08	0E98	0	2	1
08C6F3	1	0	08	0E98	0	2	1
08C705	1	1	06	0E98	0	1	1
08C706	1	1	06	0E98	0	1	1
08C707	1	1	06	0E98	0	2	1
08C709	0	0	06	0E98	0	3	1
08C70C	0	0	06	0E98	0	3	1
08C70F	0	0	06	0E98	0	2	1
08C711	0	0	06	0E98	0	3	1
08C714	0	0	06	0E98	0	3	1
08C717	0	0	06	0E98	0	2	1
08C719	0	0	06	0E98	0	3	1
08C71C	0	0	06	0E98	0	1	1
08C71D	0	0	06	0E98	0	1	1
08C71E	0	0	06	0E98	0	4	1
08C722	0	0	06	0E98	0	2	1
08C724	0	0	06	0E98	0	2	1
08C726	1	0	06	0E98	0	2	1
08C728	1	0	06	0E98	0	1	1
08C729	1	0	06	0E98	0	1	1
08C72A	1	0	08	0E98	0	2	1
08C72C	0	0	08	0E98	0	3	1
08C72F	0	0	08	0E98	0	3	1
08C732	0	0	08	0E98	0	1	1
08C733	0	0	08	0E98	0	1	1
08C734	0	0	08	0E98	0	2	1
08C736	0	0	08	0E98	0	2	1
08C738	0	0	08	0E98	0	2	1
08C73A	0	0	08	0E98	0	2	1
08C73C	1	0	08	0E98	0	2	1
08C73E	1	0	08	0E98	0	2	1
08C740	1	0	08	0E98	0	3	1
08C743	1	0	08	0E98	0	2	1
08C745	1	0	08	0E98	0	1	1
08C746	1	0	08	0E98	0	3	1
08C749	1	0	08	0E98	0	3	1
08C74C	1	0	08	0E98	0	2	1
08C74E	1	0	08	0E98	0	2	1
08C750	1	0	08	0E98	0	2	1
08C752	0	0	08	0E98	0	2	1
08C754	0	0	08	0E98	0	2	1
08C756	0	0	08	0E98	0	2	1
08C758	0	0	08	0E98	0	3	1
08C75B	0	0	08	0E98	0	4	1
08C75F	0	0	08	0E98	0	1	1
08C760	0	0	08	0E98	0	2	1
08C762	1	0	08	0E98	0	2	1
08C764	1	0	08	0E98	0	3	1
08C767	1	0	08	0E98	0	2	1
08C769	1	0	08	0E98	0	3	1
08C76C	1	0	08	0E98	0	3	1
08C76F	1	0	08	0E98	0	2	1
08C771	1	0	08	0E98	0	2	1
08C773	1	0	08	0E98	0	2	1
08C775	1	0	08	0E98	0	3	1
08C778	1	0	08	0E98	0	1	1
08C779	1	0	08	0E98	0	2	1
08C77B	1	0	08	0E98	0	1	1
08C77C	1	0	08	0E98	0	2	1
08C77E	1	0	08	0E98	0	3	1
08C781	1	0	08	0E98	0	1	1
08C782	1	0	08	0E98	0	2	1
08C784	1	0	08	0E98	0	3	1
08C787	1	0	08	0E98	0	2	1
08C789	0	0	08	0E98	0	2	1
08C78B	0	0	08	0E98	0	2	1
08C78D	0	0	08	0E98	0	2	1
08C78F	0	0	08	0E98	0	2	1
08C791	0	0	08	0E98	0	2	1
08C793	0	0	08	0E98	0	2	1
08C795	0	0	08	0E98	0	2	1
08C797	0	0	08	0E98	0	3	1
08C79A	0	0	08	0E98	0	2	1
08C79C	0	0	08	0E98	0	2	1
08C79E	0	0	08	0E98	0	2	1
08C7A0	0	0	08	0E98	0	3	1
08C7A3	0	0	08	0E98	0	3	1
08C7A6	0	0	08	0E98	0	3	1
08C7A9	0	0	08	0E98	0	3	1
08C7AC	0	0	08	0E98	0	2	1
08C7AE	0	0	08	0E98	0	1	1
08C7AF	0	0	06	0E98	0	1	1
08C7B0	1	1	06	0E98	0	1	1
08C7B1	1	1	06	0E98	0	1	1
08C7B2	1	1	06	0E98	0	3	1
08C7B5	1	1	06	0E98	0	1	1
08C7B6	1	1	06	0E98	0	2	1
08C7B8	0	0	06	0E98	0	3	1
08C7BB	0	0	06	0E98	0	1	1
08C7BC	0	0	06	0E98	0	3	1
08C7BF	0	0	06	0E98	0	2	1
08C7C1	0	0	06	0E98	0	3	1
08C7C4	0	0	06	0E98	0	1	1
08C7C5	0	0	06	0E98	0	1	1
08C7C6	0	0	06	0E98	0	3	1
08C7C9	0	0	06	0E98	0	1	1
08C7CA	0	0	06	0E98	0	3	1
08C7CD	0	0	06	0E98	0	1	1
08C7CE	0	0	06	0E98	0	3	1
08C7D1	0	0	06	0E98	0	1	1
08C7D2	0	0	06	0E98	0	3	1
08C7D5	0	0	06	0E98	0	1	1
08C7D6	0	0	06	0E98	0	3	1
08C7D9	0	0	06	0E98	0	3	1
08C7DC	0	0	06	0E98	0	2	1
08C7DE	1	0	06	0E98	0	3	1
08C7E1	1	0	06	0E98	0	2	1
08C7E3	1	0	06	0E98	0	2	1
08C7E5	0	0	06	0E98	0	3	1
08C7E8	0	0	06	0E98	0	1	1
08C7E9	0	0	06	0E98	0	3	1
08C7EC	0	0	06	0E98	0	1	1
08C7ED	0	0	06	0E98	0	4	1
08C7F1	1	0	06	0E98	0	2	1
08C7F3	1	0	06	0E98	0	3	1
08C7F6	1	0	06	0E98	0	2	1
08C7F8	1	0	06	0E98	0	2	1
08C7FA	1	0	06	0E98	0	3	1
08C7FD	1	0	06	0E98	0	2	1
08C7FF	1	0	06	0E98	0	3	1
08C802	1	0	06	0E98	0	3	1
08C805	1	0	06	0E98	0	1	1
08C806	1	0	06	0E98	0	3	1
08C809	1	0	06	0E98	0	3	1
08C80C	1	0	06	0E98	0	1	1
08C80D	1	0	06	0E98	0	3	1
08C810	1	0	06	0E98	0	3	1
08C813	1	0	06	0E98	0	1	1
08C814	1	0	06	0E98	0	2	1
08C816	1	0	06	0E98	0	3	1
08C819	1	0	06	0E98	0	3	1
08C81C	1	0	06	0E98	0	1	1
08C81D	1	0	06	0E98	0	3	1
08C820	1	0	06	0E98	0	2	1
08C822	0	0	06	0E98	0	3	1
08C825	0	0	06	0E98	0	1	1
08C826	0	0	06	0E98	0	1	1
08C827	0	0	06	0E98	0	1	1
08C828	0	0	06	0E98	0	2	1
08C82A	0	0	06	0E98	0	3	1
08C82D	0	0	06	0E98	0	3	1
08C830	0	0	06	0E98	0	1	1
08C831	0	0	06	0E98	0	1	1
08C832	0	0	06	0E98	0	1	1
08C833	0	0	06	0E98	0	2	1
08C835	0	0	06	0E98	0	3	1
08C838	0	0	06	0E98	0	3	1
08C83B	0	0	06	0E98	0	3	1
08C83E	0	0	06	0E98	0	3	1
08C841	0	0	06	0E98	0	3	1
08C844	0	0	06	0E98	0	3	1
08C847	0	0	06	0E98	0	1	1
08C848	0	0	06	0E98	0	3	1
08C84B	0	0	06	0E98	0	4	1
08C84F	0	0	06	0E98	0	3	1
08C852	0	0	06	0E98	0	2	1
08C854	0	0	06	0E98	0	1	1
08C855	0	0	06	0E98	0	1	1
08C856	1	1	06	0E98	0	1	1
08C861	1	1	06	0E98	0	1	1
08C862	1	1	06	0E98	0	3	1
08C865	1	1	06	0E98	0	1	1
08C866	1	1	06	0E98	0	2	1
08C868	0	0	06	0E98	0	3	1
08C86B	0	0	06	0E98	0	1	1
08C86C	0	0	06	0E98	0	3	1
08C86F	0	0	06	0E98	0	2	1
08C871	0	0	06	0E98	0	3	1
08C874	0	0	06	0E98	0	1	1
08C875	0	0	06	0E98	0	1	1
08C876	0	0	06	0E98	0	3	1
08C879	0	0	06	0E98	0	1	1
08C87A	0	0	06	0E98	0	3	1
08C87D	0	0	06	0E98	0	1	1
08C87E	0	0	06	0E98	0	3	1
08C881	0	0	06	0E98	0	1	1
08C882	0	0	06	0E98	0	3	1
08C885	0	0	06	0E98	0	1	1
08C886	0	0	06	0E98	0	3	1
08C889	0	0	06	0E98	0	3	1
08C88C	0	0	06	0E98	0	2	1
08C88E	0	0	06	0E98	0	3	1
08C891	0	0	06	0E98	0	3	1
08C894	0	0	06	0E98	0	3	1
08C897	0	0	06	0E98	0	4	1
08C89B	0	0	06	0E98	0	1	1
08C89C	0	0	06	0E98	0	1	1
08C89D	0	0	06	0E98	0	1	1
08C89E	0	0	06	0E98	0	1	1
08C89F	0	0	06	0E98	0	2	1
08C8A1	1	0	06	0E98	0	3	1
08C8A4	1	0	06	0E98	0	1	1
08C8A5	1	0	06	0E98	0	2	1
08C8A7	1	0	06	0E98	0	3	1
08C8AA	1	0	06	0E98	0	2	1
08C8AC	0	0	06	0E98	0	1	1
08C8AD	0	0	06	0E98	0	3	1
08C8B0	0	0	06	0E98	0	1	1
08C8B1	0	0	06	0E98	0	1	1
08C8B2	0	0	06	0E98	0	1	1
08C8B3	0	0	06	0E98	0	2	1
08C8B5	0	0	06	0E98	0	3	1
08C8B8	0	0	06	0E98	0	3	1
08C8BB	0	0	06	0E98	0	1	1
08C8BC	0	0	06	0E98	0	1	1
08C8BD	0	0	06	0E98	0	1	1
08C8BE	0	0	06	0E98	0	2	1
08C8C0	0	0	06	0E98	0	3	1
08C8C3	0	0	06	0E98	0	3	1
08C8C6	0	0	06	0E98	0	3	1
08C8C9	0	0	06	0E98	0	3	1
08C8CC	0	0	06	0E98	0	2	1
08C8CE	0	0	06	0E98	0	1	1
08C8CF	0	0	06	0E98	0	1	1
08C8D0	1	1	06	0E98	0	1	1
08C8F6	1	1	06	0E98	0	1	1
08C8F7	1	1	06	0E98	0	2	1
08C8F9	0	0	06	0E98	0	3	1
08C8FC	0	0	06	0E98	0	3	1
08C8FF	0	0	06	0E98	0	2	1
08C901	0	0	06	0E98	0	3	1
08C904	0	0	06	0E98	0	1	1
08C905	0	0	06	0E98	0	4	1
08C909	0	0	06	0E98	0	1	1
08C90A	0	0	06	0E98	0	2	1
08C90C	0	0	06	0E98	0	1	1
08C90D	0	0	06	0E98	0	2	1
08C90F	0	0	06	0E98	0	1	1
08C910	0	0	06	0E98	0	3	1
08C913	0	0	06	0E98	0	3	1
08C916	0	0	06	0E98	0	2	1
08C918	0	0	06	0E98	0	1	1
08C919	0	0	06	0E98	0	2	1
08C91B	0	0	06	0E98	0	1	1
08C91C	0	0	06	0E98	0	3	1
08C91F	0	0	06	0E98	0	3	1
08C922	0	0	06	0E98	0	1	1
08C923	0	0	06	0E98	0	1	1
08C924	0	0	06	0E98	0	3	1
08C927	0	0	06	0E98	0	2	1
08C929	1	1	06	1A58	0	1	1
08C92A	1	1	06	1A58	0	1	1
08C92B	1	1	06	1A58	0	1	1
08C92C	1	1	06	1A58	0	2	1
08C92E	1	1	06	1A58	0	3	1
08C931	1	1	06	1A58	0	2	1
08C933	1	1	06	1A58	0	2	1
08C935	1	1	06	1A58	0	2	1
08C937	1	1	06	1A58	0	3	1
08C93A	1	1	06	1A58	0	1	1
08C93B	1	1	05	1A58	0	2	1
08C93D	0	1	05	1A58	0	2	1
08C93F	0	1	05	1A58	0	3	1
08C942	0	1	05	1A58	0	2	1
08C944	0	1	05	1A58	0	2	1
08C946	0	1	05	1A58	0	3	1
08C949	0	1	05	1A58	0	2	1
08C94B	0	1	05	18F8	0	2	1
08C94D	0	1	05	18F8	0	2	1
08C94F	0	1	05	18F8	0	1	1
08C950	0	1	05	18F8	0	2	1
08C952	0	1	05	18F8	0	2	1
08C954	0	1	05	18F8	0	2	1
08C956	1	1	06	1A58	0	1	1
08C957	1	1	06	1A58	0	3	1
08C95A	1	1	06	1A58	0	1	1
08C95B	1	1	05	1A58	0	2	1
08C95D	0	0	05	1A58	0	3	1
08C960	0	0	05	1A58	0	1	1
08C961	0	0	05	1A58	0	1	1
08C962	0	0	05	1A58	0	3	1
08C965	0	0	05	1A58	0	2	1
08C967	0	0	05	1A58	0	2	1
08C969	1	0	05	1A58	0	2	1
08C96B	1	0	05	1A58	0	2	1
08C96D	1	0	05	1A58	0	2	1
08C96F	0	0	05	1A58	0	2	1
08C971	0	0	05	1A58	0	1	1
08C972	0	0	05	1A58	0	2	1
08C974	0	0	05	1A58	0	2	1
08C976	1	0	05	1A58	0	2	1
08C978	1	0	05	1A58	0	2	1
08C97A	1	0	05	1A58	0	2	1
08C97C	0	0	05	1A58	0	2	1
08C97E	0	0	05	1A58	0	1	1
08C97F	0	0	05	1A58	0	2	1
08C981	0	1	05	1A58	0	2	1
08C983	1	1	05	1A58	0	2	1
08C985	1	1	05	1A58	0	2	1
08C987	1	1	05	1A58	0	2	1
08C989	1	1	05	1A58	0	2	1
08C98B	0	1	05	1A58	0	2	1
08C98D	0	1	05	1A58	0	3	1
08C990	0	1	05	1A58	0	2	1
08C992	0	1	05	1A58	0	3	1
08C995	0	1	05	1A58	0	3	1
08C998	0	1	05	1A58	0	2	1
08C99A	0	1	05	1A58	0	2	1
08C99C	0	1	05	1A58	0	1	1
08C99D	0	1	05	1A58	0	3	1
08C9A0	0	1	05	1A58	0	1	1
08C9A1	0	1	05	0000	0	2	1
08C9A3	0	1	05	0000	0	3	1
08C9A6	0	1	05	0000	0	1	1
08C9A7	0	1	05	0000	0	1	1
08C9A8	0	1	05	0000	0	1	1
08C9A9	0	1	05	0000	0	1	1
08C9AA	0	1	05	0000	0	3	1
08C9AD	0	1	05	0000	0	2	1
08C9AF	0	1	05	0000	0	1	1
08C9B0	0	1	05	1A58	0	2	1
08C9B2	1	1	05	1A58	0	3	1
08C9B5	1	1	05	1A58	0	1	1
08C9B6	1	1	06	1A58	0	1	1
08C9B7	1	1	06	1A58	0	1	1
08C9B8	1	1	06	09D8	0	1	1
08C9B9	1	1	06	09D8	0	2	1
08C9BB	1	1	06	09D8	0	2	1
08C9BD	1	1	06	09D8	0	2	1
08C9BF	1	1	06	09D8	0	2	1
08C9C1	1	1	06	09D8	0	2	1
08C9C3	1	1	06	09D8	0	3	1
08C9C6	1	1	06	09D8	0	1	1
08C9C7	1	1	05	09D8	0	2	1
08C9C9	0	0	05	09D8	0	2	1
08C9CB	0	0	05	09D8	0	3	1
08C9CE	0	0	05	09D8	0	1	1
08C9CF	0	0	05	09D8	0	1	1
08C9D0	0	0	05	09D8	0	4	1
08C9D4	0	0	05	09D8	0	3	1
08C9D7	0	0	05	09D8	0	2	1
08C9D9	0	0	05	09D8	0	3	1
08C9DC	0	0	05	09D8	0	1	1
08C9DD	0	0	05	09D8	0	1	1
08C9DE	0	0	05	09D8	0	1	1
08C9DF	0	0	05	09D8	0	2	1
08C9E1	0	0	05	09D8	0	2	1
08C9E3	0	0	05	09D8	0	1	1
08C9E4	0	0	05	09D8	0	3	1
08C9E7	0	0	05	09D8	0	3	1
08C9EA	0	0	05	09D8	0	1	1
08C9EB	0	0	05	09D8	0	2	1
08C9ED	1	0	05	09D8	0	3	1
08C9F0	1	0	05	09D8	0	2	1
08C9F2	0	0	05	09D8	0	2	1
08C9F4	1	0	05	09D8	0	2	1
08C9F6	1	0	05	09D8	0	3	1
08C9F9	1	0	05	09D8	0	3	1
08C9FC	1	0	05	09D8	0	1	1
08C9FD	1	0	05	09D8	0	1	1
08C9FE	1	0	05	09D8	0	3	1
08CA01	1	0	05	09D8	0	3	1
08CA04	1	0	05	09D8	0	3	1
08CA07	1	0	05	09D8	0	3	1
08CA0A	1	0	05	09D8	0	3	1
08CA0D	1	0	05	09D8	0	2	1
08CA0F	0	0	05	09D8	0	3	1
08CA12	0	0	05	09D8	0	1	1
08CA13	0	0	05	09D8	0	1	1
08CA14	0	0	05	09D8	0	1	1
08CA15	0	0	05	09D8	0	1	1
08CA16	0	0	05	09D8	0	3	1
08CA19	0	0	05	09D8	0	3	1
08CA1C	0	0	05	09D8	0	1	1
08CA1D	0	0	05	09D8	0	3	1
08CA20	0	0	05	09D8	0	3	1
08CA23	0	0	05	09D8	0	2	1
08CA25	0	0	05	09D8	0	3	1
08CA28	0	0	05	09D8	0	1	1
08CA29	0	0	05	09D8	0	1	1
08CA2A	0	0	05	09D8	0	1	1
08CA2B	0	0	05	09D8	0	1	1
08CA2C	0	0	05	09D8	0	3	1
08CA2F	0	0	05	09D8	0	3	1
08CA32	0	0	05	09D8	0	2	1
08CA34	0	0	05	09D8	0	1	1
08CA35	0	0	05	09D8	0	3	1
08CA38	0	0	05	09D8	0	3	1
08CA3B	0	0	05	09D8	0	1	1
08CA3C	0	0	05	09D8	0	3	1
08CA3F	0	0	05	09D8	0	1	1
08CA40	0	0	05	09D8	0	1	1
08CA41	0	0	05	09D8	0	3	1
08CA44	0	0	05	09D8	0	1	1
08CA45	0	0	05	09D8	0	2	1
08CA47	0	0	05	09D8	0	3	1
08CA4A	0	0	05	09D8	0	1	1
08CA4B	0	0	05	09D8	0	3	1
08CA4E	0	0	05	09D8	0	3	1
08CA51	0	0	05	09D8	0	2	1
08CA53	1	0	05	09D8	0	1	1
08CA54	1	0	05	09D8	0	2	1
08CA56	1	0	05	09D8	0	3	1
08CA59	1	0	05	09D8	0	1	1
08CA5A	1	0	06	09D8	0	1	1
08CA5B	1	1	06	09D8	0	1	1
08CA5C	1	1	06	0D98	0	1	1
08CA5D	1	1	06	0D98	0	2	1
08CA5F	1	1	06	0D98	0	2	1
08CA61	1	1	06	0D98	0	2	1
08CA63	1	1	06	0D98	0	2	1
08CA65	1	1	06	0D98	0	3	1
08CA68	1	1	06	0D98	0	1	1
08CA69	1	1	05	0D98	0	2	1
08CA6B	0	0	05	0D98	0	2	1
08CA6D	0	0	05	0D98	0	3	1
08CA70	0	0	05	0D98	0	1	1
08CA71	0	0	05	0D98	0	1	1
08CA72	0	0	05	0D98	0	1	1
08CA73	0	0	05	0D98	0	2	1
08CA75	0	0	05	0D98	0	2	1
08CA77	0	0	05	0D98	0	1	1
08CA78	0	0	05	0D98	0	2	1
08CA7A	1	0	05	0D98	0	3	1
08CA7D	1	0	05	0D98	0	2	1
08CA7F	1	0	05	0D98	0	2	1
08CA81	1	0	05	0D98	0	3	1
08CA84	1	0	05	0D98	0	3	1
08CA87	1	0	05	0D98	0	3	1
08CA8A	1	0	05	0D98	0	2	1
08CA8C	0	0	05	0D98	0	3	1
08CA8F	0	0	05	0D98	0	1	1
08CA90	0	0	05	0D98	0	1	1
08CA91	0	0	05	0D98	0	1	1
08CA92	0	0	05	0D98	0	1	1
08CA93	0	0	05	0D98	0	3	1
08CA96	0	0	05	0D98	0	3	1
08CA99	0	0	05	0D98	0	3	1
08CA9C	0	0	05	0D98	0	3	1
08CA9F	0	0	05	0D98	0	2	1
08CAB5	0	0	05	0D98	0	3	1
08CAB8	0	0	05	0D98	0	3	1
08CABB	0	0	05	0D98	0	2	1
08CABD	1	1	05	0D98	0	2	1
08CABF	1	1	05	0D98	0	4	1
08CAC3	1	1	05	0D98	0	1	1
08CAC4	1	1	06	0D98	0	1	1
08CAC5	1	1	06	0D98	0	1	1
08CB42	1	1	06	1E58	0	1	1
08CB43	1	1	06	1E58	0	2	1
08CB45	0	1	06	1E58	0	3	1
08CB48	0	1	06	1E58	0	1	1
08CB49	0	1	06	1E58	0	1	1
08CB4A	0	1	06	1E58	0	3	1
08CB4D	0	1	06	1E58	0	1	1
08CB4E	0	1	06	1E58	0	2	1
08CB50	1	1	06	1E58	0	3	1
08CB53	1	1	06	1E58	0	1	1
08CB54	1	1	06	1E58	0	3	1
08CB57	1	1	06	1E58	0	3	1
08CB5A	1	1	06	1E58	0	1	1
08CB5B	1	1	06	1E58	0	1	1
08CB5C	1	1	06	09D8	0	3	1
08CB5F	1	1	06	09D8	0	1	1
08CB60	1	1	06	09D8	0	1	1
08CB61	1	1	06	09D8	0	1	1
08CB62	1	1	06	09D8	0	1	1
08CB63	1	1	06	09D8	0	2	1
08CB65	0	0	06	09D8	0	1	1
08CB66	0	0	06	09D8	0	1	1
08CB67	0	0	06	09D8	0	3	1
08CB6A	0	0	06	09D8	0	1	1
08CB6B	0	0	06	0000	0	2	1
08CB6D	1	0	06	0000	0	2	1
08CB6F	1	0	06	0000	0	1	1
08CB70	1	0	06	0000	0	1	1
08CB71	1	0	06	0000	0	1	1
08CB72	1	0	06	0000	0	2	1
08CB74	1	0	06	0000	0	2	1
08CB76	1	0	06	0000	0	2	1
08CB78	1	0	06	0000	0	2	1
08CB7A	1	0	06	0000	0	2	1
08CB7C	1	0	06	0000	0	2	1
08CB7E	1	0	06	0000	0	1	1
08CB7F	1	0	06	0000	0	2	1
08CB81	1	0	06	0000	0	2	1
08CB83	1	0	06	0000	0	2	1
08CB85	1	0	06	0000	0	2	1
08CB87	1	0	06	0000	0	2	1
08CB89	1	0	06	0000	0	2	1
08CB8B	1	0	06	0000	0	2	1
08CB8D	1	0	06	0000	0	2	1
08CB8F	1	0	06	0000	0	2	1
08CB91	1	0	06	0000	0	1	1
08CB92	1	0	06	0000	0	2	1
08CB94	1	0	06	0000	0	2	1
08CB96	1	0	06	0000	0	2	1
08CB98	1	0	06	0000	0	2	1
08CB9A	1	0	06	0000	0	2	1
08CB9C	1	0	06	0000	0	2	1
08CB9E	1	0	06	0000	0	2	1
08CBA0	1	0	06	0000	0	2	1
08CBA2	1	0	06	0000	0	2	1
08CBA4	1	0	06	0000	0	2	1
08CBA6	1	0	06	0000	0	1	1
08CBA7	1	0	06	0000	0	2	1
08CBA9	1	0	06	0000	0	2	1
08CBAB	1	0	06	0000	0	2	1
08CBAD	1	0	06	0000	0	1	1
08CBAE	1	0	06	0000	0	2	1
08CBB0	1	0	06	0000	0	2	1
08CBB2	0	0	06	0000	0	3	1
08CBB5	0	0	06	0000	0	4	1
08CBB9	0	0	06	0000	0	1	1
08CBBA	0	0	06	0000	0	3	1
08CBBD	0	0	06	0000	0	2	1
08CBBF	0	0	06	0000	0	3	1
08CBC2	0	0	06	0000	0	2	1
08CBC4	0	0	06	0000	0	2	1
08CBC6	0	0	06	0000	0	3	1
08CBC9	0	0	06	0000	0	1	1
08CBCA	1	1	06	0000	0	1	1
08CBCB	1	1	06	0000	0	1	1
08CBCC	1	1	06	09D8	0	1	1
08CBCD	0	1	06	1548	0	3	1
08CBD0	0	1	06	1548	0	1	1
08CBD1	0	1	06	1548	0	1	1
08CBD2	0	1	06	1548	0	1	1
08CBD3	0	1	06	1548	0	2	1
08CBD5	0	0	06	1548	0	3	1
08CBD8	0	0	06	1548	0	1	1
08CBD9	0	0	06	0000	0	3	1
08CBDC	0	0	06	0000	0	2	1
08CBDE	0	0	06	0000	0	4	1
08CBE2	0	0	06	0000	0	1	1
08CBE3	0	0	06	1548	0	1	1
08CBE4	0	1	06	1548	0	1	1
08CC28	0	0	04	0000	0	3	1
08CC2B	0	0	04	0000	0	1	1
08CC3C	0	0	06	0000	0	3	1
08CC3F	0	0	06	0000	0	2	1
08CC41	0	0	06	0000	0	3	1
08CC44	0	0	06	0000	0	2	1
08CC46	0	0	06	0000	0	2	1
08CC48	0	0	06	0000	0	3	1
08CC4B	0	0	06	0000	0	1	1
08CC4C	0	0	06	0000	0	2	1
08CC4E	0	0	06	0000	0	2	1
08CC50	0	0	06	0000	0	3	1
08CC53	0	0	06	0000	0	1	1
08CC54	0	0	06	0000	0	1	1
08CC55	0	0	06	0000	0	1	1
08CC56	0	0	06	0000	0	3	1
08CC59	0	0	06	0000	0	1	1
08CC5A	0	0	06	0000	0	2	1
08CC5C	0	0	06	0000	0	2	1
08CC5E	0	0	06	0000	0	2	1
08CC60	0	0	06	0000	0	1	1
08CC61	0	0	06	0000	0	3	1
08CC64	0	0	06	0000	0	2	1
08CC66	0	0	06	0000	0	2	1
08CC68	0	0	06	0000	0	3	1
08CC6B	0	0	06	0000	0	1	1
08CC6C	0	0	06	0000	0	1	1
08CC6D	0	0	06	0000	0	1	1
08CC6E	0	0	06	0000	0	1	1
08CC6F	0	0	06	0000	0	2	1
08CC71	0	0	06	0000	0	1	1
08CC72	0	0	06	0000	0	2	1
08CC74	0	0	06	0000	0	3	1
08CC77	0	0	06	0000	0	1	1
08CC78	0	0	06	0000	0	1	1
08CC79	0	0	06	0000	0	1	1
08CC7A	0	0	06	0000	0	1	1
08CC7B	0	0	06	0000	0	2	1
08CC7D	0	0	06	0000	0	1	1
08CC7E	0	0	06	0000	0	1	1
08CC7F	1	1	06	0E18	0	1	1
08CC80	1	1	06	0E18	0	2	1
08CC82	1	1	06	0E18	0	2	1
08CC84	1	0	06	0E18	0	3	1
08CC87	1	0	06	0E18	0	2	1
08CC89	1	0	06	0E18	0	3	1
08CC8C	1	0	06	0E18	0	2	1
08CC8E	1	0	06	0E18	0	3	1
08CC91	1	0	06	0E18	0	2	1
08CC93	1	0	06	0E18	0	2	1
08CC95	1	0	06	0E18	0	3	1
08CC98	1	0	06	0E18	0	4	1
08CC9C	1	0	06	0E18	0	2	1
08CC9E	1	0	06	0E18	0	1	1
08CC9F	1	1	06	0E18	0	1	1
08CCA0	1	0	06	0E18	0	2	1
08CCA2	0	0	06	0E18	0	3	1
08CCA5	0	0	06	0E18	0	1	1
08CCA6	0	0	06	0E18	0	3	1
08CCA9	0	0	06	0E18	0	3	1
08CCAC	0	0	06	0E18	0	3	1
08CCAF	0	0	06	0E18	0	3	1
08CCB2	0	0	06	0E18	0	2	1
08CCB4	0	0	06	0E18	0	3	1
08CCB7	0	0	06	0E18	0	3	1
08CCBA	0	0	06	0E18	0	3	1
08CCBD	0	0	06	0E18	0	2	1
08CCC2	0	0	06	0E18	0	1	1
08CCC3	0	0	06	0E18	0	3	1
08CCC6	0	0	06	0E18	0	2	1
08CCC8	0	0	06	0E18	0	3	1
08CCCB	0	0	06	0E18	0	3	1
08CCCE	0	0	06	0E18	0	1	1
08CCCF	0	0	06	0E18	0	1	1
08CCD0	0	0	06	0E18	0	3	1
08CCD3	0	0	06	0E18	0	3	1
08CCD6	0	0	06	0E18	0	1	1
08CCD7	0	0	06	0E18	0	3	1
08CCDA	0	0	06	0E18	0	2	1
08CCDC	0	0	06	0E18	0	3	1
08CCDF	0	0	06	0E18	0	3	1
08CCE2	0	0	06	0E18	0	2	1
08CCE4	0	0	06	0D18	0	3	1
08CCE7	0	0	06	0D18	0	2	1
08CCE9	0	0	06	0D18	0	3	1
08CCEC	0	0	06	0D18	0	3	1
08CCEF	0	0	06	0D18	0	3	1
08CCF2	0	0	06	0D18	0	2	1
08CCF4	0	0	06	0D18	0	3	1
08CCF7	0	0	06	0D18	0	1	1
08CCF8	0	0	06	0D18	0	3	1
08CCFB	0	0	06	0D18	0	1	1
08CCFC	0	0	06	0D18	0	2	1
08CCFE	0	0	06	0E18	0	2	1
08CD00	1	0	06	0E18	0	2	1
08CD02	1	0	06	0E18	0	2	1
08CD14	1	0	06	0E18	0	2	1
08CD16	0	0	06	0E18	0	3	1
08CD19	0	0	06	0E18	0	3	1
08CD1C	0	0	06	0E18	0	2	1
08CD1E	0	0	06	0E18	0	3	1
08CD21	0	0	06	0E18	0	1	1
08CD22	0	0	06	0E18	0	3	1
08CD25	0	0	06	0E18	0	3	1
08CD28	0	0	06	0E18	0	1	1
08CD29	0	0	06	0E18	0	3	1
08CD2C	0	0	06	0E18	0	1	1
08CD2D	1	1	06	0E18	0	1	1
08CD2E	1	1	06	0E58	0	1	1
08CD2F	1	1	06	0E58	0	2	1
08CD31	0	1	06	0E58	0	2	1
08CD33	0	1	06	0E58	0	1	1
08CD34	0	1	06	0E58	0	2	1
08CD36	0	1	06	0E58	0	1	1
08CD37	0	1	06	0E58	0	3	1
08CD3A	0	1	06	0E58	0	3	1
08CD3D	0	1	06	0E58	0	2	1
08CD3F	0	1	06	0E58	0	1	1
08CD40	0	1	06	0E58	0	2	1
08CD42	0	1	06	0E58	0	1	1
08CD43	0	1	06	0E58	0	3	1
08CD46	0	1	06	0E58	0	3	1
08CD49	0	1	06	0E58	0	2	1
08CD4B	1	1	06	0E58	0	1	1
08CD4C	1	1	06	0E58	0	1	1
08CD5E	1	1	06	09D8	0	1	1
08CD5F	1	1	06	09D8	0	1	1
08CD60	1	1	06	09D8	0	2	1
08CD62	0	0	06	09D8	0	2	1
08CD64	0	0	06	09D8	0	2	1
08CD66	0	0	06	09D8	0	1	1
08CD67	0	0	06	09D8	0	1	1
08CD68	0	0	06	09D8	0	3	1
08CD6B	0	0	06	09D8	0	1	1
08CD6C	0	0	06	0000	0	2	1
08CD6E	0	0	06	0000	0	2	1
08CD70	0	0	06	0000	0	3	1
08CD73	0	0	06	0000	0	2	1
08CD75	0	0	06	0000	0	3	1
08CD78	0	0	06	0000	0	3	1
08CD7B	0	0	06	0000	0	1	1
08CD7C	0	0	06	09D8	0	1	1
08CD7D	1	1	06	09D8	0	1	1
08CD7E	0	0	06	0000	0	2	1
08CD80	0	0	06	0000	0	2	1
08CD85	0	0	06	0000	0	2	1
08CD87	0	0	06	0000	0	2	1
08CD89	0	0	06	0000	0	2	1
08CD8B	0	0	06	0000	0	2	1
08CD8D	0	0	06	0000	0	2	1
08CD8F	0	0	06	0000	0	2	1
08CD91	0	0	06	0000	0	2	1
08CD93	0	0	06	0000	0	2	1
08CD95	0	0	06	0000	0	2	1
08CD97	1	0	06	0000	0	2	1
08CD99	1	0	06	0000	0	3	1
08CD9C	1	0	06	0000	0	1	1
08CD9D	1	0	06	0000	0	3	1
08CDA0	1	0	06	0000	0	2	1
08CDA2	1	0	06	0000	0	3	1
08CDA5	1	0	06	0000	0	2	1
08CDA7	1	0	06	0000	0	2	1
08CDA9	1	0	06	0000	0	2	1
08CDAB	1	0	06	0000	0	1	1
08CDAC	1	0	06	0000	0	2	1
08CDAE	1	0	06	0000	0	3	1
08CDB1	1	0	06	0000	0	2	1
08CDB3	1	0	06	0000	0	2	1
08CDB5	1	0	06	0000	0	3	1
08CDB8	1	0	06	0000	0	2	1
08CDBA	1	0	06	0000	0	2	1
08CDBC	1	0	06	0000	0	2	1
08CDBE	1	0	06	0000	0	1	1
08CDBF	1	0	06	0000	0	1	1
08CDC0	1	0	06	0000	0	3	1
08CDC3	1	0	06	0000	0	2	1
08CDC5	1	0	06	0000	0	3	1
08CDC8	1	0	06	0000	0	2	1
08CDCA	1	0	06	0000	0	2	1
08CDCC	1	0	06	0000	0	3	1
08CDCF	1	0	06	0000	0	2	1
08CDD1	1	0	06	0000	0	2	1
08CDD3	1	0	06	0000	0	2	1
08CDD5	1	0	06	0000	0	1	1
08CDD6	1	0	06	0000	0	1	1
08CDD7	1	0	06	0000	0	3	1
08CDDA	1	0	06	0000	0	2	1
08CDDC	1	0	06	0000	0	3	1
08CDDF	1	0	06	0000	0	2	1
08CDE1	0	0	06	0000	0	1	1
08CDE2	0	0	06	0000	0	2	1
08CDE4	1	0	06	0000	0	3	1
08CDE7	1	0	06	0000	0	3	1
08CDEA	1	0	06	0000	0	2	1
08CDEC	1	0	06	0000	0	3	1
08CDEF	1	0	06	0000	0	2	1
08CDF1	1	0	06	0000	0	2	1
08CDF3	1	0	06	0000	0	3	1
08CDF6	1	0	06	0000	0	1	1
08CDF7	1	0	06	0000	0	2	1
08CDF9	1	0	06	0000	0	2	1
08CDFB	1	0	06	0000	0	2	1
08CDFD	1	0	06	0000	0	3	1
08CE00	1	0	06	0000	0	1	1
08CE01	1	0	06	0000	0	3	1
08CE04	1	0	06	0000	0	2	1
08CE06	1	0	06	0000	0	3	1
08CE09	1	0	06	0000	0	2	1
08CE0B	1	0	06	0000	0	2	1
08CE0D	1	0	06	0000	0	2	1
08CE0F	1	0	06	0000	0	1	1
08CE10	1	0	06	0000	0	2	1
08CE12	1	0	06	0000	0	3	1
08CE15	1	0	06	0000	0	2	1
08CE17	1	0	06	0000	0	2	1
08CE19	1	0	06	0000	0	2	1
08CE1B	1	0	06	0000	0	2	1
08CE1D	1	0	06	0000	0	2	1
08CE1F	1	0	06	0000	0	3	1
08CE22	1	0	06	0000	0	2	1
08CE24	1	0	06	0000	0	2	1
08CE26	1	0	06	0000	0	2	1
08CE28	1	0	06	0000	0	1	1
08CE29	1	0	06	0000	0	1	1
08CE2A	1	0	06	0000	0	3	1
08CE2D	1	0	06	0000	0	2	1
08CE2F	1	0	06	0000	0	3	1
08CE32	1	0	06	0000	0	2	1
08CE34	1	0	06	0000	0	2	1
08CE36	1	0	06	0000	0	3	1
08CE39	1	0	06	0000	0	2	1
08CE3B	1	0	06	0000	0	2	1
08CE3D	1	0	06	0000	0	2	1
08CE3F	1	0	06	0000	0	1	1
08CE40	1	0	06	0000	0	1	1
08CE41	1	0	06	0000	0	3	1
08CE44	1	0	06	0000	0	2	1
08CE46	1	0	06	0000	0	3	1
08CE49	1	0	06	0000	0	2	1
08CE4B	0	0	06	0000	0	1	1
08CE4C	0	0	06	0000	0	2	1
08CE4E	0	0	06	0000	0	2	1
08CE50	0	0	06	0000	0	1	1
08CE51	0	0	06	0000	0	2	1
08CE53	0	0	06	0000	0	2	1
08CE55	0	0	06	0000	0	2	1
08CE57	1	0	06	0000	0	2	1
08CE59	1	0	06	0000	0	2	1
08CE5B	1	0	06	0000	0	3	1
08CE5E	1	0	06	0000	0	2	1
08CE60	1	0	06	0000	0	2	1
08CE62	1	0	06	0000	0	2	1
08CE64	1	0	06	0000	0	1	1
08CE65	1	0	06	0000	0	2	1
08CE67	1	0	06	0000	0	2	1
08CE69	1	0	06	0000	0	1	1
08CE6A	1	0	06	0000	0	3	1
08CE6D	1	0	06	0000	0	2	1
08CE6F	1	0	06	0000	0	1	1
08CE70	1	0	06	0000	0	3	1
08CE73	1	0	06	0000	0	2	1
08CE75	1	0	06	0000	0	3	1
08CE78	1	0	06	0000	0	2	1
08CE7A	1	0	06	0000	0	3	1
08CE7D	1	0	06	0000	0	2	1
08CE7F	1	0	06	0000	0	2	1
08CE81	1	0	06	0000	0	3	1
08CE84	1	0	06	0000	0	1	1
08CE85	1	0	06	0000	0	3	1
08CE88	1	0	06	0000	0	1	1
08CE89	1	0	06	0000	0	3	1
08CE8C	1	0	06	0000	0	2	1
08CE8E	1	0	06	0000	0	3	1
08CE91	1	0	06	0000	0	2	1
08CE93	1	0	06	0000	0	2	1
08CE95	1	0	06	0000	0	3	1
08CE98	1	0	06	0000	0	1	1
08CE99	1	0	06	0000	0	3	1
08CE9C	1	0	06	0000	0	1	1
08CE9D	1	0	06	0000	0	3	1
08CEA0	1	0	06	0000	0	2	1
08CEA2	1	0	06	0000	0	3	1
08CEA5	1	0	06	0000	0	2	1
08CEA7	0	0	06	0000	0	1	1
08CEA8	1	0	06	0000	0	2	1
08CEAA	1	0	06	0000	0	2	1
08CEB4	1	0	06	0000	0	1	1
08CEB5	1	0	06	0000	0	3	1
08CEB8	1	0	06	0000	0	2	1
08CEBA	1	0	06	0000	0	2	1
08CEBC	1	0	06	0000	0	2	1
08CEBE	1	0	06	0000	0	2	1
08CEC0	1	0	06	0000	0	2	1
08CEC2	1	0	06	0000	0	2	1
08CEC4	1	0	06	0000	0	2	1
08CEC6	1	0	06	0000	0	1	1
08CEC7	1	0	06	0000	0	1	1
08CEC8	1	0	06	0000	0	2	1
08CECA	1	0	06	0000	0	1	1
08CECB	1	0	06	0000	0	1	1
08CECC	1	0	06	0000	0	3	1
08CECF	1	0	06	0000	0	1	1
08CED0	1	0	06	0000	0	2	1
08CED2	1	0	06	0000	0	2	1
08CED4	1	0	06	0000	0	2	1
08CED6	1	0	06	0000	0	2	1
08CED8	1	0	06	0000	0	2	1
08CEDA	1	0	06	0000	0	1	1
08CEDB	1	0	06	0000	0	2	1
08CEDD	1	0	06	0000	0	2	1
08CEDF	1	0	06	0000	0	2	1
08CEE1	1	0	06	0000	0	2	1
08CEE3	1	0	06	0000	0	3	1
08CEE6	1	0	06	0000	0	2	1
08CEE8	1	0	06	0000	0	1	1
08CEE9	1	0	06	0000	0	2	1
08CEEB	1	0	06	0000	0	2	1
08CEED	1	0	06	0000	0	2	1
08CEEF	1	0	06	0000	0	3	1
08CEF2	1	0	06	0000	0	2	1
08CEF4	1	0	06	0000	0	1	1
08CF7D	1	0	06	0000	0	2	1
08CF7F	1	0	06	0000	0	2	1
08CF81	1	0	06	0000	0	2	1
08CF83	1	0	06	0000	0	1	1
08CF84	1	0	06	0000	0	2	1
08CF86	1	0	06	0000	0	2	1
08CF88	1	0	06	0000	0	2	1
08CF8A	1	0	06	0000	0	2	1
08CF8C	1	0	06	0000	0	2	1
08CF8E	1	0	06	0000	0	2	1
08CF90	1	0	06	0000	0	1	1
08CF91	1	0	06	0000	0	1	1
08CF92	1	0	06	0000	0	2	1
08CF94	1	0	06	0000	0	2	1
08CF96	1	0	06	0000	0	2	1
08CF98	1	0	06	0000	0	2	1
08CF9A	1	0	06	0000	0	2	1
08CF9C	1	0	06	0000	0	3	1
08CF9F	1	0	06	0000	0	2	1
08CFA1	1	0	06	0000	0	2	1
08CFA3	0	0	06	0000	0	2	1
08CFA5	0	0	06	0000	0	2	1
08CFA7	1	0	06	0000	0	2	1
08CFA9	1	0	06	0000	0	1	1
08D00E	1	0	06	0000	0	2	1
08D010	1	0	06	0000	0	2	1
08D012	1	0	06	0000	0	2	1
08D014	1	0	06	0000	0	3	1
08D017	1	0	06	0000	0	2	1
08D019	1	0	06	0000	0	2	1
08D01B	1	0	06	0000	0	2	1
08D01D	1	0	06	0000	0	2	1
08D01F	1	0	06	0000	0	2	1
08D021	1	0	06	0000	0	2	1
08D023	1	0	06	0000	0	2	1
08D025	1	0	06	0000	0	1	1
08D026	1	0	06	0000	0	1	1
08D027	1	0	06	0000	0	2	1
08D029	1	0	06	0000	0	1	1
08D02A	1	0	06	0000	0	1	1
08D02B	1	0	06	0000	0	3	1
08D02E	1	0	06	0000	0	2	1
08D030	1	0	06	0000	0	2	1
08D032	1	0	06	0000	0	2	1
08D034	1	0	06	0000	0	2	1
08D036	1	0	06	0000	0	2	1
08D038	1	0	06	0000	0	3	1
08D03B	1	0	06	0000	0	2	1
08D03D	1	0	06	0000	0	1	1
08D03E	1	0	06	0000	0	2	1
08D040	1	0	06	0000	0	3	1
08D043	1	0	06	0000	0	1	1
08D0C4	1	0	06	0000	0	3	1
08D0C7	1	0	06	0000	0	2	1
08D0C9	1	0	06	0000	0	2	1
08D0CB	1	0	06	0000	0	3	1
08D0CE	1	0	06	0000	0	2	1
08D0D0	1	0	06	0000	0	3	1
08D0D3	1	0	06	0000	0	3	1
08D0D6	1	0	06	0000	0	3	1
08D0D9	1	0	06	0000	0	2	1
08D0DB	1	0	06	0000	0	1	1
08D0DC	1	0	06	0000	0	2	1
08D0DE	1	0	06	0000	0	2	1
08D0E0	1	0	06	0000	0	1	1
08D0E1	1	0	06	0000	0	2	1
08D0E3	1	0	06	0000	0	1	1
08D0E4	1	0	06	0000	0	2	1
08D0E6	1	0	06	0000	0	2	1
08D0E8	1	0	06	0000	0	2	1
08D0EA	1	0	06	0000	0	2	1
08D0EC	1	0	06	0000	0	2	1
08D0EE	1	0	06	0000	0	2	1
08D0F0	1	0	06	0000	0	1	1
08D122	1	0	06	0000	0	3	1
08D125	1	0	06	0000	0	2	1
08D127	1	0	06	0000	0	2	1
08D129	1	0	06	0000	0	3	1
08D12C	1	0	06	0000	0	3	1
08D12F	1	0	06	0000	0	3	1
08D132	1	0	06	0000	0	2	1
08D134	1	0	06	0000	0	3	1
08D137	1	0	06	0000	0	2	1
08D139	1	0	06	0000	0	3	1
08D13C	1	0	06	0000	0	2	1
08D13E	1	0	06	0000	0	2	1
08D140	1	0	06	0000	0	3	1
08D143	1	0	06	0000	0	2	1
08D145	1	0	06	0000	0	4	1
08D149	1	0	06	0000	0	2	1
08D14B	1	0	06	0000	0	2	1
08D14D	1	0	06	0000	0	1	1
08D14E	1	0	06	0000	0	2	1
08D150	1	0	06	0000	0	1	1
08D151	1	0	06	0000	0	2	1
08D153	1	0	06	0000	0	2	1
08D155	1	0	06	0000	0	1	1
08D156	1	0	06	0000	0	2	1
08D158	1	0	06	0000	0	2	1
08D15A	1	0	06	0000	0	3	1
08D15D	1	0	06	0000	0	2	1
08D15F	1	0	06	0000	0	2	1
08D161	1	0	06	0000	0	2	1
08D163	1	0	06	0000	0	1	1
08D164	1	0	06	0000	0	1	1
08D165	1	0	06	0000	0	2	1
08D167	1	0	06	0000	0	1	1
08D168	1	0	06	0000	0	1	1
08D169	1	0	06	0000	0	2	1
08D16B	1	0	06	0000	0	2	1
08D16D	1	0	06	0000	0	1	1
08D16E	1	0	06	0000	0	2	1
08D170	1	0	06	0000	0	2	1
08D172	1	0	06	0000	0	2	1
08D174	1	0	06	0000	0	2	1
08D176	1	0	06	0000	0	2	1
08D178	1	0	06	0000	0	2	1
08D17A	1	0	06	0000	0	2	1
08D17C	1	0	06	0000	0	2	1
08D17E	1	0	06	0000	0	2	1
08D180	1	0	06	0000	0	2	1
08D182	1	0	06	0000	0	2	1
08D184	1	0	06	0000	0	2	1
08D186	1	0	06	0000	0	2	1
08D188	1	0	06	0000	0	2	1
08D18A	1	0	06	0000	0	2	1
08D18C	1	0	06	0000	0	2	1
08D18E	1	0	06	0000	0	3	1
08D191	1	0	06	0000	0	2	1
08D193	1	0	06	0000	0	2	1
08D195	1	0	06	0000	0	2	1
08D197	1	0	06	0000	0	2	1
08D199	1	0	06	0000	0	2	1
08D19B	1	0	06	0000	0	3	1
08D19E	1	0	06	0000	0	3	1
08D1A1	1	0	06	0000	0	2	1
08D1A3	1	0	06	0000	0	1	1
08D1A4	1	0	06	0000	0	2	1
08D1A6	1	0	06	0000	0	3	1
08D1A9	1	0	06	0000	0	1	1
08D22A	1	0	06	0000	0	3	1
08D22D	1	0	06	0000	0	2	1
08D22F	1	0	06	0000	0	2	1
08D231	1	0	06	0000	0	3	1
08D234	1	0	06	0000	0	2	1
08D236	1	0	06	0000	0	3	1
08D239	1	0	06	0000	0	3	1
08D23C	1	0	06	0000	0	3	1
08D23F	1	0	06	0000	0	2	1
08D241	1	0	06	0000	0	1	1
08D242	1	0	06	0000	0	2	1
08D244	1	0	06	0000	0	2	1
08D246	1	0	06	0000	0	2	1
08D248	1	0	06	0000	0	2	1
08D24A	1	0	06	0000	0	2	1
08D24C	0	0	06	0000	0	3	1
08D24F	0	0	06	0000	0	3	1
08D252	0	0	06	0000	0	2	1
08D254	0	0	06	0000	0	2	1
08D256	0	0	06	0000	0	2	1
08D258	0	0	06	0000	0	3	1
08D25B	0	0	06	0000	0	1	1
08D25C	0	0	06	0000	0	2	1
08D25E	0	0	06	0000	0	1	1
08D25F	0	0	06	0000	0	2	1
08D261	0	0	06	0000	0	2	1
08D263	0	0	06	0000	0	2	1
08D265	1	0	06	0000	0	2	1
08D267	1	0	06	0000	0	2	1
08D269	1	0	06	0000	0	1	1
08D26A	1	0	06	0000	0	2	1
08D26C	1	0	06	0000	0	2	1
08D26E	1	0	06	0000	0	3	1
08D271	1	0	06	0000	0	2	1
08D273	1	0	06	0000	0	1	1
08D274	1	0	06	0000	0	2	1
08D276	1	0	06	0000	0	2	1
08D278	1	0	06	0000	0	1	1
08D279	1	0	06	0000	0	2	1
08D27B	1	0	06	0000	0	2	1
08D27D	1	0	06	0000	0	2	1
08D27F	1	0	06	0000	0	3	1
08D282	1	0	06	0000	0	2	1
08D284	1	0	06	0000	0	2	1
08D286	1	0	06	0000	0	3	1
08D289	1	0	06	0000	0	2	1
08D28B	1	0	06	0000	0	1	1
08D28C	1	0	06	0000	0	1	1
08D28D	1	0	06	0000	0	2	1
08D28F	1	0	06	0000	0	2	1
08D291	1	0	06	0000	0	2	1
08D293	1	0	06	0000	0	1	1
08D294	1	0	06	0000	0	2	1
08D296	1	0	06	0000	0	2	1
08D298	1	0	06	0000	0	2	1
08D29A	1	0	06	0000	0	3	1
08D29D	1	0	06	0000	0	2	1
08D29F	0	0	06	0000	0	2	1
08D2A1	0	0	06	0000	0	2	1
08D2A3	0	0	06	0000	0	3	1
08D2A6	0	0	06	0000	0	1	1
08D2A7	0	0	06	0000	0	2	1
08D2A9	0	0	06	0000	0	1	1
08D2AA	0	0	06	0000	0	2	1
08D2AC	0	0	06	0000	0	2	1
08D2AE	0	0	06	0000	0	3	1
08D2B1	0	0	06	0000	0	3	1
08D2B4	0	0	06	0000	0	2	1
08D2B6	0	0	06	0000	0	2	1
08D2B8	0	0	06	0000	0	2	1
08D2CC	0	0	06	0000	0	2	1
08D2CE	0	0	06	0000	0	2	1
08D2D0	0	0	06	0000	0	2	1
08D2E5	0	0	06	0000	0	2	1
08D2E7	1	0	06	0000	0	2	1
08D2E9	1	0	06	0000	0	1	1
08D2EA	1	0	06	0000	0	2	1
08D2EC	1	0	06	0000	0	2	1
08D2EE	1	0	06	0000	0	2	1
08D2F0	1	0	06	0000	0	1	1
08D2F1	1	0	06	0000	0	1	1
08D2F2	1	0	06	0000	0	2	1
08D2F4	1	0	06	0000	0	2	1
08D2F6	1	0	06	0000	0	2	1
08D2F8	1	0	06	0000	0	2	1
08D2FA	1	0	06	0000	0	2	1
08D2FC	1	0	06	0000	0	2	1
08D2FE	1	0	06	0000	0	2	1
08D300	1	0	06	0000	0	2	1
08D302	1	0	06	0000	0	1	1
08D303	1	0	06	0000	0	2	1
08D305	1	0	06	0000	0	2	1
08D307	1	0	06	0000	0	2	1
08D309	1	0	06	0000	0	2	1
08D30B	0	0	06	0000	0	2	1
08D30D	0	0	06	0000	0	2	1
08D30F	0	0	06	0000	0	2	1
08D311	0	0	06	0000	0	2	1
08D313	0	0	06	0000	0	2	1
08D315	0	0	06	0000	0	3	1
08D318	0	0	06	0000	0	3	1
08D31B	0	0	06	0000	0	2	1
08D31D	0	0	06	0000	0	2	1
08D31F	0	0	06	0000	0	2	1
08D333	0	0	06	0000	0	2	1
08D335	0	0	06	0000	0	2	1
08D337	0	0	06	0000	0	2	1
08D34C	0	0	06	0000	0	2	1
08D34E	1	0	06	0000	0	2	1
08D350	1	0	06	0000	0	1	1
08D351	1	0	06	0000	0	2	1
08D353	1	0	06	0000	0	1	1
08D354	1	0	06	0000	0	2	1
08D356	1	0	06	0000	0	2	1
08D358	1	0	06	0000	0	2	1
08D35A	1	0	06	0000	0	2	1
08D35C	1	0	06	0000	0	2	1
08D35E	1	0	06	0000	0	2	1
08D360	1	0	06	0000	0	2	1
08D362	1	0	06	0000	0	2	1
08D364	1	0	06	0000	0	2	1
08D366	1	0	06	0000	0	2	1
08D368	1	0	06	0000	0	2	1
08D36A	1	0	06	0000	0	2	1
08D36C	1	0	06	0000	0	1	1
08D36D	1	0	06	0000	0	1	1
08D36E	1	0	06	0000	0	2	1
08D370	1	0	06	0000	0	2	1
08D372	1	0	06	0000	0	1	1
08D373	1	0	06	0000	0	2	1
08D375	1	0	06	0000	0	2	1
08D377	1	0	06	0000	0	2	1
08D379	1	0	06	0000	0	2	1
08D37B	0	0	06	0000	0	2	1
08D37D	0	0	06	0000	0	2	1
08D37F	0	0	06	0000	0	2	1
08D381	0	0	06	0000	0	2	1
08D383	0	0	06	0000	0	1	1
08D384	0	0	06	0000	0	2	1
08D386	0	0	06	0000	0	2	1
08D388	0	0	06	0000	0	3	1
08D38B	0	0	06	0000	0	3	1
08D38E	0	0	06	0000	0	2	1
08D390	0	0	06	0000	0	2	1
08D392	0	0	06	0000	0	2	1
08D3A6	0	0	06	0000	0	2	1
08D3A8	0	0	06	0000	0	2	1
08D3AA	0	0	06	0000	0	2	1
08D3BF	0	0	06	0000	0	2	1
08D3C1	1	0	06	0000	0	2	1
08D3C3	1	0	06	0000	0	1	1
08D3C4	1	0	06	0000	0	2	1
08D3C6	1	0	06	0000	0	2	1
08D3C8	1	0	06	0000	0	2	1
08D3CA	1	0	06	0000	0	2	1
08D3CC	1	0	06	0000	0	2	1
08D3CE	1	0	06	0000	0	2	1
08D3D0	1	0	06	0000	0	2	1
08D3D2	1	0	06	0000	0	2	1
08D3D4	1	0	06	0000	0	2	1
08D3D6	1	0	06	0000	0	2	1
08D3D8	1	0	06	0000	0	2	1
08D3DA	1	0	06	0000	0	2	1
08D3DC	1	0	06	0000	0	1	1
08D3DD	1	0	06	0000	0	1	1
08D3DE	1	0	06	0000	0	1	1
08D3DF	1	0	06	0000	0	2	1
08D3E1	1	0	06	0000	0	2	1
08D3E3	1	0	06	0000	0	2	1
08D3E5	1	0	06	0000	0	2	1
08D3E7	1	0	06	0000	0	2	1
08D3E9	0	0	06	0000	0	2	1
08D3EB	0	0	06	0000	0	2	1
08D3ED	0	0	06	0000	0	2	1
08D3EF	0	0	06	0000	0	2	1
08D3F1	0	0	06	0000	0	2	1
08D3F3	0	0	06	0000	0	3	1
08D3F6	0	0	06	0000	0	3	1
08D3F9	0	0	06	0000	0	2	1
08D3FB	0	0	06	0000	0	2	1
08D3FD	0	0	06	0000	0	2	1
08D411	0	0	06	0000	0	2	1
08D413	0	0	06	0000	0	2	1
08D415	0	0	06	0000	0	2	1
08D42A	0	0	06	0000	0	2	1
08D42C	1	0	06	0000	0	2	1
08D42E	1	0	06	0000	0	1	1
08D42F	1	0	06	0000	0	2	1
08D431	1	0	06	0000	0	1	1
08D432	1	0	06	0000	0	2	1
08D434	1	0	06	0000	0	2	1
08D436	1	0	06	0000	0	2	1
08D438	1	0	06	0000	0	2	1
08D43A	1	0	06	0000	0	2	1
08D43C	0	0	06	0000	0	2	1
08D43E	0	0	06	0000	0	2	1
08D440	0	0	06	0000	0	2	1
08D442	0	0	06	0000	0	1	1
08D443	0	0	06	0000	0	3	1
08D446	0	0	06	0000	0	2	1
08D448	0	0	06	0000	0	2	1
08D44A	1	0	06	0000	0	2	1
08D44C	1	0	06	0000	0	2	1
08D44E	1	0	06	0000	0	3	1
08D451	1	0	06	0000	0	2	1
08D453	1	0	06	0000	0	2	1
08D455	1	0	06	0000	0	2	1
08D457	1	0	06	0000	0	1	1
08D458	1	0	06	0000	0	1	1
08D459	1	0	06	0000	0	2	1
08D45B	1	0	06	0000	0	1	1
08D45C	1	0	06	0000	0	1	1
08D45D	1	0	06	0000	0	2	1
08D45F	1	0	06	0000	0	2	1
08D461	1	0	06	0000	0	2	1
08D463	1	0	06	0000	0	2	1
08D465	1	0	06	0000	0	2	1
08D467	1	0	06	0000	0	2	1
08D469	1	0	06	0000	0	2	1
08D46B	1	0	06	0000	0	2	1
08D46D	0	0	06	0000	0	2	1
08D46F	0	0	06	0000	0	2	1
08D471	0	0	06	0000	0	3	1
08D474	0	0	06	0000	0	1	1
08D475	0	0	06	0000	0	2	1
08D477	0	0	06	0000	0	2	1
08D479	0	0	06	0000	0	2	1
08D47B	1	0	06	0000	0	2	1
08D47D	1	0	06	0000	0	2	1
08D4AE	1	0	06	0000	0	2	1
08D4B0	1	0	06	0000	0	2	1
08D4C0	1	0	06	0000	0	3	1
08D4C3	1	0	06	0000	0	2	1
08D4C5	1	0	06	0000	0	2	1
08D4C7	1	0	06	0000	0	3	1
08D4CA	1	0	06	0000	0	2	1
08D4CC	1	0	06	0000	0	1	1
08D4CD	1	0	06	0000	0	2	1
08D4CF	1	0	06	0000	0	2	1
08D4D1	1	0	06	0000	0	2	1
08D4D3	1	0	06	0000	0	2	1
08D4D5	1	0	06	0000	0	2	1
08D4D7	0	0	06	0000	0	2	1
08D4D9	0	0	06	0000	0	3	1
08D4DC	0	0	06	0000	0	1	1
08D4DD	0	0	06	0000	0	2	1
08D4DF	0	0	06	0000	0	1	1
08D4E0	0	0	06	0000	0	2	1
08D4E2	0	0	06	0000	0	2	1
08D4E4	0	0	06	0000	0	2	1
08D4E6	1	0	06	0000	0	2	1
08D4E8	1	0	06	0000	0	2	1
08D4EA	1	0	06	0000	0	1	1
08D509	1	0	06	0000	0	3	1
08D50C	1	0	06	0000	0	2	1
08D50E	1	0	06	0000	0	2	1
08D510	1	0	06	0000	0	3	1
08D513	1	0	06	0000	0	2	1
08D515	1	0	06	0000	0	3	1
08D518	1	0	06	0000	0	2	1
08D51A	1	0	06	0000	0	2	1
08D51C	1	0	06	0000	0	3	1
08D51F	1	0	06	0000	0	2	1
08D521	1	0	06	0000	0	2	1
08D523	1	0	06	0000	0	2	1
08D525	1	0	06	0000	0	2	1
08D527	1	0	06	0000	0	1	1
08D528	1	0	06	0000	0	2	1
08D52A	1	0	06	0000	0	2	1
08D52C	1	0	06	0000	0	2	1
08D531	1	0	06	0000	0	2	1
08D533	1	0	06	0000	0	2	1
08D535	1	0	06	0000	0	3	1
08D538	1	0	06	0000	0	3	1
08D53B	1	0	06	0000	0	2	1
08D53D	1	0	06	0000	0	3	1
08D540	1	0	06	0000	0	2	1
08D542	1	0	06	0000	0	3	1
08D545	1	0	06	0000	0	2	1
08D547	1	0	06	0000	0	2	1
08D549	1	0	06	0000	0	3	1
08D54C	1	0	06	0000	0	2	1
08D554	1	0	06	0000	0	2	1
08D556	1	0	06	0000	0	1	1
08D5A9	1	0	06	0000	0	3	1
08D5AC	1	0	06	0000	0	2	1
08D5AE	1	0	06	0000	0	3	1
08D5B1	1	0	06	0000	0	3	1
08D5B4	1	0	06	0000	0	1	1
08D5B5	1	1	06	09D8	0	2	1
08D5B7	1	0	06	09D8	0	2	1
08D5B9	1	0	06	09D8	0	3	1
08D5BC	1	0	06	09D8	0	1	1
08D5BD	1	0	06	09D8	0	3	1
08D5C0	1	0	06	09D8	0	1	1
08D5C1	1	0	06	09D8	0	2	1
08D5C3	1	0	06	09D8	0	2	1
08D5C5	1	0	06	09D8	0	3	1
08D5C8	1	0	06	09D8	0	2	1
08D5CA	1	0	06	09D8	0	3	1
08D5CD	1	0	06	09D8	0	2	1
08D5CF	1	0	06	09D8	0	2	1
08D5D1	1	0	06	09D8	0	2	1
08D5D3	1	0	06	09D8	0	2	1
08D5D5	1	0	06	09D8	0	3	1
08D5D8	1	0	06	09D8	0	1	1
08D5D9	1	0	06	09D8	0	3	1
08D5DC	1	0	06	09D8	0	2	1
08D5DE	1	0	06	09D8	0	3	1
08D5E1	1	0	06	09D8	0	2	1
08D5E3	1	0	06	09D8	0	2	1
08D5E5	1	0	06	09D8	0	2	1
08D5E7	1	0	06	09D8	0	2	1
08D5E9	1	0	06	09D8	0	3	1
08D5EC	1	0	06	09D8	0	1	1
08D5ED	1	0	06	09D8	0	3	1
08D5F0	1	0	06	09D8	0	2	1
08D5F2	1	0	06	09D8	0	3	1
08D5F5	1	0	06	09D8	0	2	1
08D5F7	1	0	06	09D8	0	2	1
08D5F9	1	0	06	09D8	0	2	1
08D5FB	1	1	06	09D8	0	2	1
08D5FD	1	1	06	09D8	0	2	1
08D5FF	1	1	06	09D8	0	2	1
08D60A	1	1	06	09D8	0	1	1
08D60B	1	1	06	09D8	0	1	1
08D60C	1	1	06	09D8	0	2	1
08D60E	1	0	06	09D8	0	2	1
08D610	1	0	06	09D8	0	3	1
08D613	1	0	06	09D8	0	1	1
08D614	1	0	06	09D8	0	2	1
08D616	1	0	06	09D8	0	2	1
08D618	1	0	06	09D8	0	2	1
08D61A	1	0	06	09D8	0	1	1
08D61B	1	0	06	09D8	0	3	1
08D61E	1	0	06	09D8	0	2	1
08D620	1	0	06	09D8	0	3	1
08D623	1	0	06	09D8	0	1	1
08D624	1	0	06	09D8	0	3	1
08D627	1	0	06	09D8	0	1	1
08D628	1	0	06	09D8	0	3	1
08D62B	1	0	06	09D8	0	2	1
08D62D	1	0	06	09D8	0	3	1
08D630	1	0	06	09D8	0	2	1
08D632	1	0	06	09D8	0	2	1
08D634	1	0	06	09D8	0	2	1
08D636	1	0	06	09D8	0	2	1
08D638	1	0	06	09D8	0	3	1
08D63B	1	0	06	09D8	0	1	1
08D63C	1	0	06	09D8	0	3	1
08D63F	1	0	06	09D8	0	1	1
08D640	1	0	06	09D8	0	3	1
08D643	1	0	06	09D8	0	2	1
08D645	1	0	06	09D8	0	3	1
08D648	1	0	06	09D8	0	2	1
08D64A	1	0	06	09D8	0	2	1
08D64C	1	0	06	09D8	0	2	1
08D64E	1	0	06	09D8	0	2	1
08D650	1	1	06	09D8	0	1	1
08D651	1	1	06	0D18	0	1	1
08D652	1	1	06	0D18	0	2	1
08D654	1	0	06	0D18	0	3	1
08D657	1	0	06	0D18	0	4	1
08D65B	1	0	06	0D18	0	2	1
08D65D	1	0	06	0D18	0	2	1
08D65F	1	0	06	0D18	0	3	1
08D662	1	0	06	0D18	0	2	1
08D664	1	0	06	0D18	0	3	1
08D667	1	0	06	0D18	0	3	1
08D66A	1	0	06	0D18	0	2	1
08D66C	1	0	06	0D18	0	2	1
08D66E	1	0	06	0D18	0	3	1
08D671	1	0	06	0D18	0	1	1
08D672	1	1	06	0D18	0	1	1
08D673	1	1	06	09D8	0	4	1
08D677	1	1	06	09D8	0	2	1
08D679	1	1	06	09D8	0	4	1
08D67D	1	1	06	09D8	0	2	1
08D682	1	1	06	09D8	0	2	1
08D684	1	1	06	09D8	0	1	1
08D685	1	1	06	09D8	0	2	1
08D687	1	1	06	09D8	0	2	1
08D689	1	0	06	09D8	0	2	1
08D68B	1	0	06	09D8	0	3	1
08D68E	1	0	06	09D8	0	2	1
08D690	1	0	06	09D8	0	2	1
08D692	1	1	06	09D8	0	2	1
08D694	1	1	06	09D8	0	2	1
08D696	1	0	06	09D8	0	2	1
08D698	1	0	06	09D8	0	3	1
08D69B	1	0	06	09D8	0	2	1
08D69D	1	0	06	09D8	0	1	1
08D69E	1	0	06	09D8	0	2	1
08D6A0	1	0	06	09D8	0	1	1
08D6A1	1	0	06	09D8	0	3	1
08D6A4	1	0	06	09D8	0	2	1
08D6A6	1	0	06	09D8	0	2	1
08D6A8	1	0	06	09D8	0	3	1
08D6AB	1	0	06	09D8	0	1	1
08D6AC	1	0	06	09D8	0	3	1
08D6AF	1	0	06	09D8	0	1	1
08D6B0	1	0	06	09D8	0	3	1
08D6B3	1	0	06	09D8	0	2	1
08D6B5	1	0	06	09D8	0	3	1
08D6B8	1	0	06	09D8	0	2	1
08D6BA	1	0	06	09D8	0	2	1
08D6BC	1	0	06	09D8	0	2	1
08D6BE	1	0	06	09D8	0	2	1
08D6C0	1	0	06	09D8	0	2	1
08D6C2	1	0	06	09D8	0	2	1
08D6C4	1	0	06	09D8	0	2	1
08D6C6	1	0	06	09D8	0	3	1
08D6C9	1	0	06	09D8	0	2	1
08D6CB	1	0	06	09D8	0	3	1
08D6CE	1	0	06	09D8	0	2	1
08D6D0	1	0	06	09D8	0	2	1
08D6D2	1	0	06	09D8	0	2	1
08D6D4	1	0	06	09D8	0	2	1
08D6D6	1	0	06	09D8	0	2	1
08D6D8	1	0	06	09D8	0	3	1
08D6DB	1	0	06	09D8	0	1	1
08D6DC	1	0	06	09D8	0	3	1
08D6DF	1	0	06	09D8	0	2	1
08D6E1	1	0	06	09D8	0	3	1
08D6E4	1	0	06	09D8	0	2	1
08D6E6	1	0	06	09D8	0	2	1
08D6E8	1	0	06	09D8	0	2	1
08D6EA	1	0	06	09D8	0	2	1
08D6EC	1	0	06	09D8	0	2	1
08D6EE	1	0	06	09D8	0	2	1
08D6F0	1	1	06	09D8	0	2	1
08D6F2	1	1	06	09D8	0	1	1
08D6F3	1	0	06	09D8	0	2	1
08D6F5	1	1	06	09D8	0	1	1
08D6F6	1	1	06	09D8	0	1	1
08D6FA	1	1	06	09D8	0	2	1
08D6FC	1	1	06	09D8	0	2	1
08D6FE	1	1	06	09D8	0	2	1
08D700	1	1	06	09D8	0	2	1
08D702	1	1	06	09D8	0	1	1
08D703	1	1	06	09D8	0	2	1
08D705	1	1	06	09D8	0	2	1
08D707	1	1	06	09D8	0	1	1
08D708	1	1	06	09D8	0	1	1
08D709	1	1	06	09D8	0	2	1
08D70B	1	1	06	09D8	0	2	1
08D70D	1	1	06	09D8	0	1	1
08D70E	1	1	06	09D8	0	1	1
08D70F	1	1	06	09D8	0	2	1
08D711	1	1	06	09D8	0	2	1
08D713	1	1	06	09D8	0	1	1
08D714	1	1	06	09D8	0	1	1
08D715	1	1	06	09D8	0	2	1
08D717	1	1	06	09D8	0	2	1
08D719	1	1	06	09D8	0	1	1
08D71A	1	1	06	09D8	0	1	1
08D71B	1	1	06	09D8	0	1	1
08D71C	1	1	06	09D8	0	2	1
08D71E	1	1	06	09D8	0	2	1
08D720	1	1	06	09D8	0	2	1
08D722	1	1	06	09D8	0	4	1
08D726	1	1	06	09D8	0	2	1
08D728	1	1	06	09D8	0	2	1
08D72A	1	1	06	09D8	0	2	1
08D72C	1	1	06	09D8	0	2	1
08D72E	1	1	06	09D8	0	2	1
08D730	1	1	06	09D8	0	1	1
08D731	1	1	06	09D8	0	2	1
08D733	1	1	06	09D8	0	2	1
08D735	1	1	06	09D8	0	1	1
08D736	1	1	06	09D8	0	3	1
08D739	1	1	06	09D8	0	1	1
08D73A	1	1	06	09D8	0	4	1
08D73E	1	1	06	09D8	0	2	1
08D740	1	1	06	09D8	0	2	1
08D742	1	1	06	09D8	0	2	1
08D744	1	1	06	09D8	0	2	1
08D746	1	1	06	09D8	0	2	1
08D748	1	1	06	09D8	0	1	1
08D749	1	1	06	09D8	0	2	1
08D74B	1	1	06	09D8	0	2	1
08D74D	1	1	06	09D8	0	1	1
08D74E	1	1	06	09D8	0	3	1
08D751	1	1	06	09D8	0	1	1
08D752	1	1	06	0D18	0	2	1
08D754	1	0	06	0D18	0	2	1
08D756	1	0	06	0D18	0	2	1
08D758	1	0	06	0D18	0	2	1
08D75A	1	0	06	0D18	0	2	1
08D75C	1	0	06	0D18	0	3	1
08D75F	1	0	06	0D18	0	2	1
08D761	1	0	06	0D18	0	3	1
08D764	1	0	06	0D18	0	2	1
08D766	1	0	06	0D18	0	3	1
08D769	1	0	06	0D18	0	2	1
08D76B	1	0	06	0D18	0	3	1
08D76E	1	0	06	0D18	0	4	1
08D772	1	0	06	0D18	0	2	1
08D774	1	0	06	0D18	0	3	1
08D777	1	0	06	0D18	0	3	1
08D77A	1	0	06	0D18	0	2	1
08D795	1	0	06	0D18	0	2	1
08D797	1	1	06	0D18	0	2	1
08D799	1	1	06	0D18	0	1	1
08D79A	1	1	06	0D18	0	2	1
08D79C	1	0	06	0D18	0	2	1
08D79E	1	0	06	0D18	0	2	1
08D7A0	1	0	06	0D18	0	2	1
08D7A2	1	0	06	0D18	0	2	1
08D7A4	1	0	06	0D18	0	2	1
08D7A6	1	0	06	0D18	0	2	1
08D7A8	1	0	06	0D18	0	2	1
08D7AA	1	0	06	0D18	0	2	1
08D7AC	1	0	06	0D18	0	3	1
08D7AF	0	0	06	0D18	0	2	1
08D7B1	1	0	06	0D18	0	3	1
08D7B4	1	0	06	0D18	0	2	1
08D7B6	1	0	06	0D18	0	3	1
08D7B9	1	0	06	0D18	0	2	1
08D7BB	1	0	06	0D18	0	4	1
08D7BF	1	0	06	0D18	0	2	1
08D7C1	1	0	06	0D18	0	3	1
08D7C4	1	0	06	0D18	0	2	1
08D7C6	0	0	06	0D18	0	1	1
08D7C7	0	0	06	0D18	0	3	1
08D7CA	0	0	06	0D18	0	1	1
08D7CB	0	0	06	0D18	0	3	1
08D7CE	0	0	06	0D18	0	2	1
08D7D0	0	0	06	0D18	0	2	1
08D7D2	1	1	06	0D18	0	2	1
08D7D4	1	1	06	0D18	0	1	1
08D865	1	0	06	0D18	0	1	1
08D866	1	0	06	0D18	0	2	1
08D868	1	0	06	0D18	0	2	1
08D86D	1	0	06	0D18	0	3	1
08D870	1	0	06	0D18	0	2	1
08D872	1	0	06	0D18	0	1	1
08D873	1	0	06	0D18	0	1	1
08D874	1	0	06	0D18	0	1	1
08D875	1	0	06	0D18	0	2	1
08D877	0	0	06	0D18	0	1	1
08D878	0	0	06	0D18	0	3	1
08D87B	0	0	06	0D18	0	3	1
08D87E	0	0	06	0D18	0	3	1
08D881	0	0	06	0D18	0	3	1
08D884	0	0	06	0D18	0	2	1
08D886	0	0	06	0D18	0	3	1
08D889	0	0	06	0D18	0	2	1
08D88B	0	0	06	0D18	0	3	1
08D88E	0	0	06	0D18	0	2	1
08D890	1	0	06	0D18	0	3	1
08D893	1	0	06	0D18	0	3	1
08D896	1	0	06	0D18	0	2	1
08D898	1	0	06	0D18	0	3	1
08D89B	1	0	06	0D18	0	3	1
08D89E	1	0	06	0D18	0	2	1
08D8A0	1	0	06	0D18	0	1	1
08D8A1	1	0	06	0D18	0	3	1
08D8A4	1	0	06	0D18	0	1	1
08D8A5	1	0	06	0000	0	3	1
08D8A8	1	0	06	0000	0	1	1
08D8A9	1	0	06	0000	0	3	1
08D8AC	1	0	06	0000	0	2	1
08D8AE	1	0	06	0000	0	2	1
08D8B0	1	0	06	0000	0	3	1
08D8B3	1	0	06	0000	0	1	1
08D8B4	1	0	06	0000	0	3	1
08D8B7	1	0	06	0000	0	2	1
08D8B9	1	0	06	0000	0	2	1
08D8BB	1	0	06	0000	0	2	1
08D8BD	0	0	06	0000	0	3	1
08D8C0	0	0	06	0000	0	3	1
08D8C3	0	0	06	0000	0	3	1
08D8C6	0	0	06	0000	0	2	1
08D8C8	0	0	06	0000	0	3	1
08D8CB	0	0	06	0000	0	2	1
08D8CD	0	0	06	0000	0	2	1
08D8CF	0	0	06	0000	0	3	1
08D8D2	0	0	06	0000	0	1	1
08D8D3	0	0	06	0000	0	2	1
08D8D5	0	0	06	0000	0	2	1
08D8D7	0	0	06	0000	0	3	1
08D8DA	0	0	06	0000	0	3	1
08D8DD	0	0	06	0000	0	3	1
08D8E0	0	0	06	0000	0	2	1
08D8E2	0	0	06	0000	0	3	1
08D8E5	0	0	06	0000	0	2	1
08D8E7	0	0	06	0000	0	2	1
08D8E9	0	0	06	0000	0	3	1
08D8EC	0	0	06	0000	0	1	1
08D8ED	0	0	06	0000	0	2	1
08D8EF	0	0	06	0000	0	1	1
08D8F0	0	0	06	0000	0	2	1
08D8F2	0	0	06	0000	0	1	1
08D8F3	0	0	06	0000	0	2	1
08D8F5	0	0	06	0000	0	2	1
08D8F7	0	0	06	0000	0	2	1
08D8F9	0	0	06	0000	0	3	1
08D8FC	0	0	06	0000	0	1	1
08D8FD	0	0	06	0000	0	2	1
08D8FF	0	0	06	0000	0	2	1
08D901	0	0	06	0000	0	1	1
08D902	0	0	06	0000	0	2	1
08D904	0	0	06	0000	0	1	1
08D905	0	0	06	0000	0	2	1
08D907	0	0	06	0000	0	2	1
08D909	0	0	06	0000	0	2	1
08D90B	0	0	06	0000	0	3	1
08D90E	0	0	06	0000	0	1	1
08D90F	0	0	06	0000	0	2	1
08D911	0	0	06	0000	0	2	1
08D913	0	0	06	0000	0	3	1
08D916	0	0	06	0000	0	3	1
08D919	0	0	06	0000	0	3	1
08D91C	0	0	06	0000	0	2	1
08D91E	0	0	06	0000	0	3	1
08D921	0	0	06	0000	0	2	1
08D923	0	0	06	0000	0	2	1
08D925	0	0	06	0000	0	3	1
08D928	0	0	06	0000	0	3	1
08D92B	0	0	06	0000	0	3	1
08D92E	0	0	06	0000	0	2	1
08D930	0	0	06	0000	0	3	1
08D933	0	0	06	0000	0	1	1
08D934	0	0	06	0000	0	2	1
08D936	0	0	06	0000	0	1	1
08D937	0	0	06	0000	0	2	1
08D939	0	0	06	0000	0	1	1
08D93A	0	0	06	0000	0	2	1
08D93C	0	0	06	0000	0	2	1
08D93E	0	0	06	0000	0	2	1
08D940	0	0	06	0000	0	3	1
08D943	0	0	06	0000	0	1	1
08D944	0	0	06	0000	0	2	1
08D946	0	0	06	0000	0	2	1
08D948	0	0	06	0000	0	1	1
08D949	0	0	06	0000	0	2	1
08D94B	0	0	06	0000	0	1	1
08D94C	0	0	06	0000	0	2	1
08D94E	0	0	06	0000	0	2	1
08D950	0	0	06	0000	0	2	1
08D952	0	0	06	0000	0	3	1
08D955	0	0	06	0000	0	1	1
08D956	0	0	06	0000	0	2	1
08D958	0	0	06	0000	0	2	1
08D95A	1	0	06	0000	0	1	1
08D95B	1	0	06	0D18	0	1	1
08D95C	1	0	06	0D18	0	1	1
08D95D	1	0	06	0D18	0	1	1
08D95E	1	0	06	0D18	0	2	1
08D960	1	1	06	0D18	0	2	1
08D962	1	1	06	0D18	0	1	1
08D963	1	0	06	0D18	0	2	1
08D965	1	0	06	0D18	0	2	1
08D967	1	0	06	0D18	0	2	1
08D969	1	0	06	0D18	0	3	1
08D96C	1	0	06	0D18	0	3	1
08D96F	1	0	06	0D18	0	2	1
08D971	1	0	06	0D18	0	3	1
08D974	1	0	06	0D18	0	2	1
08D976	1	0	06	0D18	0	3	1
08D979	1	0	06	0D18	0	2	1
08D97B	1	0	06	0D18	0	3	1
08D97E	1	0	06	0D18	0	3	1
08D981	1	0	06	0D18	0	3	1
08D984	1	0	06	0D18	0	2	1
08D986	1	0	06	0D18	0	2	1
08D9CF	1	0	06	0D18	0	3	1
08D9D2	1	0	06	0D18	0	2	1
08D9D4	1	0	06	0D18	0	2	1
08D9DA	1	0	06	0D18	0	2	1
08D9DC	1	0	06	0D18	0	4	1
08D9E0	1	0	06	0D18	0	3	1
08D9E3	1	0	06	0D18	0	2	1
08D9E5	1	0	06	0D18	0	1	1
08D9E6	1	0	06	0D18	0	3	1
08D9E9	1	0	06	0D18	0	3	1
08D9EC	1	0	06	0D18	0	2	1
08D9EE	1	0	06	0D18	0	2	1
08D9FD	1	0	06	0D18	0	2	1
08D9FF	1	0	06	0D18	0	3	1
08DA02	1	0	06	0D18	0	2	1
08DA04	1	0	06	0D18	0	2	1
08DA06	1	0	06	0D18	0	3	1
08DA09	1	0	06	0D18	0	2	1
08DA0B	1	0	06	1318	0	2	1
08DA0D	1	0	06	0D18	0	3	1
08DA10	1	0	06	0D18	0	2	1
08DA12	1	1	06	0D18	0	2	1
08DA14	1	1	06	0D18	0	1	1
08DA9B	1	0	06	0D18	0	2	1
08DA9D	0	0	06	0D18	0	3	1
08DAA0	0	0	06	0D18	0	3	1
08DAA3	0	0	06	0D18	0	3	1
08DAA6	0	0	06	0D18	0	3	1
08DAA9	0	0	06	0D18	0	3	1
08DAAC	0	0	06	0D18	0	2	1
08DAB2	0	0	06	0D18	0	2	1
08DAB4	0	0	06	0D18	0	3	1
08DAB7	0	0	06	0D18	0	1	1
08DAB8	0	0	06	0D18	0	1	1
08DAB9	0	0	06	0D18	0	3	1
08DABC	0	0	06	0D18	0	1	1
08DABD	0	0	06	0D18	0	3	1
08DAC0	0	0	06	0D18	0	1	1
08DAC1	0	0	06	0D18	0	2	1
08DAC3	1	0	06	0D18	0	3	1
08DAC6	1	0	06	0D18	0	3	1
08DAC9	1	0	06	0D18	0	3	1
08DACC	1	0	06	0D18	0	2	1
08DACE	1	0	06	0D18	0	3	1
08DAD1	1	0	06	0D18	0	2	1
08DAD3	1	0	06	0D18	0	1	1
08DAD4	1	0	06	0D18	0	3	1
08DAD7	1	0	06	0D18	0	2	1
08DAD9	1	0	06	1318	0	3	1
08DADC	1	0	06	1318	0	2	1
08DADE	1	0	06	1318	0	1	1
08DADF	1	0	06	1318	0	3	1
08DAE2	1	0	06	1318	0	3	1
08DAE5	1	0	06	1318	0	2	1
08DAE7	1	0	06	0D18	0	2	1
08DAE9	1	0	06	0D18	0	3	1
08DAEC	1	0	06	0D18	0	3	1
08DAEF	1	0	06	0D18	0	2	1
08DAF1	1	0	06	0D18	0	2	1
08DAF3	1	0	06	0D18	0	2	1
08DAF5	1	0	06	0D18	0	2	1
08DAFD	1	0	06	0D18	0	2	1
08DAFF	1	0	06	0D18	0	2	1
08DB01	1	0	06	0D18	0	1	1
08DB02	1	0	06	0D18	0	3	1
08DB05	1	0	06	0D18	0	2	1
08DB07	1	0	06	0D18	0	2	1
08DB09	1	0	06	0D18	0	2	1
08DB0B	1	0	06	0D18	0	2	1
08DB0D	1	0	06	0D18	0	4	1
08DB11	1	0	06	0D18	0	2	1
08DB13	1	0	06	0D18	0	3	1
08DB16	1	0	06	0D18	0	3	1
08DB19	1	0	06	0D18	0	3	1
08DB1C	1	0	06	0D18	0	3	1
08DB1F	1	0	06	0D18	0	2	1
08DB21	1	0	06	0D18	0	2	1
08DB23	1	0	06	0D18	0	3	1
08DB26	1	0	06	0D18	0	2	1
08DB28	1	0	06	0D18	0	2	1
08DB2A	1	0	06	0D18	0	2	1
08DB2C	1	0	06	0D18	0	3	1
08DB2F	1	0	06	0D18	0	2	1
08DB31	1	0	06	0D18	0	3	1
08DB34	1	0	06	0D18	0	2	1
08DB36	1	0	06	0D18	0	2	1
08DB38	1	0	06	0D18	0	2	1
08DB3A	1	0	06	0D18	0	3	1
08DB3D	1	0	06	0D18	0	3	1
08DB40	1	0	06	0D18	0	2	1
08DB42	1	0	06	0D18	0	2	1
08DB44	1	0	06	0D18	0	2	1
08DB46	1	0	06	0D18	0	3	1
08DB49	1	0	06	0D18	0	2	1
08DB54	1	0	06	0D18	0	3	1
08DB57	1	0	06	0D18	0	1	1
08DB58	1	0	06	0D18	0	3	1
08DB5B	1	0	06	0D18	0	1	1
08DB5C	1	0	06	0D18	0	1	1
08DB5D	1	0	06	0D18	0	4	1
08DB61	1	0	06	0D18	0	1	1
08DB62	1	0	06	0D18	0	2	1
08DB64	0	0	06	0D18	0	3	1
08DB67	0	0	06	0D18	0	3	1
08DB6A	0	0	06	0D18	0	3	1
08DB6D	0	0	06	0D18	0	3	1
08DB70	0	0	06	0D18	0	2	1
08DB72	1	1	06	0D18	0	1	1
08DB73	1	1	06	0D18	0	2	1
08DB75	1	1	06	1318	0	2	1
08DB77	1	1	06	0D18	0	1	1
08DB78	1	1	06	0D18	0	1	1
08DB7D	1	0	06	1318	0	3	1
08DB80	1	0	06	1318	0	2	1
08DB82	1	0	06	1318	0	3	1
08DB85	1	0	06	1318	0	3	1
08DB88	1	0	06	1318	0	3	1
08DB8B	1	0	06	1318	0	2	1
08DB8D	1	0	06	1318	0	2	1
08DB8F	1	0	06	1318	0	2	1
08DB91	1	0	06	1318	0	2	1
08DB93	1	0	06	1318	0	3	1
08DB96	1	0	06	1318	0	3	1
08DB99	1	0	06	1318	0	3	1
08DB9C	1	0	06	1318	0	2	1
08DB9E	1	0	06	1318	0	4	1
08DBA2	1	0	06	1318	0	1	1
08DBAC	0	0	06	0E98	0	1	1
08DBAD	0	0	06	0E98	0	2	1
08DBAF	1	1	06	0E98	0	2	1
08DBB1	1	1	06	0E98	0	3	1
08DBB4	1	1	06	0E98	0	3	1
08DBB7	1	1	06	0E98	0	3	1
08DBBA	1	1	06	0E98	0	2	1
08DBBC	1	1	06	0E98	0	3	1
08DBBF	1	1	06	0E98	0	2	1
08DBC1	1	1	06	0E98	0	3	1
08DBC4	1	1	06	0E98	0	1	1
08DBC5	0	0	06	0E98	0	1	1
08DBDF	0	1	06	1E58	0	1	1
08DBE0	0	1	06	1E58	0	2	1
08DBE2	1	1	06	1E58	0	2	1
08DBE4	1	0	06	0000	0	1	1
08DBE5	1	0	06	0000	0	2	1
08DBE7	1	1	06	0000	0	3	1
08DBEA	1	1	06	0000	0	2	1
08DBEC	1	1	06	0000	0	3	1
08DBEF	1	1	06	0000	0	2	1
08DBF1	1	1	06	0000	0	3	1
08DBF4	1	1	06	0000	0	2	1
08DBF6	1	1	06	0000	0	3	1
08DBF9	1	1	06	0000	0	3	1
08DBFC	1	1	06	0000	0	2	1
08DBFE	1	1	06	0000	0	3	1
08DC01	1	1	06	0000	0	3	1
08DC04	1	1	06	0000	0	2	1
08DC06	1	1	06	0000	0	2	1
08DC0B	1	1	06	0000	0	3	1
08DC0E	1	1	06	0000	0	2	1
08DC10	1	1	06	0000	0	1	1
08DC11	1	1	06	0000	0	3	1
08DC14	1	1	06	0000	0	3	1
08DC17	1	1	06	0000	0	2	1
08DC19	1	1	06	0000	0	2	1
08DC1B	1	1	06	0000	0	3	1
08DC1E	1	1	06	0000	0	2	1
08DC20	1	1	06	0000	0	3	1
08DC23	1	1	06	0000	0	2	1
08DC25	1	1	06	0000	0	3	1
08DC28	1	1	06	0000	0	2	1
08DC2A	1	1	06	0000	0	3	1
08DC2D	1	1	06	0000	0	1	1
08DC2E	1	0	06	0000	0	1	1
08DC3C	1	0	06	0E98	0	1	1
08DC3D	1	0	06	0E98	0	2	1
08DC3F	1	1	06	0E98	0	3	1
08DC42	1	1	06	0E98	0	2	1
08DC44	1	1	06	0E98	0	2	1
08DC46	1	1	06	0E98	0	3	1
08DC49	1	1	06	0E98	0	2	1
08DC4B	1	1	06	0E98	0	3	1
08DC4E	1	1	06	0E98	0	2	1
08DC50	1	1	06	0E98	0	3	1
08DC53	1	1	06	0E98	0	1	1
08DC54	1	0	06	0E98	0	1	1
08DC64	1	1	06	0D18	0	1	1
08DC65	1	1	06	0D18	0	2	1
08DC67	1	1	06	0D18	0	3	1
08DC6A	1	1	06	0D18	0	2	1
08DC6C	1	1	06	0D18	0	2	1
08DC6E	1	1	06	0D18	0	3	1
08DC71	1	1	06	0D18	0	2	1
08DC7B	1	1	06	0D18	0	3	1
08DC7E	1	1	06	0D18	0	3	1
08DC81	1	1	06	0D18	0	3	1
08DC84	1	1	06	0D18	0	2	1
08DC86	1	1	06	0D18	0	3	1
08DC89	1	1	06	0D18	0	2	1
08DC8B	1	1	06	0D18	0	3	1
08DC8E	1	1	06	0D18	0	2	1
08DC90	1	1	06	0D18	0	3	1
08DC93	1	1	06	0D18	0	1	1
08DC94	1	1	06	0D18	0	1	1
08DC9C	1	1	06	0D18	0	1	1
08DC9D	1	1	06	0D18	0	2	1
08DC9F	1	1	06	0D18	0	3	1
08DCA2	1	1	06	0D18	0	2	1
08DCA4	1	1	06	0D18	0	3	1
08DCA7	1	1	06	0D18	0	2	1
08DCA9	1	1	06	0D18	0	3	1
08DCAC	1	1	06	0D18	0	3	1
08DCAF	1	1	06	0D18	0	1	1
08DCB0	1	1	06	0D18	0	1	1
08DCB1	1	1	06	1548	0	3	1
08DCB4	1	1	06	1548	0	2	1
08DCB6	1	1	06	1548	0	2	1
08DCB8	1	1	06	1548	0	3	1
08DCBB	1	1	06	1548	0	3	1
08DCBE	1	1	06	1548	0	3	1
08DCC1	1	1	06	1548	0	2	1
08DCC3	1	1	06	1548	0	3	1
08DCC6	1	1	06	1548	0	2	1
08DCC8	1	1	06	1548	0	3	1
08DCCB	1	1	06	1548	0	1	1
08DCCC	1	1	06	1548	0	3	1
08DCCF	1	1	06	1548	0	2	1
08DCD1	1	1	06	1548	0	3	1
08DCD4	1	1	06	1548	0	2	1
08DCD6	1	1	06	1548	0	3	1
08DCD9	1	1	06	1548	0	3	1
08DCDC	1	1	06	1548	0	1	1
08DCDD	1	1	06	0D18	0	3	1
08DCE0	1	1	06	0D18	0	2	1
08DCE2	1	1	06	0D18	0	2	1
08DCE4	1	1	06	0D18	0	3	1
08DCE7	1	1	06	0D18	0	2	1
08DCE9	1	1	06	0D18	0	2	1
08DCEB	1	1	06	0D18	0	2	1
08DCED	1	1	06	0D18	0	3	1
08DCF0	1	1	06	0D18	0	2	1
08DCF2	1	1	06	0D18	0	3	1
08DCF5	1	1	06	0D18	0	3	1
08DCF8	1	1	06	0D18	0	3	1
08DCFB	1	1	06	0D18	0	1	1
08DD02	1	1	06	0D18	0	2	1
08DD04	1	1	06	0D18	0	3	1
08DD07	1	1	06	0D18	0	2	1
08DD09	1	1	06	0D18	0	3	1
08DD0C	1	1	06	0D18	0	3	1
08DD0F	1	1	06	0D18	0	2	1
08DD11	1	1	06	0D18	0	3	1
08DD14	1	1	06	0D18	0	1	1
08DD6A	1	1	06	1A38	0	1	1
08DD6B	1	1	06	1A38	0	2	1
08DD6D	0	1	06	1A38	0	2	1
08DD6F	0	1	06	1A38	0	3	1
08DD72	0	1	06	1A38	0	2	1
08DD74	0	1	06	1A38	0	3	1
08DD77	0	1	06	1A38	0	3	1
08DD7A	0	1	06	1A38	0	3	1
08DD7D	0	1	06	1A38	0	3	1
08DD80	0	1	06	1A18	0	3	1
08DD83	0	1	06	1A18	0	2	1
08DD85	0	1	06	0DD8	0	1	1
08DD86	0	1	06	0DD8	0	2	1
08DD88	0	1	06	1A18	0	2	1
08DD8A	0	1	06	1A18	0	1	1
08DD8B	0	1	06	1A18	0	3	1
08DD8E	0	1	06	1A18	0	1	1
08DD8F	0	1	06	0000	0	2	1
08DD91	0	1	06	0000	0	2	1
08DD93	0	1	06	0000	0	1	1
08DD94	0	1	06	0000	0	2	1
08DD96	0	1	06	0000	0	2	1
08DD98	0	1	06	0000	0	2	1
08DD9A	0	1	06	0000	0	3	1
08DD9D	0	1	06	0000	0	1	1
08DD9E	0	1	06	0000	0	2	1
08DDA0	0	1	06	0000	0	1	1
08DDA1	0	1	06	0000	0	1	1
08DDA2	0	1	06	0000	0	3	1
08DDA5	0	1	06	0000	0	1	1
08DDA6	0	1	06	0000	0	2	1
08DDA8	0	1	06	0000	0	1	1
08DDA9	0	1	06	0000	0	2	1
08DDAB	0	1	06	0000	0	2	1
08DDAD	0	1	06	0000	0	2	1
08DDAF	0	1	06	0000	0	3	1
08DDB2	0	1	06	0000	0	1	1
08DDB3	0	1	06	0000	0	2	1
08DDB5	0	1	06	0000	0	1	1
08DDB6	0	1	06	0000	0	1	1
08DDB7	0	1	06	0000	0	3	1
08DDBA	0	1	06	0000	0	1	1
08DDBB	0	1	06	0000	0	2	1
08DDBD	0	1	06	0000	0	2	1
08DDBF	0	1	06	0000	0	2	1
08DDC1	0	1	06	0000	0	1	1
08DDC2	0	1	06	0000	0	2	1
08DDC4	0	1	06	0000	0	2	1
08DDC6	0	1	06	0000	0	1	1
08DDC7	0	1	06	0000	0	2	1
08DDC9	0	1	06	0000	0	1	1
08DDCA	0	1	06	0000	0	1	1
08DDCB	0	1	06	0000	0	3	1
08DDCE	0	1	06	0000	0	1	1
08DDCF	0	1	06	0000	0	2	1
08DDD1	0	1	06	0000	0	1	1
08DDD2	0	1	06	0000	0	1	1
08DDD3	0	1	06	0000	0	1	1
08DDD4	0	1	06	0000	0	2	1
08DDD6	0	1	06	0000	0	2	1
08DDD8	0	1	06	0000	0	1	1
08DDD9	0	1	06	0000	0	2	1
08DDDB	0	1	06	0000	0	2	1
08DDDD	0	1	06	0000	0	2	1
08DDDF	0	1	06	0000	0	2	1
08DDE1	0	1	06	0000	0	2	1
08DDE3	0	1	06	0000	0	2	1
08DDE5	0	1	06	0000	0	1	1
08DDE6	0	1	06	0000	0	2	1
08DDE8	0	1	06	0000	0	2	1
08DDEA	0	1	06	0000	0	1	1
08DDEB	0	1	06	0000	0	1	1
08DDEC	0	1	06	0000	0	2	1
08DDEE	0	1	06	0000	0	1	1
08DDEF	0	1	06	1A18	0	2	1
08DDF1	1	1	06	1A18	0	3	1
08DDF4	1	1	06	1A18	0	1	1
08DDF5	1	1	06	1A18	0	1	1
08DDF6	1	1	06	1548	0	2	1
08DDF8	0	0	06	1548	0	3	1
08DDFB	0	0	06	1548	0	3	1
08DDFE	0	0	06	1548	0	3	1
08DE01	0	0	06	1548	0	3	1
08DE04	0	0	06	1548	0	3	1
08DE07	0	0	06	1548	0	1	1
08DE08	0	0	06	1548	0	1	1
08DE09	0	0	06	1548	0	3	1
08DE0C	0	0	06	1548	0	1	1
08DE0D	0	0	06	1548	0	3	1
08DE10	0	0	06	1548	0	2	1
08DE12	0	0	06	1548	0	2	1
08DE14	1	1	06	1548	0	1	1
08DE15	1	1	06	0E98	0	2	1
08DE17	0	0	06	0E98	0	3	1
08DE1A	0	0	06	0E98	0	3	1
08DE1D	0	0	06	0E98	0	3	1
08DE20	0	0	06	0E98	0	2	1
08DE22	0	0	06	0E98	0	2	1
08DE24	1	0	06	0E98	0	3	1
08DE27	1	0	06	0E98	0	2	1
08DE29	1	0	06	0E98	0	2	1
08DE2B	0	0	06	0E98	0	2	1
08DE2D	0	0	06	0E98	0	1	1
08DE2E	0	0	06	0E98	0	3	1
08DE31	0	0	06	0E98	0	1	1
08DE32	0	0	06	0E98	0	3	1
08DE35	0	0	06	0E98	0	3	1
08DE38	0	0	06	0E98	0	2	1
08DE3A	0	0	06	0E98	0	1	1
08DE3B	0	0	06	0E98	0	1	1
08DE3C	0	0	06	0E98	0	1	1
08DE3D	0	0	06	0E98	0	1	1
08DE3E	0	0	06	0E98	0	3	1
08DE41	0	0	06	0E98	0	1	1
08DE42	0	0	06	0E98	0	3	1
08DE45	0	0	06	0E98	0	2	1
08DE47	0	0	06	0E98	0	2	1
08DE49	1	1	06	0E98	0	1	1
08DE4A	1	1	06	1D18	0	2	1
08DE4C	0	0	06	1D18	0	3	1
08DE4F	0	0	06	1D18	0	3	1
08DE52	0	0	06	1D18	0	3	1
08DE55	0	0	06	1D18	0	2	1
08DE57	0	0	06	1D18	0	2	1
08DE59	1	0	06	1D18	0	3	1
08DE5C	1	0	06	1D18	0	2	1
08DE5E	1	0	06	1D18	0	2	1
08DE60	0	0	06	1D18	0	2	1
08DE62	0	0	06	1D18	0	1	1
08DE63	0	0	06	1D18	0	3	1
08DE66	0	0	06	1D18	0	1	1
08DE67	0	0	06	1D18	0	3	1
08DE6A	0	0	06	1D18	0	3	1
08DE6D	0	0	06	1D18	0	2	1
08DE6F	0	0	06	1D18	0	1	1
08DE70	0	0	06	1D18	0	1	1
08DE71	0	0	06	1D18	0	1	1
08DE72	0	0	06	1D18	0	1	1
08DE73	0	0	06	1D18	0	3	1
08DE76	0	0	06	1D18	0	1	1
08DE77	0	0	06	1D18	0	3	1
08DE7A	0	0	06	1D18	0	2	1
08DE7C	0	0	06	1D18	0	2	1
08DE7E	1	1	06	1D18	0	1	1
08DEB4	1	1	06	0E58	0	2	1
08DEB6	0	0	06	0E58	0	3	1
08DEB9	0	0	06	0E58	0	3	1
08DEBC	0	0	06	0E58	0	3	1
08DEBF	0	0	06	0E58	0	2	1
08DEC1	0	0	06	0E58	0	2	1
08DEC3	1	0	06	0E58	0	3	1
08DEC6	1	0	06	0E58	0	2	1
08DEC8	1	0	06	0E58	0	2	1
08DECA	0	0	06	0E58	0	2	1
08DECC	0	0	06	0E58	0	1	1
08DECD	0	0	06	0E58	0	3	1
08DED0	0	0	06	0E58	0	1	1
08DED1	0	0	06	0E58	0	3	1
08DED4	0	0	06	0E58	0	3	1
08DED7	0	0	06	0E58	0	2	1
08DED9	0	0	06	0E58	0	1	1
08DEDA	0	0	06	0E58	0	1	1
08DEDB	0	0	06	0E58	0	1	1
08DEDC	0	0	06	0E58	0	1	1
08DEDD	0	0	06	0E58	0	3	1
08DEE0	0	0	06	0E58	0	1	1
08DEE1	0	0	06	0E58	0	3	1
08DEE4	0	0	06	0E58	0	2	1
08DEE6	0	0	06	0E58	0	2	1
08DEE8	1	1	06	0E58	0	1	1
08DEE9	1	1	06	1548	0	2	1
08DEEB	0	0	06	1548	0	3	1
08DEEE	0	0	06	1548	0	3	1
08DEF1	0	0	06	1548	0	3	1
08DEF4	0	0	06	1548	0	3	1
08DEF7	0	0	06	1548	0	1	1
08DEF8	0	0	06	1548	0	1	1
08DEF9	0	0	06	1548	0	3	1
08DEFC	0	0	06	1548	0	1	1
08DEFD	0	0	06	1548	0	3	1
08DF00	0	0	06	1548	0	2	1
08DF02	0	0	06	1548	0	2	1
08DF04	1	1	06	1548	0	1	1
08DF05	1	1	06	1548	0	2	1
08DF07	0	0	06	1548	0	3	1
08DF0A	0	0	06	1548	0	3	1
08DF0D	0	0	06	1548	0	3	1
08DF10	0	0	06	1548	0	3	1
08DF13	0	0	06	1548	0	1	1
08DF14	0	0	06	1548	0	1	1
08DF15	0	0	06	1548	0	3	1
08DF18	0	0	06	1548	0	1	1
08DF19	0	0	06	1548	0	3	1
08DF1C	0	0	06	1548	0	2	1
08DF1E	0	0	06	1548	0	2	1
08DF20	1	1	06	1548	0	1	1
08DF21	1	1	06	1548	0	2	1
08DF23	0	0	06	1548	0	3	1
08DF26	0	0	06	1548	0	3	1
08DF29	0	0	06	1548	0	3	1
08DF2C	0	0	06	1548	0	3	1
08DF2F	0	0	06	1548	0	1	1
08DF30	0	0	06	1548	0	1	1
08DF31	0	0	06	1548	0	3	1
08DF34	0	0	06	1548	0	1	1
08DF35	0	0	06	1548	0	3	1
08DF38	0	0	06	1548	0	2	1
08DF3A	0	0	06	1548	0	3	1
08DF3D	0	0	06	1548	0	3	1
08DF40	0	0	06	1548	0	3	1
08DF43	0	0	06	1548	0	3	1
08DF46	0	0	06	1548	0	2	1
08DF48	0	0	06	1548	0	3	1
08DF4B	0	0	06	1548	0	3	1
08DF4E	0	0	06	1548	0	1	1
08DF4F	0	0	06	1548	0	1	1
08DF50	0	0	06	1548	0	3	1
08DF53	0	0	06	1548	0	1	1
08DF54	0	0	06	1548	0	3	1
08DF57	0	0	06	1548	0	2	1
08DF59	0	0	06	1548	0	2	1
08DF5B	1	1	06	1548	0	1	1
08DF5C	1	1	06	1548	0	3	1
08DF5F	1	1	06	1548	0	1	1
08DF60	1	1	06	09D8	0	2	1
08DF62	1	1	06	09D8	0	1	1
08DF63	1	1	06	09D8	0	1	1
08DF64	1	1	06	09D8	0	3	1
08DF67	1	1	06	09D8	0	2	1
08DF69	1	1	06	09D8	0	2	1
08DF6B	1	1	06	09D8	0	2	1
08DF6D	1	1	06	09D8	0	2	1
08DF6F	1	1	06	09D8	0	2	1
08DF71	1	1	06	09D8	0	2	1
08DF73	1	1	06	09D8	0	2	1
08DF75	1	1	06	09D8	0	3	1
08DF78	1	1	06	09D8	0	3	1
08DF7B	1	1	06	09D8	0	3	1
08DF7E	1	1	06	09D8	0	3	1
08DF81	1	1	06	09D8	0	2	1
08DF83	1	1	06	09D8	0	2	1
08DF85	1	1	06	09D8	0	1	1
08DF86	1	1	06	1548	0	1	1
08DFA9	1	1	06	19B8	0	1	1
08DFAA	1	1	06	19B8	0	2	1
08DFAC	1	1	06	19B8	0	2	1
08DFAE	1	1	06	19B8	0	2	1
08DFB0	1	1	06	19B8	0	2	1
08DFB5	1	1	06	19B8	0	3	1
08DFB8	1	1	06	19B8	0	3	1
08DFBB	1	1	06	19B8	0	3	1
08DFBE	1	1	06	19B8	0	3	1
08DFC1	1	1	06	19B8	0	3	1
08DFC4	1	1	06	19B8	0	2	1
08DFC6	1	1	06	19B8	0	3	1
08DFC9	1	1	06	19B8	0	1	1
08DFCA	1	1	06	19B8	0	1	1
08DFCB	1	1	06	0D18	0	2	1
08DFCD	1	0	06	0D18	0	3	1
08DFD0	1	0	06	0D18	0	4	1
08DFD4	1	0	06	0D18	0	2	1
08DFD6	1	0	06	0D18	0	3	1
08DFD9	1	0	06	0D18	0	2	1
08DFDB	1	0	06	0D18	0	3	1
08DFDE	1	0	06	0D18	0	3	1
08DFE1	1	0	06	0D18	0	3	1
08DFE4	1	0	06	0D18	0	2	1
08DFE6	0	0	06	0D18	0	2	1
08DFE8	0	0	06	0D18	0	3	1
08DFEB	0	0	06	0D18	0	2	1
08DFED	0	0	06	0D18	0	3	1
08DFF0	0	0	06	0D18	0	2	1
08DFF2	1	0	06	0D18	0	2	1
08DFF4	1	1	06	0D18	0	1	1
08DFF5	1	1	06	0E18	0	1	1
08DFF6	1	1	06	0E18	0	1	1
08DFF7	1	1	06	0E18	0	1	1
08DFF8	1	1	06	0E18	0	1	1
08DFF9	1	1	06	0E18	0	1	1
08DFFA	1	1	06	0E18	0	4	1
08DFFE	1	1	06	0E18	0	1	1
08DFFF	1	1	06	0E18	0	1	1
08E000	1	1	06	0E18	0	3	1
08E003	1	1	06	0E18	0	2	1
08E005	1	1	06	0E18	0	1	1
08E006	1	1	06	0E18	0	2	1
08E008	1	1	06	0E18	0	1	1
08E009	1	1	06	0E18	0	1	1
08E00A	1	1	06	0E18	0	3	1
08E01D	1	1	06	0D18	0	2	1
08E01F	1	1	06	0D18	0	2	1
08E023	1	1	06	0D18	0	3	1
08E026	1	1	06	0D18	0	2	1
08E028	1	1	06	0D18	0	2	1
08E02A	1	1	06	0D18	0	2	1
08E02C	1	1	06	0D18	0	3	1
08E035	1	1	06	0E18	0	1	1
08E036	1	1	06	0D18	0	2	1
08E038	1	0	06	0D18	0	3	1
08E03B	1	0	06	0D18	0	4	1
08E03F	1	0	06	0D18	0	2	1
08E041	1	0	06	0D18	0	3	1
08E044	1	0	06	0D18	0	2	1
08E046	1	0	06	0D18	0	3	1
08E049	1	0	06	0D18	0	3	1
08E04C	1	0	06	0D18	0	3	1
08E04F	1	0	06	0D18	0	2	1
08E051	0	0	06	0D18	0	2	1
08E053	0	0	06	0D18	0	3	1
08E056	0	0	06	0D18	0	2	1
08E058	0	0	06	0D18	0	3	1
08E05B	0	0	06	0D18	0	2	1
08E05D	1	0	06	0D18	0	2	1
08E05F	1	1	06	0D18	0	1	1
08E0BE	1	1	06	0D18	0	1	1
08E0BF	1	1	06	0D18	0	2	1
08E0C1	1	0	06	0D18	0	2	1
08E0C3	1	0	06	0D18	0	4	1
08E0C7	1	0	06	0D18	0	2	1
08E0C9	1	0	06	0D18	0	3	1
08E0CC	1	0	06	0D18	0	2	1
08E0CE	1	0	06	0D18	0	3	1
08E0D1	1	0	06	0D18	0	3	1
08E0D4	1	0	06	0D18	0	3	1
08E0D7	1	0	06	0D18	0	3	1
08E0DA	1	0	06	0D18	0	3	1
08E0DD	1	0	06	0D18	0	3	1
08E0E0	1	0	06	0D18	0	2	1
08E0E2	0	0	06	0D18	0	3	1
08E0E5	0	0	06	0D18	0	3	1
08E0E8	0	0	06	0D18	0	3	1
08E0EB	0	0	06	0D18	0	3	1
08E0EE	0	0	06	0D18	0	1	1
08E0EF	1	1	06	0D18	0	1	1
08E0F0	1	1	06	1418	0	1	1
08E0F1	1	1	06	1418	0	2	1
08E0F3	1	1	06	1418	0	4	1
08E0F7	1	1	06	1418	0	2	1
08E0F9	0	1	06	1418	0	2	1
08E0FB	0	1	06	1418	0	3	1
08E0FE	0	1	06	1418	0	2	1
08E100	0	1	06	1418	0	3	1
08E103	0	1	06	1418	0	3	1
08E106	0	1	06	1418	0	3	1
08E109	0	1	06	1418	0	2	1
08E10B	1	1	06	0D58	0	1	1
08E10C	1	1	06	0D58	0	2	1
08E10E	1	1	06	0D58	0	3	1
08E111	1	1	06	0D58	0	2	1
08E113	1	1	06	0D58	0	2	1
08E115	1	1	06	0D58	0	4	1
08E119	1	1	06	0D58	0	2	1
08E11B	1	1	06	0D58	0	1	1
08E11C	1	1	06	0D58	0	3	1
08E11F	1	1	06	0D58	0	4	1
08E123	1	1	06	0D58	0	3	1
08E126	1	1	06	0D58	0	3	1
08E129	1	1	06	0D58	0	2	1
08E12B	1	1	06	0D58	0	2	1
08E12D	0	1	06	0D58	0	4	1
08E131	0	1	06	0D58	0	3	1
08E134	0	1	06	0D58	0	3	1
08E137	0	1	06	0D58	0	2	1
08E139	0	1	06	0D58	0	1	1
08E13A	0	1	06	0D58	0	3	1
08E13D	0	1	06	0D58	0	1	1
08E13E	0	1	06	0D58	0	3	1
08E141	0	1	06	0D58	0	3	1
08E144	0	1	06	0D58	0	4	1
08E148	0	1	06	0D58	0	3	1
08E14B	0	1	06	0D58	0	3	1
08E14E	0	1	06	0D58	0	2	1
08E150	0	1	06	0D58	0	1	1
08E151	0	1	06	0D58	0	3	1
08E154	0	1	06	0D58	0	1	1
08E155	0	1	06	0D58	0	3	1
08E158	0	1	06	0D58	0	3	1
08E15B	0	1	06	0D58	0	3	1
08E15E	0	1	06	0D58	0	3	1
08E161	0	1	06	0D58	0	4	1
08E165	1	1	06	0D58	0	1	1
08E166	1	1	06	0D58	0	1	1
08E167	1	1	06	1118	0	1	1
08E168	1	1	06	1118	0	2	1
08E16A	1	1	06	1118	0	2	1
08E16C	1	0	06	1118	0	4	1
08E170	1	0	06	1118	0	2	1
08E172	1	0	06	1118	0	3	1
08E175	1	0	06	1118	0	2	1
08E177	1	0	06	1118	0	3	1
08E17A	1	0	06	1118	0	2	1
08E17C	1	0	06	1118	0	3	1
08E17F	1	0	06	1118	0	2	1
08E181	0	0	06	1118	0	2	1
08E183	0	0	06	1118	0	3	1
08E186	0	0	06	1118	0	2	1
08E188	0	0	06	1118	0	3	1
08E18B	0	0	06	1118	0	1	1
08E18C	0	0	06	1118	0	3	1
08E18F	0	0	06	1118	0	1	1
08E190	1	1	06	1118	0	1	1
08E191	1	0	06	0D18	0	1	1
08E192	1	0	06	0D18	0	2	1
08E194	1	0	06	0D18	0	4	1
08E198	1	0	06	0D18	0	3	1
08E19B	1	0	06	0D18	0	1	1
08E19C	1	0	06	0D18	0	3	1
08E19F	1	0	06	0D18	0	1	1
08E1A0	1	0	06	0D18	0	2	1
08E1A2	1	0	06	0D18	0	2	1
08E1A4	1	0	06	0D18	0	3	1
08E1A7	1	0	06	0D18	0	3	1
08E1AA	1	0	06	0D18	0	2	1
08E1AC	1	0	06	1318	0	3	1
08E1AF	1	0	06	1318	0	3	1
08E1B2	1	0	06	1318	0	3	1
08E1B5	1	0	06	1318	0	2	1
08E1B7	1	0	06	1318	0	3	1
08E1BA	1	0	06	1318	0	2	1
08E1BC	1	0	06	1318	0	2	1
08E1BE	1	0	06	0D18	0	2	1
08E1C0	1	0	06	0D18	0	1	1
08E1C1	1	0	06	1318	0	2	1
08E1C3	1	0	06	1318	0	2	1
08E1C5	0	0	06	1318	0	2	1
08E1C7	0	0	06	0D18	0	3	1
08E1CA	0	0	06	0D18	0	2	1
08E1CC	0	0	06	1318	0	3	1
08E1CF	0	0	06	1318	0	1	1
08E1D0	0	0	06	1318	0	2	1
08E1D2	0	0	06	1318	0	3	1
08E1D5	0	0	06	1318	0	3	1
08E1D8	0	0	06	1318	0	3	1
08E1DB	0	0	06	1318	0	1	1
08E1DC	0	0	06	1318	0	3	1
08E1DF	0	0	06	1318	0	1	1
08E1E0	0	0	06	1318	0	3	1
08E1E3	0	0	06	1318	0	3	1
08E1E6	0	0	06	1318	0	2	1
08E1E8	1	0	06	0D18	0	3	1
08E1EB	1	0	06	0D18	0	2	1
08E1ED	1	0	06	0D18	0	2	1
08E1EF	1	0	06	0D18	0	2	1
08E1F1	1	0	06	0D18	0	1	1
08E1F2	1	0	06	0D18	0	2	1
08E1F4	1	0	06	0D18	0	2	1
08E1F6	0	0	06	0D18	0	2	1
08E1F8	0	0	06	0D18	0	3	1
08E1FB	0	0	06	0D18	0	2	1
08E1FD	0	0	06	0D18	0	3	1
08E200	0	0	06	0D18	0	1	1
08E201	0	0	06	0D18	0	2	1
08E203	0	0	06	0D18	0	1	1
08E204	0	0	06	0D18	0	3	1
08E207	0	0	06	0D18	0	3	1
08E20A	0	0	06	0D18	0	3	1
08E20D	0	0	06	0D18	0	1	1
08E20E	0	0	06	0D18	0	1	1
08E20F	0	0	06	0D18	0	3	1
08E212	0	0	06	0D18	0	1	1
08E213	0	0	06	0D18	0	3	1
08E216	0	0	06	0D18	0	3	1
08E219	0	0	06	0D18	0	2	1
08E21B	1	0	06	0D18	0	2	1
08E21D	0	0	06	0D18	0	1	1
08E21E	0	0	06	0D18	0	3	1
08E221	0	0	06	0D18	0	3	1
08E224	0	0	06	0D18	0	3	1
08E227	0	0	06	0D18	0	1	1
08E228	0	0	06	0D18	0	2	1
08E22A	1	0	06	0D18	0	3	1
08E22D	1	0	06	0D18	0	3	1
08E230	1	0	06	0D18	0	2	1
08E232	1	0	06	0D18	0	3	1
08E235	1	0	06	0D18	0	3	1
08E238	1	0	06	0D18	0	3	1
08E23B	1	0	06	0D18	0	2	1
08E23D	1	0	06	0D18	0	3	1
08E240	1	0	06	0D18	0	2	1
08E242	0	0	06	0D18	0	2	1
08E244	0	0	06	0D18	0	3	1
08E247	0	0	06	0D18	0	2	1
08E249	0	0	06	0D18	0	3	1
08E24C	0	0	06	0D18	0	1	1
08E24D	0	0	06	0D18	0	2	1
08E24F	0	0	06	0D18	0	3	1
08E252	0	0	06	0D18	0	3	1
08E255	0	0	06	0D18	0	3	1
08E258	0	0	06	0D18	0	1	1
08E259	0	0	06	0D18	0	3	1
08E25C	0	0	06	0D18	0	1	1
08E25D	0	0	06	0D18	0	3	1
08E260	0	0	06	0D18	0	3	1
08E263	0	0	06	0D18	0	2	1
08E265	1	0	06	0D18	0	3	1
08E268	1	0	06	0D18	0	2	1
08E26A	0	0	06	0D18	0	2	1
08E26C	0	0	06	0D18	0	3	1
08E26F	0	0	06	0D18	0	2	1
08E271	0	0	06	0D18	0	3	1
08E274	0	0	06	0D18	0	1	1
08E275	0	0	06	0D18	0	2	1
08E277	0	0	06	0D18	0	1	1
08E278	0	0	06	0D18	0	3	1
08E27B	0	0	06	0D18	0	3	1
08E27E	0	0	06	0D18	0	3	1
08E281	0	0	06	0D18	0	1	1
08E282	0	0	06	0D18	0	1	1
08E283	0	0	06	0D18	0	3	1
08E286	0	0	06	0D18	0	1	1
08E287	0	0	06	0D18	0	3	1
08E28A	0	0	06	0D18	0	3	1
08E28D	0	0	06	0D18	0	2	1
08E28F	1	0	06	0D18	0	2	1
08E291	0	0	06	0D18	0	3	1
08E294	0	0	06	0D18	0	3	1
08E297	0	0	06	0D18	0	3	1
08E29A	0	0	06	0D18	0	1	1
08E29B	1	0	06	0D18	0	1	1
08E2D4	0	0	06	0D58	0	2	1
08E2D6	0	0	06	0D58	0	3	1
08E2D9	0	0	06	0D58	0	2	1
08E2DB	0	0	06	0D58	0	3	1
08E2DE	0	0	06	0D58	0	1	1
08E2DF	1	1	06	0D18	0	3	1
08E2E2	1	1	06	0D18	0	2	1
08E2E4	1	1	06	0D18	0	1	1
08E2E5	1	1	06	0D18	0	3	1
08E2E8	1	1	06	0D18	0	2	1
08E2EA	1	1	06	0D18	0	2	1
08E2F0	1	1	06	0D18	0	1	1
08E303	1	1	06	0D98	0	3	1
08E306	1	1	06	0D98	0	3	1
08E309	1	1	06	0D98	0	3	1
08E30C	1	1	06	0D98	0	3	1
08E30F	1	1	06	0D98	0	3	1
08E312	1	1	06	0D98	0	2	1
08E314	1	1	06	0D98	0	3	1
08E317	1	1	06	0D98	0	2	1
08E319	1	1	06	0D98	0	3	1
08E31C	1	1	06	0D98	0	3	1
08E31F	1	1	06	0D98	0	3	1
08E322	1	1	06	0D98	0	3	1
08E325	1	1	06	0D98	0	3	1
08E328	1	1	06	0D98	0	3	1
08E32B	1	1	06	0D98	0	3	1
08E32E	1	1	06	0D98	0	3	1
08E331	1	1	06	0D98	0	3	1
08E334	1	1	06	0D98	0	3	1
08E337	1	1	06	0D98	0	3	1
08E33A	1	1	06	0D98	0	3	1
08E33D	1	1	06	0D98	0	3	1
08E340	1	1	06	0D98	0	2	1
08E342	0	1	06	0D98	0	3	1
08E345	0	1	06	0D98	0	1	1
08E346	0	1	06	0D98	0	1	1
08E347	0	1	06	0D98	0	1	1
08E348	0	1	06	0D98	0	1	1
08E349	0	1	06	0D98	0	1	1
08E34A	0	1	06	0D98	0	3	1
08E34D	0	1	06	0D98	0	2	1
08E34F	1	1	06	0D98	0	2	1
08E351	1	1	06	0D98	0	3	1
08E354	1	1	06	0D98	0	3	1
08E357	1	1	06	0D98	0	3	1
08E35A	1	1	06	0D98	0	3	1
08E35D	1	1	06	0D98	0	3	1
08E360	1	1	06	0D98	0	3	1
08E363	1	1	06	0D98	0	3	1
08E366	1	1	06	0D98	0	3	1
08E369	1	1	06	0D98	0	1	1
08E36A	1	1	06	0D98	0	3	1
08E36D	1	1	06	0D98	0	3	1
08E370	1	1	06	0D98	0	2	1
08E372	0	1	06	0D98	0	3	1
08E375	0	1	06	0D98	0	3	1
08E378	0	1	06	0D98	0	3	1
08E37B	0	1	06	0D98	0	3	1
08E37E	0	1	06	0D98	0	1	1
08E37F	0	1	06	0D98	0	3	1
08E382	0	1	06	0D98	0	3	1
08E385	0	1	06	0D98	0	3	1
08E388	0	1	06	0D98	0	2	1
08E38A	1	1	06	0D98	0	3	1
08E38D	1	1	06	0D98	0	1	1
08E38E	1	1	06	0D98	0	1	1
08E38F	1	1	06	0D98	0	2	1
08E391	1	1	06	0D98	0	1	1
08E392	1	1	06	0D98	0	3	1
08E395	1	1	06	0D98	0	2	1
08E397	1	1	06	0D98	0	3	1
08E39A	1	1	06	0D98	0	1	1
08E39B	1	1	06	0D98	0	1	1
08E39C	1	1	06	0D98	0	2	1
08E39E	0	0	06	0D98	0	3	1
08E3A1	0	0	06	0D98	0	1	1
08E3A2	0	0	06	0D98	0	1	1
08E3A3	0	0	06	0D98	0	1	1
08E3A4	0	0	06	0D98	0	1	1
08E3A5	0	0	06	0D98	0	3	1
08E3A8	0	0	06	0D98	0	1	1
08E3A9	0	0	06	0D98	0	3	1
08E3AC	0	0	06	0D98	0	3	1
08E3AF	0	0	06	0D98	0	1	1
08E3B0	0	0	7F	0D98	0	3	1
08E3B3	0	0	7F	0D98	0	2	1
08E3B5	1	1	7F	0D98	0	1	1
08E3B6	1	1	06	0D98	0	1	1
08E3B7	1	1	06	0A18	0	2	1
08E3B9	0	0	06	0A18	0	3	1
08E3BC	0	0	06	0A18	0	1	1
08E3BD	0	0	06	0A18	0	1	1
08E3BE	0	0	06	0A18	0	1	1
08E3BF	0	0	06	0A18	0	1	1
08E3C0	0	0	06	0A18	0	1	1
08E3C1	0	0	06	0A18	0	1	1
08E3C2	0	0	06	0A18	0	3	1
08E3C5	0	0	06	0A18	0	3	1
08E3C8	0	0	06	0A18	0	3	1
08E3CB	0	0	06	0A18	0	4	1
08E3CF	0	0	06	0A18	0	3	1
08E3D2	0	0	06	0A18	0	1	1
08E3D3	0	0	06	0A18	0	1	1
08E3D4	0	0	06	0A18	0	1	1
08E3D5	0	0	06	0A18	0	1	1
08E3D6	0	0	06	0A18	0	3	1
08E3D9	0	0	06	0A18	0	2	1
08E3DB	0	0	06	0A18	0	2	1
08E3DD	1	1	06	0A18	0	1	1
08E3DE	1	1	06	0A38	0	2	1
08E3E0	0	0	06	0A38	0	3	1
08E3E3	0	0	06	0A38	0	3	1
08E3E6	0	0	06	0A38	0	3	1
08E3E9	0	0	06	0A38	0	3	1
08E3EC	0	0	06	0A38	0	3	1
08E3EF	0	0	06	0A38	0	3	1
08E3F2	0	0	06	0A38	0	3	1
08E3F5	0	0	06	0A38	0	4	1
08E3F9	0	0	06	0A38	0	1	1
08E3FA	0	0	06	0A38	0	1	1
08E3FB	0	0	06	0A38	0	1	1
08E3FC	0	0	06	0A38	0	1	1
08E3FD	0	0	06	0A38	0	3	1
08E400	0	0	06	0A38	0	2	1
08E402	0	0	06	0A38	0	2	1
08E404	1	1	06	0A38	0	3	1
08E407	1	1	06	0A38	0	1	1
08E408	0	0	06	0A38	0	3	1
08E40B	0	0	06	0A38	0	3	1
08E40E	0	0	06	0A38	0	3	1
08E411	0	0	06	0A38	0	3	1
08E414	0	0	06	0A38	0	3	1
08E417	0	0	06	0A38	0	1	1
08E418	0	0	06	0A38	0	3	1
08E41B	0	0	06	0A38	0	2	1
08E41D	0	0	06	0A38	0	3	1
08E420	0	0	06	0A38	0	3	1
08E423	0	0	06	0A38	0	3	1
08E426	0	0	06	0A38	0	3	1
08E429	0	0	06	0A38	0	3	1
08E42C	0	0	06	0A38	0	1	1
08E42D	0	0	06	0A38	0	3	1
08E430	0	0	06	0A38	0	2	1
08E432	0	0	06	0A38	0	3	1
08E435	0	0	06	0A38	0	3	1
08E438	0	0	06	0A38	0	3	1
08E43B	0	0	06	0A38	0	3	1
08E43E	0	0	06	0A38	0	3	1
08E441	0	0	06	0A38	0	3	1
08E444	0	0	06	0A38	0	1	1
08E445	0	0	06	0A38	0	3	1
08E448	0	0	06	0A38	0	2	1
08E44A	0	0	06	0A38	0	3	1
08E44D	0	0	06	0A38	0	3	1
08E450	0	0	06	0A38	0	1	1
08E451	0	0	06	0A38	0	3	1
08E454	0	0	06	0A38	0	3	1
08E457	0	0	06	0A38	0	3	1
08E45A	0	0	06	0A38	0	3	1
08E45D	0	0	06	0A38	0	3	1
08E460	0	0	06	0A38	0	1	1
08E461	1	1	06	0000	0	3	1
08E464	1	1	06	0000	0	2	1
08E469	1	1	06	0000	0	3	1
08E46C	1	1	06	0000	0	2	1
08E46E	1	1	06	0000	0	3	1
08E471	1	1	06	0000	0	3	1
08E474	1	1	06	0000	0	1	1
08E475	1	1	06	0000	0	2	1
08E477	1	1	06	0000	0	3	1
08E47A	1	1	06	0000	0	1	1
08E47B	1	1	06	0000	0	3	1
08E47E	1	1	06	0000	0	2	1
08E480	1	1	06	0000	0	3	1
08E483	1	1	06	0000	0	1	1
08E484	1	1	06	0000	0	3	1
08E487	1	1	06	0000	0	2	1
08E489	1	1	06	0000	0	3	1
08E48C	1	1	06	0000	0	1	1
08E48D	1	1	06	0000	0	1	1
08E48E	1	1	06	0000	0	3	1
08E491	1	1	06	0000	0	2	1
08E493	1	1	06	0000	0	3	1
08E496	1	1	06	0000	0	2	1
08E498	1	1	06	0000	0	2	1
08E49A	0	1	06	0000	0	3	1
08E49D	0	1	06	0000	0	4	1
08E4A1	0	1	06	0000	0	3	1
08E4A4	0	1	06	0000	0	3	1
08E4A7	0	1	06	0000	0	3	1
08E4AA	0	1	06	0000	0	3	1
08E4AD	0	1	06	0000	0	3	1
08E4B0	0	1	06	0000	0	2	1
08E4B2	1	1	06	0000	0	3	1
08E4B5	1	1	06	0000	0	3	1
08E4B8	1	1	06	0000	0	3	1
08E4BB	1	1	06	0000	0	3	1
08E4BE	1	1	06	0000	0	3	1
08E4C1	1	1	06	0000	0	3	1
08E4C4	1	1	06	0000	0	3	1
08E4C7	1	1	06	0000	0	3	1
08E4CA	1	1	06	0000	0	3	1
08E4CD	1	1	06	0000	0	3	1
08E4D0	1	1	06	0000	0	3	1
08E4D3	1	1	06	0000	0	3	1
08E4D6	1	1	06	0000	0	3	1
08E4D9	1	1	06	0000	0	3	1
08E4DC	1	1	06	0000	0	3	1
08E4DF	1	1	06	0000	0	1	1
08E4E0	1	1	06	0000	0	1	1
08E4E1	1	1	06	0000	0	2	1
08E4E3	1	1	06	0000	0	1	1
08E4E4	1	1	06	0000	0	2	1
08E4E6	1	1	06	0000	0	1	1
08E4E7	1	1	06	0000	0	2	1
08E4E9	1	1	06	0000	0	2	1
08E4EB	1	1	06	0000	0	4	1
08E4EF	1	1	06	0000	0	1	1
08E4F0	1	1	06	0000	0	1	1
08E4F1	1	1	06	0000	0	1	1
08E4F2	1	1	06	0000	0	2	1
08E4F4	1	1	06	0000	0	1	1
08E4F5	1	1	06	0000	0	3	1
08E4F8	1	1	06	0000	0	2	1
08E4FA	1	1	06	0000	0	2	1
08E4FC	1	1	06	0000	0	2	1
08E4FE	1	1	06	0000	0	4	1
08E502	1	1	06	0000	0	2	1
08E504	1	1	06	0000	0	3	1
08E507	1	1	06	0000	0	3	1
08E50A	1	1	06	0000	0	3	1
08E50D	1	1	06	0000	0	1	1
08F625	1	1	06	0D98	0	1	1
08F626	1	1	06	0D98	0	2	1
08F628	1	1	06	0D98	0	2	1
08F62A	0	1	06	0D98	0	2	1
08F62C	0	1	06	0D98	0	2	1
08F637	0	1	06	0D98	0	2	1
08F639	0	1	06	0D98	0	3	1
08F63C	0	1	06	0D98	0	2	1
08F63E	0	1	06	0D98	0	1	1
08F63F	1	1	06	0D98	0	1	1
08F640	1	1	06	0D98	0	1	1
08FD4C	1	1	06	1318	0	2	1
08FD4E	1	1	06	1318	0	2	1
08FD50	1	0	06	1318	0	2	1
08FD52	1	0	06	1318	0	3	1
08FD55	1	0	06	1318	0	2	1
08FD57	1	0	06	1318	0	3	1
08FD5A	1	0	06	1318	0	2	1
08FD5C	1	0	06	1318	0	2	1
08FD5E	1	0	06	1318	0	3	1
08FD61	1	0	06	1318	0	2	1
08FD63	1	0	06	1318	0	2	1
08FD65	1	0	06	1318	0	3	1
08FD68	1	0	06	1318	0	2	1
08FD6A	1	0	06	1318	0	2	1
08FD6C	1	0	06	1318	0	3	1
08FD6F	1	0	06	1318	0	2	1
08FD71	1	0	06	1318	0	2	1
08FD73	1	0	06	1318	0	2	1
08FD75	1	0	06	1318	0	2	1
08FD77	1	0	06	1318	0	2	1
08FD79	1	0	06	1318	0	2	1
08FD7B	1	0	06	1318	0	2	1
08FD7D	1	0	06	1318	0	2	1
08FD7F	1	0	06	1318	0	2	1
08FD81	0	0	06	1318	0	3	1
08FD84	0	0	06	1318	0	3	1
08FD87	0	0	06	1318	0	2	1
08FD89	0	0	06	1318	0	1	1
08FD8A	0	0	06	1318	0	3	1
08FD8D	0	0	06	1318	0	3	1
08FD90	0	0	06	1318	0	3	1
08FD93	0	0	06	1318	0	2	1
08FD95	1	0	06	1318	0	3	1
08FD98	1	0	06	1318	0	2	1
08FD9A	1	0	06	1318	0	3	1
08FD9D	1	0	06	1318	0	2	1
08FD9F	1	0	06	1318	0	1	1
15F9D3	1	1	06	0D18	0	4	1
15F9D7	1	1	06	0D18	0	1	1
15F9D8	1	1	06	0D18	0	2	1
15F9DA	1	1	06	0D18	0	2	1
15F9DC	1	1	06	0D18	0	2	1
15F9DE	1	1	06	0D18	0	1	1
15F9DF	1	1	06	0D18	0	4	1
15F9E3	1	1	06	0D18	0	2	1
15F9E5	0	1	06	0D18	0	4	1
15F9E9	0	1	06	0D18	0	3	1
15F9EC	0	1	06	0D18	0	3	1
15F9EF	0	1	06	0D18	0	2	1
15F9F1	0	1	06	0D18	0	1	1
15F9F2	0	1	06	0D18	0	3	1
15F9F5	0	1	06	0D18	0	1	1
15F9F6	0	1	06	0D18	0	3	1
15F9F9	0	1	06	0D18	0	3	1
15F9FC	0	1	06	0D18	0	4	1
15FA00	0	1	06	0D18	0	3	1
15FA03	0	1	06	0D18	0	3	1
15FA06	0	1	06	0D18	0	2	1
15FA08	0	1	06	0D18	0	1	1
15FA09	0	1	06	0D18	0	3	1
15FA0C	0	1	06	0D18	0	1	1
15FA0D	0	1	06	0D18	0	3	1
15FA10	0	1	06	0D18	0	3	1
15FA13	0	1	06	0D18	0	3	1
15FA16	0	1	06	0D18	0	3	1
15FA19	0	1	06	0D18	0	2	1
15FA1B	1	1	06	0D18	0	4	1
29AE7B	1	1	06	0E18	0	2	1
29AE7D	1	1	06	0E18	0	2	1
29AE7F	1	1	06	0E18	0	1	1
29AE80	1	1	06	0E18	0	3	1
29AE83	1	1	06	0E18	0	1	1
29AE88	1	1	06	0D98	0	2	1
29AE8A	1	1	06	0D98	0	3	1
29AE93	1	1	06	0D98	0	4	1
29AE97	1	1	06	0D98	0	2	1
29AE99	1	1	06	0D98	0	2	1
29AE9B	1	1	06	0D98	0	2	1
29AE9D	1	1	06	0D98	0	2	1
29AE9F	1	1	06	0D98	0	2	1
29AEA1	1	1	06	0D98	0	2	1
29AEA3	1	1	06	0D98	0	2	1
29AEA5	1	1	06	0D98	0	2	1
29AEA7	1	1	06	0D98	0	2	1
29AEA9	1	1	06	0D98	0	2	1
29AEAB	1	1	06	0D98	0	2	1
29AEAD	1	1	06	0D98	0	2	1
29AEAF	1	1	06	0D98	0	2	1
29AEB1	1	1	06	0D98	0	2	1
29AEB3	1	1	06	0D98	0	2	1
29AEB5	1	1	06	0D98	0	2	1
29AEB7	1	1	06	0D98	0	2	1
29AEB9	0	1	06	0D98	0	3	1
29AEBC	0	1	06	0D98	0	2	1
29AEBE	0	1	06	0D98	0	2	1
29AEC0	1	1	06	0D98	0	2	1
29AEC2	1	1	06	0D98	0	4	1
29AEC6	1	1	06	0D98	0	2	1
29AEC8	1	1	06	0D98	0	2	1
29AECA	1	1	06	0D98	0	2	1
29AECC	1	1	06	0D98	0	4	1
29AED0	1	0	06	0D98	0	2	1
29AED2	1	0	06	0D98	0	3	1
29AED5	1	0	06	0D98	0	2	1
29AED7	1	0	06	0D98	0	3	1
29AEDA	1	0	06	0D98	0	2	1
29AEDC	1	0	06	0D98	0	3	1
29AEDF	1	0	06	0D98	0	2	1
29AEE1	1	0	06	0D98	0	3	1
29AEE4	1	0	06	0D98	0	2	1
29AEE6	0	0	06	0D98	0	2	1
29AEE8	0	0	06	0D98	0	3	1
29AEEB	0	0	06	0D98	0	2	1
29AEED	0	0	06	0D98	0	3	1
29AEF0	0	0	06	0D98	0	1	1
29AEF1	0	0	06	0D98	0	3	1
29AEF4	0	0	06	0D98	0	2	1
29AEF6	1	1	06	0D98	0	2	1
29AEF8	1	1	06	0D98	0	2	1
29AEFA	1	1	06	0D98	0	2	1
29AEFC	1	1	06	0D98	0	3	1
29AEFF	1	1	06	0D98	0	4	1
29AF03	1	1	06	0D98	0	4	1
29AF07	1	1	06	0D98	0	2	1
29AF19	1	1	06	0D98	0	4	1
29AF1D	1	1	06	0D98	0	2	1
29AF1F	1	1	06	0D98	0	4	1
29AF23	1	1	06	0D98	0	1	1
29AF31	1	1	06	0D98	0	2	1
29AF33	1	1	06	0D98	0	2	1
29AF35	1	1	06	0D98	0	2	1
29AF37	1	1	06	0D98	0	2	1
29AF39	1	1	06	0D98	0	4	1
29AF3D	1	1	06	0D98	0	2	1
29AF3F	1	1	06	0D98	0	2	1
29AF41	1	1	06	0D98	0	2	1
29AF47	1	1	06	0D98	0	2	1
29AF49	0	1	06	0D98	0	3	1
29AF4C	0	1	06	0D98	0	2	1
29AF4E	0	1	06	0D98	0	1	1
29AF4F	0	1	06	0D98	0	3	1
29AF52	0	1	06	0D98	0	2	1
29AF58	0	1	06	0D98	0	3	1
29AF5B	0	1	06	0D98	0	2	1
29AF5D	1	1	06	0D98	0	2	1
29AF5F	1	1	06	0D98	0	2	1
29AF61	1	1	06	0D98	0	3	1
29AF64	1	1	06	0D98	0	4	1
29AF68	1	1	06	0D98	0	2	1
29AF6A	1	1	06	0D98	0	1	1
29AF6B	1	1	06	0D98	0	3	1
29AF6E	1	1	06	0D98	0	1	1
29AF6F	1	1	06	0D98	0	3	1
29AF72	1	1	06	0D98	0	2	1
29AF74	1	1	06	0D98	0	2	1
29AF76	1	1	06	0D98	0	1	1
29B02A	1	1	06	0D98	0	2	1
29B02C	1	1	06	0D98	0	3	1
29B039	1	1	06	0D98	0	2	1
29B03B	1	1	06	0D98	0	2	1
29B03D	1	1	06	0D98	0	2	1
29B03F	1	1	06	0D98	0	4	1
29B043	1	1	06	0D98	0	2	1
29B045	1	1	06	0D98	0	2	1
29B047	1	1	06	0D98	0	2	1
29B049	1	1	06	0D98	0	2	1
29B04B	1	1	06	0D98	0	2	1
29B04D	1	1	06	0D98	0	4	1
29B051	1	1	06	0D98	0	4	1
29B055	1	1	06	0D98	0	1	1
29B056	1	1	06	0D98	0	2	1
29B058	1	1	06	0D98	0	2	1
29B0A2	1	1	06	0D98	0	4	1
29B0A6	1	1	06	0D98	0	1	1
29B103	1	1	06	0D98	0	2	1
29B105	1	1	06	0D98	0	2	1
29B10F	1	1	06	0D98	0	1	1
29B151	1	1	06	0E18	0	2	1
29B153	1	1	06	0E18	0	3	1
29B15C	1	1	06	0E18	0	2	1
29B15E	1	1	06	0E18	0	2	1
29B160	1	1	06	0E18	0	4	1
29B164	1	1	06	0E18	0	2	1
29B166	1	1	06	0E18	0	2	1
29B168	1	1	06	0E18	0	2	1
29B16A	1	1	06	0E18	0	2	1
29B16C	1	1	06	0E18	0	2	1
29B16E	1	1	06	0E18	0	2	1
29B170	1	1	06	0E18	0	2	1
29B172	1	1	06	0E18	0	2	1
29B174	1	1	06	0E18	0	2	1
29B176	1	1	06	0E18	0	2	1
29B178	1	1	06	0E18	0	2	1
29B17A	1	1	06	0E18	0	2	1
29B17C	1	1	06	0E18	0	2	1
29B17E	1	1	06	0E18	0	2	1
29B180	0	1	06	0E18	0	3	1
29B183	0	1	06	0E18	0	2	1
29B185	0	1	06	0E18	0	2	1
29B187	1	1	06	0E18	0	2	1
29B189	1	1	06	0E18	0	4	1
29B18D	1	1	06	0E18	0	2	1
29B18F	1	1	06	0E18	0	2	1
29B191	1	1	06	0E18	0	2	1
29B193	1	1	06	0E18	0	2	1
29B195	1	1	06	0E18	0	3	1
29B198	1	1	06	0E18	0	2	1
29B19A	1	0	06	0E18	0	2	1
29B19C	1	0	06	0E18	0	3	1
29B19F	1	0	06	0E18	0	2	1
29B1A1	1	0	06	0E18	0	3	1
29B1A4	1	0	06	0E18	0	2	1
29B1A6	1	0	06	0E18	0	2	1
29B1A8	1	0	06	0E18	0	3	1
29B1AB	1	0	06	0E18	0	2	1
29B1AD	1	0	06	0E18	0	2	1
29B1B3	1	0	06	0E18	0	2	1
29B1B5	1	1	06	0E18	0	4	1
29B1B9	1	1	06	0E18	0	4	1
29B1BD	1	1	06	0E18	0	2	1
29B1CF	1	1	06	0E18	0	4	1
29B1D3	1	1	06	0E18	0	1	1
29B1DD	1	1	06	0E18	0	2	1
29B1DF	1	0	06	0E18	0	2	1
29B1E1	1	0	06	0E18	0	3	1
29B1E4	1	0	06	0E18	0	2	1
29B1E6	1	1	06	0E18	0	2	1
29B1E8	1	1	06	0E18	0	2	1
29B1EA	1	1	06	0E18	0	2	1
29B1EC	1	1	06	0E18	0	2	1
29B1EE	1	1	06	0E18	0	2	1
29B1F0	1	1	06	0E18	0	4	1
29B1F4	1	1	06	0E18	0	1	1
29B1F5	1	1	06	0E18	0	2	1
29B1F7	1	1	06	0E18	0	3	1
29B204	1	1	06	0E18	0	2	1
29B206	1	1	06	0E18	0	2	1
29B208	1	1	06	0E18	0	2	1
29B20A	1	1	06	0E18	0	4	1
29B20E	1	1	06	0E18	0	2	1
29B210	1	1	06	0E18	0	2	1
29B212	1	1	06	0E18	0	2	1
29B214	1	1	06	0E18	0	2	1
29B216	1	1	06	0E18	0	2	1
29B218	0	1	06	0E18	0	2	1
29B21A	0	1	06	0E18	0	1	1
29B21B	0	1	06	0E18	0	3	1
29B21E	0	1	06	0E18	0	2	1
29B224	0	1	06	0E18	0	3	1
29B227	0	1	06	0E18	0	2	1
29B229	1	1	06	0E18	0	2	1
29B22B	1	1	06	0E18	0	2	1
29B22D	1	1	06	0E18	0	2	1
29B22F	1	1	06	0E18	0	2	1
29B231	1	1	06	0E18	0	4	1
29B235	1	1	06	0E18	0	2	1
29B241	1	1	06	0E18	0	4	1
29B245	1	1	06	0E18	0	1	1
29B246	1	1	06	0E18	0	2	1
29B248	1	1	06	0E18	0	2	1
29B24A	1	1	06	0E18	0	4	1
29B24E	1	0	06	0E18	0	2	1
29B250	1	0	06	0E18	0	3	1
29B253	1	0	06	0E18	0	2	1
29B255	1	0	06	0E18	0	3	1
29B258	1	0	06	0E18	0	2	1
29B25A	1	0	06	0E18	0	3	1
29B25D	1	0	06	0E18	0	2	1
29B25F	1	0	06	0E18	0	3	1
29B262	1	0	06	0E18	0	2	1
29B264	0	0	06	0E18	0	3	1
29B267	0	0	06	0E18	0	3	1
29B26A	0	0	06	0E18	0	2	1
29B26C	0	0	06	0E18	0	2	1
29B274	0	0	06	0E18	0	3	1
29B277	0	0	06	0E18	0	3	1
29B27A	0	0	06	0E18	0	1	1
29B27B	0	0	06	0E18	0	1	1
29B27C	0	0	06	0E18	0	2	1
29B27E	0	0	06	0E18	0	3	1
29B281	0	0	06	0E18	0	3	1
29B284	0	0	06	0E18	0	1	1
29B285	0	0	06	0E18	0	2	1
29B287	0	0	06	0E18	0	3	1
29B28A	0	0	06	0E18	0	2	1
29B28C	1	0	06	0E18	0	2	1
29B28E	1	1	06	0E18	0	2	1
29B290	1	1	06	0E18	0	2	1
29B292	1	1	06	0E18	0	2	1
29B294	1	1	06	0E18	0	4	1
29B298	1	1	06	0E18	0	4	1
29B29C	1	1	06	0E18	0	1	1
29B318	1	1	06	0E18	0	2	1
29B31A	1	0	06	0E18	0	2	1
29B31C	1	0	06	0E18	0	2	1
29B31E	1	0	06	0E18	0	3	1
29B321	1	0	06	0E18	0	3	1
29B324	1	0	06	0E18	0	3	1
29B327	1	0	06	0E18	0	2	1
29B329	1	1	06	0E18	0	2	1
29B32B	1	1	06	0E18	0	2	1
29B32D	1	1	06	0E18	0	1	1
29CA69	1	1	06	1358	0	2	1
29CA6B	1	1	06	1358	0	3	1
29CC70	1	1	06	1358	0	2	1
29CC72	1	1	06	1358	0	3	1
29CC7F	1	1	06	1358	0	2	1
29CC81	1	1	06	1358	0	2	1
29CC83	1	1	06	1358	0	4	1
29CC87	1	1	06	1358	0	2	1
29CC89	1	1	06	1358	0	2	1
29CC8B	1	1	06	1358	0	2	1
29CC8D	1	1	06	1358	0	4	1
29CC91	1	1	06	1358	0	2	1
29CC93	1	1	06	1358	0	2	1
29CC95	1	1	06	1358	0	2	1
29CC97	1	1	06	1358	0	2	1
29CC99	1	1	06	1358	0	2	1
29CC9B	1	1	06	1358	0	2	1
29CC9D	1	1	06	1358	0	2	1
29CC9F	1	1	06	1358	0	2	1
29CCA1	1	1	06	1358	0	2	1
29CCA3	1	1	06	1358	0	2	1
29CCA5	1	1	06	1358	0	2	1
29CCA7	0	1	06	1358	0	3	1
29CCAA	0	1	06	1358	0	2	1
29CCAC	0	1	06	1358	0	2	1
29CCAE	1	1	06	1358	0	2	1
29CCB0	1	1	06	1358	0	2	1
29CCB2	1	1	06	1358	0	2	1
29CCB4	1	1	06	1358	0	2	1
29CCB6	1	1	06	1358	0	2	1
29CCB8	1	1	06	1358	0	4	1
29CCBC	1	1	06	1358	0	4	1
29CCC0	1	1	06	1358	0	4	1
29CCC4	1	1	06	1358	0	4	1
29CCC8	1	1	06	1358	0	4	1
29CCCC	1	1	06	1358	0	2	1
29CCCE	1	1	06	1358	0	4	1
29CCD2	1	1	06	1358	0	4	1
2AA811	1	1	06	0DD8	0	1	1
2AA812	1	1	06	0DD8	0	2	1
2AA814	1	1	06	0DD8	0	1	1
2AA815	1	1	06	0DD8	0	2	1
2AA817	1	1	06	0DD8	0	1	1
2AA818	1	1	06	0DD8	0	1	1
2AA819	1	1	06	0DD8	0	1	1
2AA81A	1	1	06	0DD8	0	1	1
2AA81B	1	1	06	0DD8	0	1	1
2AA81C	1	1	06	0DD8	0	2	1
2AA81E	1	1	06	0DD8	0	1	1
2AA81F	1	1	06	0DD8	0	1	1
2AA820	1	1	04	0DD8	0	3	1
2AA823	1	1	04	0DD8	0	1	1
2AA824	1	1	04	0000	0	2	1
2AA826	0	0	04	0000	0	3	1
2AA829	0	0	04	0000	0	3	1
2AA82C	0	0	04	0000	0	1	1
2AA82D	0	0	04	0000	0	1	1
2AA82E	0	0	04	0000	0	1	1
2AA82F	0	0	04	0000	0	3	1
2AA832	0	0	04	0000	0	1	1
2AA833	0	0	04	0000	0	3	1
2AA836	0	0	04	0000	0	2	1
2AA838	0	0	04	0000	0	3	1
2AA83B	0	0	04	0000	0	3	1
2AA83E	0	0	04	0000	0	3	1
2AA841	0	0	04	0000	0	3	1
2AA844	0	0	04	0000	0	3	1
2AA847	0	0	04	0000	0	2	1
2AA849	0	0	04	0000	0	2	1
2AA84E	0	0	04	0000	0	1	1
2AA84F	0	0	04	0000	0	2	1
2AA860	0	0	04	0000	0	2	1
2AA862	0	0	04	0000	0	3	1
2AA865	0	0	04	0000	0	2	1
2AA867	0	0	04	0000	0	3	1
2AA86A	0	0	04	0000	0	3	1
2AA86D	0	0	04	0000	0	3	1
2AA870	0	0	04	0000	0	3	1
2AA873	0	0	04	0000	0	2	1
2AA875	0	0	04	0000	0	3	1
2AA878	0	0	04	0000	0	2	1
2AA87A	0	0	04	0000	0	1	1
2AA87B	0	0	04	0000	0	2	1
2AA87D	0	0	04	0000	0	3	1
2AA880	0	0	04	0000	0	3	1
2AA883	0	0	04	0000	0	3	1
2AA886	0	0	04	0000	0	2	1
2AA888	0	0	04	0000	0	2	1
2AA88A	0	0	04	0000	0	2	1
2AA88C	0	0	04	0000	0	3	1
2AA88F	0	0	04	0000	0	3	1
2AA892	0	0	04	0000	0	1	1
2AA893	0	0	04	0000	0	2	1
2AA895	0	0	04	0000	0	1	1
2AA896	0	0	04	0000	0	2	1
2AA898	0	0	04	0000	0	2	1
2AA89A	0	0	04	0000	0	1	1
2AA89B	0	0	04	0000	0	1	1
2AA89C	0	0	04	0000	0	2	1
2AA89E	0	0	04	0000	0	1	1
2AA89F	0	0	04	0000	0	2	1
2AA8A1	0	0	04	0000	0	2	1
2AA8A3	0	0	04	0000	0	1	1
2AA8A4	0	0	04	0000	0	1	1
2AA8A5	0	0	04	0000	0	2	1
2AA8A7	0	0	04	0000	0	1	1
2AA8A8	0	0	04	0000	0	2	1
2AA8AA	0	0	04	0000	0	2	1
2AA8AC	0	0	04	0000	0	1	1
2AA8AD	0	0	04	0000	0	1	1
2AA8AE	0	0	04	0000	0	1	1
2AA8AF	0	0	04	0000	0	2	1
2AA8B1	0	0	04	0000	0	2	1
2AA8B3	0	0	04	0000	0	4	1
2AA8B7	0	0	04	0000	0	2	1
2AA8BD	0	0	04	0000	0	1	1
2AA8BE	0	0	04	0000	0	1	1
2AA8BF	0	0	04	0000	0	2	1
2AA8C1	0	0	04	0000	0	1	1
2AA8C2	0	0	04	0000	0	2	1
2AA8C4	0	0	04	0000	0	4	1
2AA8C8	0	0	04	0000	0	3	1
2AA8CB	0	0	04	0000	0	2	1
2AA8CD	0	0	04	0000	0	2	1
2AA8CF	0	0	04	0000	0	1	1
2AA8D0	0	0	04	0000	0	3	1
2AA8D3	0	0	04	0000	0	2	1
2AA8D5	0	0	04	0000	0	1	1
2AA8D6	0	0	04	0000	0	3	1
2AA8D9	0	0	04	0000	0	2	1
2AA8DB	0	0	04	0000	0	1	1
2AA8DC	0	0	04	0000	0	2	1
2AA8DE	0	0	04	0000	0	2	1
2AA8E0	0	0	04	0000	0	3	1
2AA8E3	0	0	04	0000	0	2	1
2AA8E5	0	0	04	0000	0	3	1
2AA8E8	0	0	04	0000	0	3	1
2AA8EB	0	0	04	0000	0	1	1
2AA8EC	0	0	06	0000	0	1	1
2AA8ED	0	0	06	0DD8	0	1	1
2AA8EE	1	1	06	0DD8	0	1	1
2AA8EF	0	0	04	0000	0	3	1
2AA8F2	0	0	04	0000	0	2	1
2AA8F4	0	0	04	0000	0	2	1
2AA8F6	0	0	04	0000	0	3	1
2AA8F9	0	0	04	0000	0	3	1
2AA8FC	0	0	04	0000	0	2	1
2AA8FE	0	0	04	0000	0	3	1
2AA901	0	0	04	0000	0	2	1
2AA903	0	0	04	0000	0	2	1
2AA905	0	0	04	0000	0	3	1
2AA908	0	0	04	0000	0	1	1
2AA909	0	0	04	0000	0	3	1
2AA90C	0	0	04	0000	0	2	1
2AA90E	0	0	04	0000	0	3	1
2AA911	0	0	04	0000	0	2	1
2AA913	0	0	04	0000	0	2	1
2AA915	0	0	04	0000	0	2	1
2AA921	0	0	04	0000	0	2	1
2AA923	0	0	04	0000	0	1	1
2AA924	0	0	04	0000	0	3	1
2AA927	0	0	04	0000	0	2	1
2AA929	0	0	04	0000	0	2	1
2AA92B	0	0	04	0000	0	3	1
2AA92E	0	0	04	0000	0	1	1
2AA92F	0	0	04	0000	0	3	1
2AA932	0	0	04	0000	0	1	1
2AA933	0	0	04	0000	0	2	1
2AA935	0	0	04	0000	0	1	1
2AA936	0	0	04	0000	0	3	1
2AA939	0	0	04	0000	0	3	1
2AA93C	0	0	04	0000	0	2	1
2AA93E	0	0	04	0000	0	2	1
2AA940	0	0	04	0000	0	1	1
2AA941	0	0	04	0000	0	3	1
2AA944	0	0	04	0000	0	2	1
2AA946	0	0	04	0000	0	2	1
2AA948	0	0	04	0000	0	3	1
2AA94B	0	0	04	0000	0	1	1
2AA94C	0	0	04	0000	0	3	1
2AA94F	0	0	04	0000	0	1	1
2AA950	0	0	04	0000	0	2	1
2AA952	0	0	04	0000	0	1	1
2AA953	0	0	04	0000	0	3	1
2AA956	0	0	04	0000	0	3	1
2AA959	0	0	04	0000	0	1	1
2AA95A	0	0	04	0000	0	1	1
2AA95B	0	0	04	0000	0	2	1
2AA95D	0	0	04	0000	0	1	1
2AA95E	0	0	04	0000	0	2	1
2AA967	0	0	04	0000	0	3	1
2AA96A	0	0	04	0000	0	2	1
2AA96C	0	0	04	0000	0	3	1
2AA96F	0	0	04	0000	0	3	1
2AA972	0	0	04	0000	0	2	1
2AA974	0	0	04	0000	0	3	1
2AA977	0	0	04	0000	0	2	1
2AA979	0	0	04	0000	0	3	1
2AA97C	0	0	04	0000	0	3	1
2AA97F	0	0	04	0000	0	3	1
2AA982	0	0	04	0000	0	1	1
2AA983	0	0	04	0000	0	1	1
2AA9E9	0	0	04	0000	0	3	1
2AA9EC	0	0	04	0000	0	1	1
2AA9ED	0	0	04	0000	0	1	1
2AA9EE	0	0	04	0000	0	1	1
2AA9EF	0	0	04	0000	0	1	1
2AA9F0	0	0	04	0000	0	1	1
2AA9F1	0	0	04	0000	0	1	1
2AA9F2	0	0	04	0000	0	1	1
2AA9F3	0	0	04	0000	0	1	1
2AA9F4	0	0	04	0000	0	2	1
2AA9F6	0	0	04	0000	0	2	1
2AA9F8	0	0	04	0000	0	2	1
2AA9FA	0	0	04	0000	0	3	1
2AA9FD	0	0	04	0000	0	2	1
2AA9FF	0	0	04	0000	0	2	1
2AAA01	0	0	04	0000	0	2	1
2AAA03	0	0	04	0000	0	3	1
2AAA06	0	0	04	0000	0	2	1
2AAA08	0	0	04	0000	0	3	1
2AAA0B	0	0	04	0000	0	3	1
2AAA0E	0	0	04	0000	0	3	1
2AAA11	0	0	04	0000	0	2	1
2AAA13	0	0	04	0000	0	3	1
2AAA16	0	0	04	0000	0	1	1
2AAA17	0	0	04	0000	0	3	1
2AAA1A	0	0	04	0000	0	1	1
2AAA1B	0	0	04	0000	0	2	1
2AAA1D	0	0	04	0000	0	1	1
2AAA1E	0	0	04	0000	0	1	1
2AAA1F	0	0	04	0000	0	1	1
2AAA20	0	0	04	0000	0	1	1
2AAA21	0	0	04	0000	0	1	1
2AAA22	0	0	04	0000	0	1	1
2AAA23	0	0	04	0000	0	3	1
2AAA26	0	0	04	0000	0	3	1
2AAA29	0	0	04	0000	0	1	1
2AAA2A	0	0	04	0000	0	1	1
2AAA2B	0	0	04	0000	0	3	1
2AAA2E	0	0	04	0000	0	3	1
2AAA31	0	0	04	0000	0	3	1
2AAA34	0	0	04	0000	0	1	1
2AAA35	0	0	04	0000	0	1	1
2AAA36	0	0	04	0000	0	2	1
2AAA38	0	0	04	0000	0	2	1
2AAA3A	0	0	04	0000	0	2	1
2AAA3C	0	0	04	0000	0	3	1
2AAA3F	0	0	04	0000	0	2	1
2AAA41	0	0	04	0000	0	1	1
2AAA42	0	0	04	0000	0	1	1
2AAA43	0	0	04	0000	0	3	1
2AAA46	0	0	04	0000	0	3	1
2AAA49	0	0	04	0000	0	1	1
2AAA4A	0	0	04	0000	0	3	1
2AAA4D	0	0	04	0000	0	2	1
2AAA4F	0	0	04	0000	0	3	1
2AAA52	0	0	04	0000	0	1	1
2AAA53	0	0	04	0000	0	1	1
2AAA54	0	0	04	0000	0	3	1
2AAA57	0	0	04	0000	0	2	1
2AAA59	0	0	04	0000	0	2	1
2AAA5B	0	0	04	0000	0	3	1
2AAA5E	0	0	04	0000	0	2	1
2AAA60	0	0	04	0000	0	2	1
2AAA62	0	0	04	0000	0	2	1
2AAA64	1	0	04	0000	0	3	1
2AAA67	1	0	04	0000	0	3	1
2AAA6A	1	0	04	0000	0	2	1
2AAA6C	1	0	04	0000	0	2	1
2AAA6E	1	0	04	0000	0	1	1
2AAA6F	1	0	04	0000	0	2	1
2AAA71	0	0	04	0000	0	2	1
2AAA73	0	0	04	0000	0	2	1
2AAA75	0	0	04	0000	0	1	1
2AAA76	0	0	04	0000	0	2	1
2AAA78	0	0	04	0000	0	2	1
2AAA7A	0	0	04	0000	0	1	1
2AAA7B	0	0	04	0000	0	1	1
2AAA7C	0	0	04	0000	0	2	1
2AAA7E	1	0	04	0000	0	3	1
2AAA81	1	0	04	0000	0	1	1
2AAA82	1	0	04	0000	0	1	1
2AAA83	1	0	04	0000	0	2	1
2AAA85	1	0	04	0000	0	2	1
2AAA87	1	0	04	0000	0	1	1
2AAA88	1	0	04	0000	0	2	1
2AAA8A	0	0	04	0000	0	2	1
2AAA8C	0	0	04	0000	0	1	1
2AAA8D	0	0	04	0000	0	1	1
2AAA8E	0	0	04	0000	0	1	1
2AAA8F	0	0	04	0000	0	1	1
2AAA90	0	0	04	0000	0	3	1
2AAA93	0	0	04	0000	0	2	1
2AAA95	0	0	04	0000	0	1	1
2AAA96	0	0	04	0000	0	2	1
2AAA98	1	0	04	0000	0	3	1
2AAA9B	1	0	04	0000	0	1	1
2AAA9C	1	0	04	0000	0	2	1
2AAA9E	1	0	04	0000	0	2	1
2AAAA3	1	0	04	0000	0	1	1
2AAAA4	1	0	04	0000	0	1	1
2AAAA5	1	0	04	0000	0	1	1
2AAAA6	1	0	18	0000	0	2	1
2AAAA8	0	0	18	0000	0	3	1
2AAAAB	0	0	18	0000	0	2	1
2AAAAD	0	0	18	0000	0	3	1
2AAAB0	0	0	18	0000	0	2	1
2AAAB5	0	0	18	0000	0	1	1
2AAAB6	0	0	04	0000	0	2	1
2AAAB8	0	0	04	0000	0	2	1
2AAABA	0	0	04	0000	0	3	1
2AAABD	0	0	04	0000	0	2	1
2AAABF	0	0	04	0000	0	1	1
2AAAC0	0	0	04	0000	0	1	1
2AAAC1	0	0	04	0000	0	2	1
2AAAC3	0	0	04	0000	0	1	1
2AAAC4	0	0	04	0000	0	3	1
2AAAC7	0	0	04	0000	0	3	1
2AAACA	0	0	04	0000	0	1	1
2AAAF4	0	0	18	0000	0	2	1
2AAAF6	0	0	18	0000	0	2	1
2AAAF8	0	0	18	0000	0	2	1
2AAAFA	0	0	18	0000	0	2	1
2AAAFC	0	0	18	0000	0	2	1
2AAAFE	0	0	18	0000	0	2	1
2AAB00	0	0	18	0000	0	2	1
2AAB02	0	0	18	0000	0	2	1
2AAB04	0	0	18	0000	0	1	1
2AAB05	0	0	18	0000	0	1	1
2AAB06	0	0	18	0000	0	2	1
2AAB08	0	0	18	0000	0	2	1
2AAB0A	0	0	18	0000	0	2	1
2AAB0C	0	0	18	0000	0	2	1
2AAB0E	0	0	18	0000	0	2	1
2AAB10	0	0	18	0000	0	2	1
2AAB12	0	0	18	0000	0	2	1
2AAB14	0	0	18	0000	0	2	1
2AAB16	0	0	18	0000	0	1	1
2AAB17	0	0	18	0000	0	1	1
2AAB18	0	0	18	0000	0	1	1
2AAB19	0	0	04	0000	0	2	1
2AAB1B	0	0	04	0000	0	3	1
2AAB1E	0	0	04	0000	0	1	1
2AAB1F	0	0	04	0000	0	1	1
2AAB20	0	0	04	0000	0	1	1
2AAB21	0	0	04	0000	0	3	1
2AAB24	0	0	04	0000	0	2	1
2AAB26	0	0	04	0000	0	2	1
2AAB28	0	0	04	0000	0	3	1
2AAB2B	0	0	04	0000	0	1	1
2AAB2C	0	0	04	0000	0	1	1
2AAB2D	0	0	04	0000	0	1	1
2AAB2E	0	0	04	0000	0	2	1
2AAB30	0	0	04	0000	0	2	1
2AAB32	0	0	04	0000	0	3	1
2AAB35	0	0	04	0000	0	1	1
2AAB36	0	0	04	0000	0	1	1
2AAB37	0	0	04	0000	0	1	1
2AAB38	0	0	04	0000	0	2	1
2AAB3A	0	0	04	0000	0	2	1
2AAB3C	0	0	04	0000	0	2	1
2AAB3E	0	0	04	0000	0	1	1
2AAB3F	1	1	06	1E58	0	3	1
2AAB42	1	1	06	1E58	0	2	1
2AAB44	1	1	06	1E58	0	2	1
2AAB46	1	1	06	1E58	0	1	1
2AAB47	1	1	06	1E58	0	3	1
2AAB4A	1	1	06	1E58	0	2	1
2AAB4C	1	1	06	1E58	0	2	1
2AAB4E	1	1	06	1E58	0	2	1
2AAB50	1	1	06	1E58	0	1	1
2AAB51	1	1	06	1E58	0	2	1
2AAB53	1	1	06	1E58	0	2	1
2AAB5A	1	1	06	1E58	0	2	1
2AAB5C	1	1	06	1E58	0	2	1
2AAB5E	1	1	06	1E58	0	2	1
2AAB60	1	1	06	1E58	0	1	1
2AAB61	1	1	06	1E58	0	2	1
2AAB63	1	1	06	1E58	0	2	1
2AAB65	1	1	06	1E58	0	2	1
2AAB6B	1	1	06	1E58	0	2	1
2AAB6D	1	1	06	1E58	0	2	1
2AAB6F	1	1	06	1E58	0	2	1
2AAB71	1	1	06	1E58	0	2	1
2AAB73	1	1	06	1E58	0	2	1
2AAB75	1	1	06	1E58	0	2	1
2AAB77	1	1	06	1E58	0	1	1
2AAB78	1	1	06	1E58	0	2	1
2AAB7A	1	1	06	1E58	0	2	1
2AAB81	1	1	06	1E58	0	2	1
2AAB83	1	1	06	1E58	0	2	1
2AAB85	1	1	06	1E58	0	2	1
2AAB87	1	1	06	1E58	0	2	1
2AAB89	1	1	06	1E58	0	2	1
2AAB8B	1	1	06	1E58	0	2	1
2AAB8D	1	1	06	1E58	0	2	1
2AAB8F	1	1	06	1E58	0	1	1
2AAB90	1	1	06	1E58	0	2	1
2AAB92	1	1	06	1E58	0	2	1
2AAB97	1	1	06	1E58	0	2	1
2AAB99	1	1	06	1E58	0	2	1
2AAB9B	1	1	06	1E58	0	4	1
2AAB9F	1	1	06	1E58	0	2	1
2AABA1	1	1	06	1E58	0	1	1
2AABA2	1	1	06	1E58	0	2	1
2AABA4	1	1	06	1E58	0	2	1
2AABA6	1	1	06	1E58	0	2	1
2AABA8	1	1	06	1E58	0	3	1
2AABAB	1	1	06	1E58	0	2	1
2AABAD	1	1	06	1E58	0	1	1
2AABAE	1	1	06	1E58	0	1	1
2AABAF	1	1	06	1E58	0	1	1
2AABB0	1	1	06	1E58	0	2	1
2AABB2	1	1	06	1E58	0	2	1
2AABB4	1	1	06	1E58	0	2	1
2AABB6	1	1	06	1E58	0	1	1
2AABB7	1	1	06	1E58	0	2	1
2AABB9	1	1	06	1E58	0	2	1
2AABBB	1	1	06	1E58	0	3	1
2AABBE	1	1	06	1E58	0	2	1
2AABC0	1	1	06	1E58	0	3	1
2AABC3	1	1	06	1E58	0	1	1
2AABC4	1	1	06	1E58	0	2	1
2AABC6	1	1	06	1E58	0	2	1
2AABC8	1	1	06	1E58	0	2	1
2AABCA	1	1	06	1E58	0	3	1
2AABCD	1	1	06	1E58	0	2	1
2AABE5	1	1	06	1E58	0	2	1
2AABE7	1	1	06	1E58	0	1	1
2AABE8	1	1	06	1E58	0	2	1
2AABEA	1	1	06	1E58	0	1	1
2AABEB	1	1	06	1E58	0	2	1
2AABED	1	1	06	1E58	0	1	1
2AABEE	1	1	06	1E58	0	2	1
2AABF0	1	1	06	1E58	0	2	1
2AABF2	1	1	06	1E58	0	2	1
2AABF4	1	1	06	1E58	0	2	1
2AABF6	1	1	06	1E58	0	2	1
2AABF8	1	1	06	1E58	0	2	1
2AABFA	1	1	06	1E58	0	2	1
2AABFC	1	1	06	1E58	0	3	1
2AABFF	1	1	06	1E58	0	3	1
2AAC02	1	1	06	1E58	0	3	1
2AAC05	1	1	06	1E58	0	1	1
2AAD62	1	1	06	1E58	0	2	1
2AAD64	1	1	06	1E58	0	1	1
2AAD65	1	1	06	1E58	0	3	1
2AAD68	1	1	06	1E58	0	1	1
2AAD69	1	1	06	0D18	0	2	1
2AAD6B	1	1	06	0D18	0	3	1
2AAD6E	1	1	06	0D18	0	1	1
2AAD6F	1	1	06	1E58	0	1	1
2AAD74	1	1	06	0D18	0	2	1
2AAD76	1	1	06	0D18	0	2	1
2AAD78	1	1	06	0D18	0	2	1
2AAD7A	1	1	06	0D18	0	2	1
2AAD7C	1	1	06	0D18	0	2	1
2AAD7E	1	1	06	0D18	0	2	1
2AAD80	1	1	06	0D18	0	4	1
2AAD84	1	1	06	0D18	0	2	1
2AAD86	1	1	06	0D18	0	2	1
2AAD88	1	1	06	0D18	0	2	1
2AAD8A	1	1	06	0D18	0	1	1
2AAD8B	1	1	06	0D18	0	3	1
2AAD8E	1	1	06	0D18	0	2	1
2AAD90	0	1	06	0D18	0	3	1
2AAD93	0	1	06	0D18	0	2	1
2AAD95	0	1	06	0D18	0	3	1
2AAD98	0	1	06	0D18	0	2	1
2AAD9A	0	1	06	0D18	0	2	1
2AAD9C	1	1	06	0D18	0	4	1
2AADA0	1	1	06	0D18	0	4	1
2AADA4	1	1	06	0D18	0	1	1
2AADA5	1	1	06	1E58	0	2	1
2AADA7	1	1	06	1E58	0	1	1
2AADA8	1	1	06	1E58	0	3	1
2AADAB	1	1	06	1E58	0	1	1
2AADAC	1	1	06	0D58	0	3	1
2AADAF	1	1	06	0D58	0	2	1
2AADB1	1	1	06	0D58	0	2	1
2AADB3	1	1	06	0D58	0	3	1
2AADB6	1	1	06	0D58	0	1	1
2AADB7	1	1	06	1E58	0	1	1
2AADBC	1	1	06	0D58	0	2	1
2AADBE	1	1	06	0D58	0	2	1
2AADC0	1	1	06	0D58	0	2	1
2AADC2	1	1	06	0D58	0	2	1
2AADC4	1	1	06	0D58	0	2	1
2AADC6	1	1	06	0D58	0	2	1
2AADC8	1	1	06	0D58	0	4	1
2AADCC	1	1	06	0D58	0	2	1
2AADCE	1	1	06	0D58	0	2	1
2AADD0	1	1	06	0D58	0	2	1
2AADD2	1	1	06	0D58	0	1	1
2AADD3	1	1	06	0D58	0	3	1
2AADD6	1	1	06	0D58	0	3	1
2AADD9	1	1	06	0D58	0	2	1
2AADDB	1	1	06	0D58	0	2	1
2AADDD	0	1	06	0D58	0	3	1
2AADE0	0	1	06	0D58	0	2	1
2AADE2	0	1	06	0D58	0	3	1
2AADE5	0	1	06	0D58	0	2	1
2AADE7	0	1	06	0D58	0	2	1
2AADE9	1	1	06	0D58	0	4	1
2AADED	1	1	06	0D58	0	4	1
2AADF1	1	1	06	0D58	0	1	1
2AADF2	1	1	06	1E58	0	1	1
2AADF3	1	1	06	1E58	0	3	1
2AADF6	1	1	06	1E58	0	1	1
2AADF7	1	1	06	1E98	0	2	1
2AADF9	1	1	06	1E98	0	2	1
2AADFB	1	1	06	1E98	0	2	1
2AADFD	1	1	06	1E98	0	2	1
2AADFF	1	1	06	1E98	0	2	1
2AAE01	1	1	06	1E98	0	3	1
2AAE04	1	1	06	1E98	0	2	1
2AAE06	0	1	06	1E98	0	2	1
2AAE08	0	1	06	1E98	0	3	1
2AAE0B	0	1	06	1E98	0	3	1
2AAE0E	0	1	06	1E98	0	2	1
2AAE10	1	1	06	1E98	0	1	1
2AAE11	1	1	06	1E58	0	1	1
2AAE1C	1	1	06	1E98	0	2	1
2AAE1E	0	1	06	1E98	0	3	1
2AAE21	0	1	06	1E98	0	2	1
2AAE23	0	1	06	1E98	0	3	1
2AAE26	0	1	06	1E98	0	2	1
2AAE28	0	1	06	1E98	0	2	1
2AAE2A	1	1	06	1E98	0	2	1
2AAE2C	1	1	06	1E98	0	2	1
2AAE2E	1	1	06	1E98	0	2	1
2AAE30	1	1	06	1E98	0	2	1
2AAE32	1	1	06	1E98	0	2	1
2AAE34	1	1	06	1E98	0	3	1
2AAE37	1	1	06	1E98	0	2	1
2AAE39	1	1	06	1E98	0	2	1
2AAE3F	1	1	06	1E98	0	2	1
2AAE41	1	1	06	1E98	0	2	1
2AAE43	1	1	06	1E98	0	1	1
2AAEB3	1	1	06	1E98	0	2	1
2AAEB5	1	1	06	1E98	0	2	1
2AAEB7	1	1	06	1E98	0	2	1
2AAEB9	1	1	06	1E98	0	2	1
2AAEBB	0	1	06	1E98	0	2	1
2AAEBD	0	1	06	1E98	0	3	1
2AAEC0	0	1	06	1E98	0	2	1
2AAEC2	0	1	06	1E98	0	2	1
2AAEC9	0	1	06	1E98	0	2	1
2AAECB	1	1	06	1E98	0	3	1
2AAECE	1	1	06	1E98	0	2	1
2AAED0	0	1	06	1E98	0	2	1
2AAED2	0	1	06	1E98	0	1	1
2AAED3	0	1	06	1E98	0	3	1
2AAED6	0	1	06	1E98	0	1	1
2AAED7	0	1	06	1E98	0	2	1
2AAED9	1	1	06	1E98	0	2	1
2AAEDB	1	1	06	1E98	0	2	1
2AAEDD	1	1	06	1E98	0	2	1
2AAEF3	1	1	06	1E98	0	2	1
2AAEF5	1	1	06	1E98	0	2	1
2AAEF7	1	1	06	1E98	0	2	1
2AAEFA	1	1	06	1E98	0	2	1
2AAEFC	0	0	06	1E98	0	2	1
2AAEFE	0	0	06	1E98	0	3	1
2AAF01	0	0	06	1E98	0	3	1
2AAF04	0	0	06	1E98	0	2	1
2AAF06	0	0	06	1E98	0	3	1
2AAF09	0	0	06	1E98	0	3	1
2AAF0C	0	0	06	1E98	0	2	1
2AAF14	0	0	06	1E98	0	3	1
2AAF17	0	0	06	1E98	0	1	1
2AAF18	0	0	00	1E98	0	3	1
2AAF1B	0	0	00	1E98	0	1	1
2AAF1C	0	0	06	1E98	0	1	1
2AAF1D	0	0	06	1E98	0	2	1
2AAF1F	0	0	06	1E98	0	3	1
2AAF22	0	0	06	1E98	0	1	1
2AAF23	0	0	06	1E98	0	1	1
2AAF24	0	0	06	1E98	0	3	1
2AAF27	0	0	06	1E98	0	1	1
2AAF28	0	0	06	1E98	0	3	1
2AAF2B	0	0	06	1E98	0	3	1
2AAF2E	0	0	00	1E98	0	3	1
2AAF31	0	0	00	1E98	0	1	1
2AAF32	0	0	06	1E98	0	2	1
2AAF34	1	1	06	1E98	0	3	1
2AAF37	1	1	06	1E98	0	1	1
2AAF38	1	1	06	1E58	0	2	1
2AAF3A	1	1	06	1E58	0	1	1
2AAF3B	1	1	06	1E58	0	3	1
2AAF3E	1	1	06	1E58	0	1	1
2AAF3F	1	1	06	0D98	0	3	1
2AAF42	1	1	06	0D98	0	2	1
2AAF4A	1	1	06	0D98	0	2	1
2AAF4C	1	1	06	0D98	0	3	1
2AAF4F	1	1	06	0D98	0	3	1
2AAF52	1	1	06	0D98	0	1	1
2AAF53	1	1	06	1E58	0	1	1
2AAF5C	1	1	06	0D98	0	2	1
2AAF5E	1	1	06	0D98	0	2	1
2AAF60	1	1	06	0D98	0	2	1
2AAF62	1	1	06	0D98	0	2	1
2AAF64	1	1	06	0D98	0	2	1
2AAF66	1	1	06	0D98	0	2	1
2AAF68	0	1	06	0D98	0	3	1
2AAF6B	0	1	06	0D98	0	2	1
2AAF6D	0	1	06	0D98	0	3	1
2AAF70	0	1	06	0D98	0	2	1
2AAF72	0	1	06	0D98	0	2	1
2AAF74	1	1	06	0D98	0	2	1
2AAF76	1	1	06	0D98	0	2	1
2AAF78	1	1	06	0D98	0	2	1
2AAF7A	1	1	06	0D98	0	2	1
2AAF7C	1	1	06	0D98	0	2	1
2AAF7E	1	1	06	0D98	0	2	1
2AAF80	1	1	06	0D98	0	2	1
2AAF82	1	1	06	0D98	0	2	1
2AAF84	1	1	06	0D98	0	2	1
2AAF86	1	1	06	0D98	0	1	1
2AAF87	1	1	06	0D98	0	3	1
2AAF8A	1	1	06	0D98	0	2	1
2AAF8D	1	1	06	0D98	0	2	1
2AAF8F	1	1	06	0D98	0	2	1
2AAF91	1	1	06	0D98	0	2	1
2AAF93	1	1	06	0D98	0	2	1
2AAF95	1	1	06	0D98	0	2	1
2AAF97	1	1	06	0D98	0	2	1
2AAF99	1	1	06	0D98	0	1	1
2AAF9A	1	1	06	0D98	0	2	1
2AAF9C	1	1	06	0D98	0	1	1
2AAF9D	1	1	06	0D98	0	2	1
2AAF9F	1	1	06	0D98	0	2	1
2AAFA1	1	1	06	0D98	0	2	1
2AAFA3	1	1	06	0D98	0	3	1
2AAFA6	1	1	06	0D98	0	2	1
2AAFA8	1	1	06	0D98	0	1	1
2AAFA9	1	1	06	0D98	0	2	1
2AAFAB	1	1	06	0D98	0	1	1
2AAFAC	1	1	06	0D98	0	1	1
2AAFAD	1	1	06	0D98	0	3	1
2AAFB0	1	1	06	0D98	0	3	1
2AAFB3	1	1	06	0D98	0	4	1
2AAFB7	1	1	06	0D98	0	3	1
2AAFBA	1	1	06	0D98	0	2	1
2AAFBC	0	0	06	0D98	0	3	1
2AAFBF	0	0	06	0D98	0	3	1
2AAFC2	0	0	06	0D98	0	1	1
2AAFC3	0	0	06	0D98	0	1	1
2AAFC4	0	0	06	0D98	0	1	1
2AAFC5	0	0	06	0D98	0	1	1
2AAFC6	0	0	06	0D98	0	1	1
2AAFC7	0	0	06	0D98	0	1	1
2AAFC8	0	0	06	0D98	0	3	1
2AAFCB	0	0	06	0D98	0	1	1
2AAFCC	0	0	06	0D98	0	3	1
2AAFCF	0	0	06	0D98	0	4	1
2AAFD3	0	0	06	0D98	0	3	1
2AAFD6	0	0	06	0D98	0	1	1
2AAFD7	0	0	06	0D98	0	1	1
2AAFD8	0	0	06	0D98	0	1	1
2AAFD9	0	0	06	0D98	0	1	1
2AAFDA	0	0	06	0D98	0	2	1
2AAFDC	0	0	06	0D98	0	2	1
2AAFDE	1	1	06	0D98	0	3	1
2AAFE1	1	1	06	0D98	0	2	1
2AAFE3	0	1	06	0D98	0	3	1
2AAFE6	0	1	06	0D98	0	2	1
2AAFE8	0	1	06	0D98	0	2	1
2AAFEA	0	1	06	0D98	0	3	1
2AAFED	0	1	06	0D98	0	3	1
2AAFF0	0	1	06	0D98	0	3	1
2AAFF3	0	1	06	0D98	0	3	1
2AAFF6	0	1	06	0D98	0	3	1
2AAFF9	0	1	06	0D98	0	2	1
2AAFFB	0	1	06	0D98	0	3	1
2AAFFE	0	1	06	0D98	0	2	1
2AB000	0	1	06	0D98	0	3	1
2AB003	0	1	06	0D98	0	2	1
2AB005	0	1	06	0D98	0	1	1
2AB006	0	1	06	0D98	0	3	1
2AB009	0	1	06	0D98	0	3	1
2AB00C	0	1	06	0D98	0	2	1
2AB00E	0	1	06	0D98	0	1	1
2AB00F	0	1	06	0D98	0	3	1
2AB012	0	1	06	0D98	0	3	1
2AB015	0	1	06	0D98	0	2	1
2AB017	1	1	06	0D98	0	3	1
2AB01A	1	1	06	0D98	0	3	1
2AB01D	1	1	06	0D98	0	2	1
2AB01F	1	1	06	0D98	0	2	1
2AB021	1	1	06	0D98	0	4	1
2AB025	1	1	06	0D98	0	2	1
2AB027	0	1	06	0D98	0	3	1
2AB02A	0	1	06	0D98	0	1	1
2AB02B	0	1	06	0D98	0	3	1
2AB02E	0	1	06	0D98	0	1	1
2AB02F	0	1	06	0D98	0	1	1
2AB030	0	1	06	0D98	0	3	1
2AB033	0	1	06	0D98	0	3	1
2AB036	0	1	06	0D98	0	2	1
2AB038	0	1	06	0D98	0	1	1
2AB039	0	1	06	0D98	0	3	1
2AB03C	0	1	06	0D98	0	3	1
2AB03F	0	1	06	0D98	0	3	1
2AB042	0	1	06	0D98	0	1	1
2AB043	0	1	06	0D98	0	2	1
2AB045	0	1	06	0D98	0	3	1
2AB048	0	1	06	0D98	0	2	1
2AB04A	1	1	06	0D98	0	3	1
2AB04D	1	1	06	0D98	0	3	1
2AB050	1	1	06	0D98	0	3	1
2AB053	1	1	06	0D98	0	2	1
2AB055	1	1	06	0D98	0	2	1
2AB057	1	1	06	0D98	0	4	1
2AB05B	1	1	06	0D98	0	2	1
2AB05D	0	1	06	0D98	0	3	1
2AB060	0	1	06	0D98	0	2	1
2AB062	0	1	06	0D98	0	3	1
2AB065	0	1	06	0D98	0	2	1
2AB067	0	1	06	0D98	0	3	1
2AB06A	0	1	06	0D98	0	2	1
2AB06C	0	1	06	0D98	0	3	1
2AB06F	0	1	06	0D98	0	2	1
2AB071	0	1	06	0D98	0	3	1
2AB074	0	1	06	0D98	0	2	1
2AB076	0	1	06	0D98	0	3	1
2AB079	0	1	06	0D98	0	2	1
2AB07B	0	1	06	0D98	0	2	1
2AB07D	1	1	06	0D98	0	2	1
2AB07F	1	1	06	0D98	0	2	1
2AB081	1	1	06	0D98	0	2	1
2AB083	1	1	06	0D98	0	2	1
2AB085	1	1	06	0D98	0	2	1
2AB087	1	1	06	0D98	0	2	1
2AB089	1	1	06	0D98	0	1	1
2AB08A	1	1	06	0D98	0	2	1
2AB08C	1	1	06	0D98	0	2	1
2AB08E	1	1	06	0D98	0	1	1
2AB08F	1	1	06	0D98	0	2	1
2AB091	1	1	06	0D98	0	2	1
2AB093	1	1	06	0D98	0	4	1
2AB097	1	1	06	0D98	0	4	1
2AB09B	1	1	06	0D98	0	2	1
2AB09D	1	1	06	0D98	0	2	1
2AB09F	1	1	06	0D98	0	2	1
2AB0A1	1	1	06	0D98	0	2	1
2AB0A3	1	1	06	0D98	0	2	1
2AB0A5	1	1	06	0D98	0	2	1
2AB0A7	1	1	06	0D98	0	2	1
2AB0A9	1	1	06	0D98	0	2	1
2AB0AB	1	1	06	0D98	0	2	1
2AB0AD	1	1	06	0D98	0	2	1
2AB0AF	1	1	06	0D98	0	1	1
2AB0B0	1	1	06	0D98	0	2	1
2AB0B2	1	1	06	0D98	0	2	1
2AB0B4	1	1	06	0D98	0	2	1
2AB0B6	0	1	06	0D98	0	2	1
2AB0B8	0	1	06	0D98	0	1	1
2AB0B9	0	1	06	0D98	0	2	1
2AB0BB	0	1	06	0D98	0	3	1
2AB0BE	0	1	06	0D98	0	2	1
2AB0C0	0	1	06	0D98	0	3	1
2AB0C3	0	1	06	0D98	0	2	1
2AB0C5	0	1	06	0D98	0	2	1
2AB0C7	1	1	06	0D98	0	4	1
2AB0CB	1	1	06	0D98	0	2	1
2AB0CD	1	1	06	0D98	0	2	1
2AB0CF	1	1	06	0D98	0	2	1
2AB0D1	1	1	06	0D98	0	2	1
2AB0D3	1	1	06	0D98	0	2	1
2AB0D5	1	1	06	0D98	0	2	1
2AB0D7	1	1	06	0D98	0	3	1
2AB0DA	1	1	06	0D98	0	2	1
2AB0DC	1	1	06	0D98	0	1	1
2AB0DD	1	1	06	0D98	0	2	1
2AB0DF	0	1	06	0D98	0	2	1
2AB0E1	0	1	06	0D98	0	2	1
2AB0E3	0	1	06	0D98	0	2	1
2AB0E5	0	1	06	0D98	0	2	1
2AB0E7	0	1	06	0D98	0	3	1
2AB0EA	0	1	06	0D98	0	2	1
2AB0EC	0	1	06	0D98	0	2	1
2AB0EE	1	1	06	0D98	0	2	1
2AB0F0	1	1	06	0D98	0	2	1
2AB0F2	1	1	06	0D98	0	2	1
2AB0F4	1	1	06	0D98	0	2	1
2AB0F6	1	1	06	0D98	0	1	1
2AB0F7	1	1	06	0D98	0	2	1
2AB0F9	1	1	06	0D98	0	2	1
2AB0FB	1	1	06	0D98	0	1	1
2AB0FC	1	1	06	0D98	0	2	1
2AB0FE	1	1	06	0D98	0	2	1
2AB100	1	1	06	0D98	0	2	1
2AB102	1	1	06	0D98	0	2	1
2AB104	1	1	06	0D98	0	2	1
2AB106	1	1	06	0D98	0	2	1
2AB108	1	1	06	0D98	0	2	1
2AB10A	1	1	06	0D98	0	2	1
2AB10C	1	1	06	0D98	0	2	1
2AB10E	1	1	06	0D98	0	2	1
2AB110	1	1	06	0D98	0	2	1
2AB112	1	1	06	0D98	0	2	1
2AB114	1	1	06	0D98	0	2	1
2AB116	1	1	06	0D98	0	4	1
2AB11A	1	1	06	0D98	0	1	1
2AB11B	1	1	06	0D98	0	2	1
2AB11D	0	1	06	0D98	0	2	1
2AB11F	0	1	06	0D98	0	1	1
2AB120	0	1	06	0D98	0	2	1
2AB122	0	1	06	0D98	0	2	1
2AB124	0	1	06	0D98	0	3	1
2AB127	0	1	06	0D98	0	1	1
2AB128	0	1	06	0D98	0	2	1
2AB12A	0	1	06	0D98	0	2	1
2AB12C	0	1	06	0D98	0	2	1
2AB12E	0	1	06	0D98	0	1	1
2AB12F	0	1	06	0D98	0	2	1
2AB131	0	1	06	0D98	0	2	1
2AB137	0	1	06	0D98	0	2	1
2AB139	0	1	06	0D98	0	2	1
2AB13B	0	1	06	0D98	0	2	1
2AB13D	1	1	06	0D98	0	2	1
2AB13F	1	1	06	0D98	0	1	1
2AB140	0	1	06	0D98	0	2	1
2AB142	1	1	06	0D98	0	1	1
2AB170	1	1	06	0D98	0	4	1
2AB174	1	1	06	0D98	0	2	1
2AB176	0	1	06	0D98	0	3	1
2AB179	0	1	06	0D98	0	3	1
2AB17C	0	1	06	0D98	0	3	1
2AB17F	0	1	06	0D98	0	3	1
2AB182	0	1	06	0D98	0	3	1
2AB185	0	1	06	0D98	0	2	1
2AB187	1	1	06	0D98	0	3	1
2AB18A	1	1	06	0D98	0	3	1
2AB18D	1	1	06	0D98	0	3	1
2AB190	1	1	06	0D98	0	3	1
2AB193	1	1	06	0D98	0	2	1
2AB195	1	1	06	0D98	0	3	1
2AB198	1	1	06	0D98	0	2	1
2AB19A	1	1	06	0D98	0	3	1
2AB19D	1	1	06	0D98	0	2	1
2AB19F	1	1	06	0D98	0	3	1
2AB1A2	1	1	06	0D98	0	2	1
2AB1A4	1	1	06	0D98	0	3	1
2AB1A7	1	1	06	0D98	0	2	1
2AB1A9	1	1	06	0D98	0	3	1
2AB1AC	1	1	06	0D98	0	3	1
2AB1AF	1	1	06	0D98	0	2	1
2AB1B1	1	1	06	0D98	0	3	1
2AB1B4	1	1	06	0D98	0	3	1
2AB1B7	1	1	06	0D98	0	2	1
2AB1B9	1	1	06	0D98	0	3	1
2AB1BC	1	1	06	0D98	0	2	1
2AB1BE	1	1	06	0D98	0	3	1
2AB1C1	1	1	06	0D98	0	3	1
2AB1C4	1	1	06	0D98	0	2	1
2AB1C6	1	1	06	0D98	0	2	1
2AB1C8	1	1	06	0D98	0	2	1
2AB1CA	1	1	06	0D98	0	4	1
2AB1CE	1	1	06	0D98	0	2	1
2AB1D0	1	1	06	0D98	0	1	1
2AB1D1	1	1	06	0D98	0	2	1
2AB1D3	1	1	06	0D98	0	4	1
2AB1D7	1	1	06	0D98	0	2	1
2AB1D9	1	1	06	0D98	0	1	1
2AB1DA	1	1	06	0D98	0	2	1
2AB1DC	1	1	06	0D98	0	2	1
2AB1DE	1	1	06	0D98	0	2	1
2AB1E0	1	1	06	0D98	0	2	1
2AB1E2	1	1	06	0D98	0	4	1
2AB1E6	1	1	06	0D98	0	1	1
2AB1E7	1	1	06	0D98	0	2	1
2AB1E9	1	1	06	0D98	0	1	1
2AB1EA	1	1	06	1E58	0	1	1
2AB1EB	1	1	06	1E58	0	3	1
2AB1EE	1	1	06	1E58	0	1	1
2AB1EF	1	1	06	0DD8	0	2	1
2AB1F1	1	1	06	0DD8	0	3	1
2AB1F4	1	1	06	0DD8	0	1	1
2AB1F5	1	1	06	1E58	0	1	1
2AB1FE	1	1	06	0DD8	0	2	1
2AB200	1	1	06	0DD8	0	2	1
2AB202	1	1	06	0DD8	0	2	1
2AB204	1	1	06	0DD8	0	2	1
2AB206	1	1	06	0DD8	0	2	1
2AB208	1	1	06	0DD8	0	1	1
2AB209	1	1	06	0DD8	0	2	1
2AB20B	1	1	06	0DD8	0	2	1
2AB20D	1	1	06	0DD8	0	2	1
2AB20F	1	1	06	0DD8	0	1	1
2AB210	1	1	06	0DD8	0	2	1
2AB212	1	1	06	0DD8	0	2	1
2AB214	1	1	06	0DD8	0	4	1
2AB218	1	1	06	0DD8	0	2	1
2AB21A	1	1	06	0DD8	0	2	1
2AB21C	1	1	06	0DD8	0	2	1
2AB21E	1	1	06	0DD8	0	2	1
2AB220	1	1	06	0DD8	0	1	1
2AB221	1	1	06	0DD8	0	2	1
2AB223	1	1	06	0DD8	0	1	1
2AB224	1	1	06	0DD8	0	3	1
2AB227	1	1	06	0DD8	0	1	1
2AB228	1	1	06	0000	0	1	1
2AB229	1	1	06	0000	0	2	1
2AB22B	1	1	06	0000	0	4	1
2AB22F	1	1	06	0000	0	1	1
2AB230	1	1	06	0DD8	0	2	1
2AB232	1	1	06	0DD8	0	2	1
2AB234	1	1	06	0DD8	0	2	1
2AB236	1	1	06	0DD8	0	2	1
2AB238	1	1	06	0DD8	0	1	1
2AB239	1	1	06	0DD8	0	3	1
2AB23C	1	1	06	0DD8	0	2	1
2AB23E	1	1	06	0DD8	0	3	1
2AB241	1	1	06	0DD8	0	2	1
2AB243	1	1	06	0DD8	0	2	1
2AB245	1	1	06	0DD8	0	2	1
2AB247	1	1	06	0DD8	0	2	1
2AB249	1	1	06	0DD8	0	2	1
2AB24B	1	1	06	0DD8	0	2	1
2AB24D	1	1	06	0DD8	0	2	1
2AB24F	1	1	06	0DD8	0	2	1
2AB251	1	1	06	0DD8	0	2	1
2AB253	1	1	06	0DD8	0	2	1
2AB255	1	1	06	0DD8	0	3	1
2AB258	1	1	06	0DD8	0	2	1
2AB25A	1	1	06	0DD8	0	2	1
2AB25C	1	1	06	0DD8	0	2	1
2AB260	1	1	06	0DD8	0	1	1
2AB261	1	1	06	0DD8	0	2	1
2AB263	1	1	06	0DD8	0	2	1
2AB265	1	1	06	0DD8	0	4	1
2AB269	1	1	06	0DD8	0	2	1
2AB26B	1	1	06	0DD8	0	2	1
2AB26D	1	1	06	0DD8	0	1	1
2AB26E	1	1	06	0DD8	0	2	1
2AB270	1	1	06	0DD8	0	4	1
2AB274	1	1	06	0DD8	0	1	1
2AB275	1	1	06	1E58	0	1	1
2AB276	1	1	06	1E58	0	3	1
2AB279	1	1	06	1E58	0	1	1
2AB27A	1	1	06	0E18	0	2	1
2AB27C	1	1	06	0E18	0	3	1
2AB27F	1	1	06	0E18	0	1	1
2AB280	1	1	06	1E58	0	1	1
2AB285	1	1	06	0E18	0	2	1
2AB287	1	1	06	0E18	0	2	1
2AB289	1	0	06	0E18	0	2	1
2AB28B	1	0	06	0E18	0	2	1
2AB28D	1	0	06	0E18	0	4	1
2AB291	1	0	06	0E18	0	2	1
2AB293	1	0	06	0E18	0	3	1
2AB296	1	0	06	0E18	0	2	1
2AB298	1	0	06	0E18	0	3	1
2AB29B	1	0	06	0E18	0	3	1
2AB29E	1	0	06	0E18	0	2	1
2AB2A0	1	0	06	0E18	0	3	1
2AB2A3	1	0	06	0E18	0	2	1
2AB2A5	0	0	06	0E18	0	1	1
2AB2A6	0	0	06	0E18	0	2	1
2AB2A8	0	0	06	0E18	0	3	1
2AB2AB	0	0	06	0E18	0	1	1
2AB2AC	0	0	06	0E18	0	1	1
2AB2AD	0	0	06	0E18	0	1	1
2AB2AE	0	0	06	0E18	0	4	1
2AB2B2	0	0	06	0E18	0	1	1
2AB2B3	0	0	06	0E18	0	2	1
2AB2B5	0	0	06	0E18	0	3	1
2AB2B8	0	0	06	0E18	0	1	1
2AB2B9	0	0	06	0E18	0	2	1
2AB2BB	1	0	06	0E18	0	3	1
2AB2BE	1	0	06	0E18	0	3	1
2AB2C1	1	0	06	0E18	0	2	1
2AB2C3	1	0	06	0E18	0	2	1
2AB2C5	1	0	06	0E18	0	1	1
2AB2C6	1	0	06	0E18	0	2	1
2AB2C8	1	0	06	0E18	0	2	1
2AB2CA	1	0	06	0E18	0	2	1
2AB2CC	1	0	06	0E18	0	2	1
2AB2CE	1	0	06	0E18	0	2	1
2AB2D0	1	0	06	0E18	0	2	1
2AB2D2	1	1	06	0E18	0	1	1
2AB2D3	1	1	06	0E18	0	1	1
2ABFCB	1	1	06	0D18	0	2	1
2ABFCD	1	1	06	0D18	0	3	1
2ABFD0	1	1	06	0D18	0	2	1
2ABFD2	1	1	06	0D18	0	3	1
2ABFDB	1	1	06	0D18	0	2	1
2ABFDD	1	1	06	0D18	0	3	1
2ABFE0	1	1	06	0D18	0	3	1
2ABFE7	1	1	06	0D18	0	4	1
2ABFEB	1	1	06	0D18	0	2	1
2ABFED	1	1	06	0D18	0	2	1
2ABFEF	1	1	06	0D18	0	4	1
2ABFF3	1	1	06	0D18	0	2	1
2ABFF5	1	1	06	0D18	0	2	1
2ABFF7	1	1	06	0D18	0	2	1
2ABFF9	1	1	06	0D18	0	2	1
2ABFFB	1	1	06	0D18	0	1	1
2ABFFC	1	1	06	0D18	0	2	1
2ABFFE	1	1	06	0D18	0	2	1
2AC000	1	1	06	0D18	0	4	1
2AC004	1	1	06	0D18	0	2	1
2AC006	1	1	06	0D18	0	2	1
2AC008	1	1	06	0D18	0	2	1
2AC00A	1	1	06	0D18	0	1	1
2AC00B	1	1	06	0D18	0	2	1
2AC00D	1	1	06	0D18	0	3	1
2AC016	1	1	06	0D18	0	2	1
2AC018	1	1	06	0D18	0	1	1
2AC019	1	1	06	0D18	0	2	1
2AC01B	1	1	06	0D18	0	2	1
2AC01D	1	1	06	0D18	0	4	1
2AC021	1	1	06	0D18	0	2	1
2AC023	1	1	06	0D18	0	2	1
2AC025	1	1	06	0D18	0	2	1
2AC027	1	1	06	0D18	0	2	1
2AC029	1	1	06	0D18	0	3	1
2AC02C	1	1	06	0D18	0	3	1
2AC02F	1	1	06	0D18	0	2	1
2AC031	1	1	06	0D18	0	2	1
2AC033	1	1	06	0D18	0	3	1
2AC036	1	1	06	0D18	0	2	1
2AC03D	1	1	06	0D18	0	2	1
2AC03F	1	1	06	0D18	0	2	1
2AC041	1	1	06	0D18	0	2	1
2AC043	1	1	06	0D18	0	2	1
2AC045	1	1	06	0D18	0	2	1
2AC047	1	1	06	0D18	0	4	1
2AC04B	1	1	06	0D18	0	2	1
2AC04D	1	1	06	0D18	0	2	1
2AC04F	1	1	06	0D18	0	3	1
2AC052	1	1	06	0D18	0	3	1
2AC055	1	1	06	0D18	0	3	1
2AC058	1	1	06	0D18	0	2	1
2AC05A	1	1	06	0D18	0	2	1
2AC05C	1	1	06	0D18	0	2	1
2AC05E	1	1	06	0D18	0	2	1
2AC060	1	1	06	0D18	0	2	1
2AC062	1	1	06	0D18	0	2	1
2AC064	1	1	06	0D18	0	1	1
2AC065	1	1	06	0D18	0	2	1
2AC067	1	1	06	0D18	0	2	1
2AC069	1	1	06	0D18	0	3	1
2AC06C	1	1	06	0D18	0	2	1
2AC06E	1	1	06	0D18	0	2	1
2AC070	1	1	06	0D18	0	2	1
2AC072	0	1	06	0D18	0	3	1
2AC075	0	1	06	0D18	0	3	1
2AC078	0	1	06	0D18	0	3	1
2AC07B	0	1	06	0D18	0	2	1
2AC07D	1	1	06	0D18	0	2	1
2AC07F	1	1	06	0D18	0	2	1
2AC081	1	1	06	0D18	0	1	1
2AC082	1	1	06	0D18	0	2	1
2AC084	1	1	06	0D18	0	3	1
2AC087	1	1	06	0D18	0	3	1
2AC08A	1	1	06	0D18	0	3	1
2AC08D	1	1	06	0D18	0	3	1
2AC090	1	1	06	0D18	0	3	1
2AC093	1	1	06	0D18	0	3	1
2AC096	1	1	06	0D18	0	3	1
2AC099	1	1	06	0D18	0	3	1
2AC09C	1	1	06	0D18	0	3	1
2AC09F	1	1	06	0D18	0	2	1
2AC0A1	1	1	06	0D18	0	2	1
2AC0A3	1	1	06	0D18	0	3	1
2AC0A6	1	1	06	0D18	0	2	1
2AC0A8	1	1	06	0D18	0	2	1
2AC0AA	1	1	06	0D18	0	4	1
2AC0AE	1	1	06	0D18	0	3	1
2AC0B1	1	1	06	0D18	0	3	1
2AC0B4	1	1	06	0D18	0	3	1
2AC0B7	1	1	06	0D18	0	3	1
2AC0BA	1	1	06	0D18	0	3	1
2AC0BD	1	1	06	0D18	0	3	1
2AC0C0	1	1	06	0D18	0	3	1
2AC0C3	1	1	06	0D18	0	2	1
2AC0C5	1	1	06	0D18	0	2	1
2AC0C7	1	1	06	0D18	0	2	1
2AC0C9	1	1	06	0D18	0	4	1
2AC0CD	1	1	06	0D18	0	3	1
2AC0D0	1	1	06	0D18	0	2	1
2AC0D2	1	1	06	0D18	0	2	1
2AC0D4	1	1	06	0D18	0	4	1
2AC0D8	1	1	06	0D18	0	4	1
2AC0DC	1	1	06	0D18	0	3	1
2AC0DF	1	1	06	0D18	0	2	1
2AC0E1	1	1	06	0D18	0	2	1
2AC0E3	1	1	06	0D18	0	4	1
2AC0E7	1	0	06	0D18	0	2	1
2AC0E9	1	0	06	0D18	0	3	1
2AC0EC	1	0	06	0D18	0	2	1
2AC0EE	1	0	06	0D18	0	3	1
2AC0F1	1	0	06	0D18	0	2	1
2AC0F3	1	0	06	0D18	0	3	1
2AC0F6	1	0	06	0D18	0	2	1
2AC0F8	1	0	06	0D18	0	2	1
2AC0FA	1	0	06	0D18	0	3	1
2AC0FD	1	0	06	0D18	0	2	1
2AC0FF	0	0	06	0D18	0	4	1
2AC103	0	0	06	0D18	0	3	1
2AC106	0	0	06	0D18	0	1	1
2AC107	0	0	06	0D18	0	2	1
2AC109	0	0	06	0D18	0	3	1
2AC10C	0	0	06	0D18	0	1	1
2AC10D	0	0	06	0D18	0	1	1
2AC10E	0	0	06	0D18	0	2	1
2AC110	0	0	06	0D18	0	3	1
2AC113	0	0	06	0D18	0	4	1
2AC117	0	0	06	0D18	0	3	1
2AC11A	0	0	06	0D18	0	1	1
2AC11B	0	0	06	0D18	0	2	1
2AC11D	0	0	06	0D18	0	3	1
2AC120	0	0	06	0D18	0	1	1
2AC121	0	0	06	0D18	0	1	1
2AC122	0	0	06	0D18	0	2	1
2AC124	0	0	06	0D18	0	3	1
2AC127	0	0	06	0D18	0	2	1
2AC129	1	1	06	0D18	0	1	1
2AC12A	1	1	06	0D18	0	2	1
2AC12C	1	1	06	0D18	0	2	1
2AC12E	1	1	06	0D18	0	4	1
2AC132	1	1	06	0D18	0	3	1
2AC135	1	1	06	0D18	0	3	1
2AC138	1	1	06	0D18	0	2	1
2AC13A	1	1	06	0D18	0	1	1
2AC13B	1	1	06	0D18	0	1	1
2AC13C	1	1	06	0D18	0	1	1
2AC13D	1	1	06	0D18	0	1	1
2AC13E	1	1	06	0D18	0	2	1
2AC140	0	1	06	0D18	0	3	1
2AC143	0	1	06	0D18	0	3	1
2AC146	0	1	06	0D18	0	3	1
2AC149	0	1	06	0D18	0	3	1
2AC14C	0	1	06	0D18	0	3	1
2AC14F	0	1	06	0D18	0	3	1
2AC152	0	1	06	0D18	0	2	1
2AC154	1	1	06	0D18	0	4	1
2AC158	1	1	06	0D18	0	3	1
2AC15B	1	1	06	0D18	0	2	1
2AC15D	1	1	06	0D18	0	3	1
2AC160	1	1	06	0D18	0	2	1
2AC166	1	1	06	0D18	0	4	1
2AC16B	1	1	06	0B48	0	2	1
2AC16D	1	1	06	0B48	0	2	1
2AC16F	1	1	06	0B48	0	2	1
2AC171	1	1	06	0B48	0	2	1
2AC173	1	1	06	0B48	0	2	1
2AC175	1	1	06	0B48	0	2	1
2AC177	1	1	06	0B48	0	2	1
2AC179	1	1	06	0B48	0	2	1
2AC17B	1	1	06	0B48	0	2	1
2AC17D	1	1	06	0B48	0	2	1
2AC17F	1	1	06	0B48	0	2	1
2AC181	1	1	06	0B48	0	4	1
2AC185	1	1	06	0B48	0	3	1
2AC188	1	1	06	0B48	0	2	1
2AC18A	1	1	06	0B48	0	2	1
2AC18C	1	1	06	0B48	0	3	1
2AC18F	1	1	06	0B48	0	2	1
2AC191	1	1	06	0B48	0	2	1
2AC193	1	1	06	0B48	0	2	1
2AC195	1	1	06	0B48	0	3	1
2AC198	1	1	06	0B48	0	4	1
2AC19C	1	1	06	0B48	0	2	1
2AC19E	1	1	06	0B48	0	3	1
2AC1A1	1	1	06	0B48	0	2	1
2AC1A3	1	1	06	0B48	0	2	1
2AC1A5	1	1	06	0B48	0	3	1
2AC1A8	1	1	06	0B48	0	2	1
2AC1AA	1	1	06	0B48	0	2	1
2AC1BD	1	1	06	0B48	0	2	1
2AC1BF	1	1	06	0B48	0	2	1
2AC1C1	1	1	06	0B48	0	2	1
2AC1C3	1	1	06	0B48	0	2	1
2AC1C5	0	1	06	0B48	0	3	1
2AC1C8	0	1	06	0B48	0	2	1
2AC1CA	0	1	06	0B48	0	3	1
2AC1CD	0	1	06	0B48	0	2	1
2AC1CF	0	1	06	0B48	0	2	1
2AC1D1	1	1	06	0B48	0	3	1
2AC1D4	1	1	06	0B48	0	2	1
2AC1D6	1	1	06	0B48	0	2	1
2AC1D8	1	1	06	0B48	0	2	1
2AC1DA	1	1	06	0B48	0	4	1
2AC1DE	1	1	06	0B48	0	4	1
2AF104	1	1	06	1518	0	2	1
2AF106	1	1	06	1518	0	2	1
2AF108	1	1	06	1518	0	2	1
2AF10A	1	1	06	1518	0	2	1
2AF10C	0	1	06	1518	0	2	1
2AF10E	0	1	06	1518	0	3	1
2AF111	0	1	06	1518	0	3	1
2AF114	0	1	06	1518	0	1	1
2AF115	0	1	06	1518	0	1	1
2AF116	0	1	06	1518	0	2	1
2AF118	0	1	06	1518	0	3	1
2AF11B	0	1	06	1518	0	2	1
2AF11D	1	1	06	1518	0	4	1
2AF121	1	1	06	1518	0	3	1
2AF124	1	1	06	1518	0	2	1
2AF126	1	1	06	1518	0	2	1
2AF12C	1	1	06	1518	0	2	1
2AF12E	1	1	06	1518	0	4	1
2AF132	1	1	06	1518	0	2	1
2AF134	1	0	06	1518	0	3	1
2AF137	1	0	06	1518	0	4	1
2AF13B	1	0	06	1518	0	2	1
2AF13D	1	0	06	1518	0	3	1
2AF140	1	0	06	1518	0	2	1
2AF142	1	0	06	1518	0	3	1
2AF145	1	0	06	1518	0	2	1
2AF147	1	0	06	1518	0	3	1
2AF14A	1	0	06	1518	0	2	1
2AF14C	1	0	06	1518	0	3	1
2AF14F	1	0	06	1518	0	2	1
2AF151	1	0	06	1518	0	2	1
2AF153	1	0	06	1518	0	3	1
2AF156	1	0	06	1518	0	1	1
2AF157	1	0	06	1518	0	1	1
2AF158	1	0	06	1518	0	2	1
2AF15A	1	0	06	1518	0	3	1
2AF15D	1	0	06	1518	0	1	1
2AF15E	1	0	06	1518	0	2	1
2AF160	0	0	06	1518	0	1	1
2AF161	0	0	06	1518	0	1	1
2AF162	0	0	06	1518	0	1	1
2AF163	0	0	06	1518	0	1	1
2AF164	0	0	06	1518	0	3	1
2AF167	0	0	06	1518	0	3	1
2AF16A	0	0	06	1518	0	3	1
2AF16D	0	0	06	1518	0	3	1
2AF170	0	0	06	1518	0	2	1
2AF172	1	0	06	1518	0	1	1
2AF173	1	0	06	1518	0	1	1
2AF174	1	0	06	1518	0	2	1
2AF176	1	0	06	1518	0	1	1
2AF177	1	1	06	1518	0	3	1
2AF17A	1	1	06	1518	0	2	1
2AF17C	1	1	06	1518	0	2	1
2AF17E	1	1	06	1518	0	3	1
2AF181	1	1	06	1518	0	3	1
2AF184	1	1	06	1518	0	1	1
2AF273	1	1	06	1858	0	4	1
2AF277	1	1	06	1518	0	2	1
2AF279	1	1	06	1518	0	2	1
2AF27B	1	1	06	1518	0	2	1
2AF27D	1	1	06	1518	0	3	1
2AF280	1	1	06	1518	0	2	1
2AF282	1	1	06	1518	0	2	1
2AF284	1	1	06	1518	0	3	1
2AF287	1	1	06	1518	0	2	1
2AF289	0	1	06	1518	0	3	1
2AF28C	0	1	06	1518	0	3	1
2AF28F	0	1	06	1518	0	3	1
2AF292	0	1	06	1518	0	3	1
2AF295	0	1	06	1518	0	2	1
2AF297	1	1	06	1518	0	1	1
2AF298	1	1	06	1818	0	2	1
2AF29A	1	1	06	1818	0	3	1
2AF2A3	1	1	06	1838	0	2	1
2AF2A5	1	1	06	1838	0	2	1
2AF2A7	1	1	06	1838	0	2	1
2AF2A9	1	1	06	1838	0	2	1
2AF2AB	1	1	06	1838	0	2	1
2AF2AD	1	1	06	1838	0	2	1
2AF2AF	1	1	06	1838	0	3	1
2AF2B2	1	1	06	1838	0	2	1
2AF2B4	1	1	06	1838	0	3	1
2AF2B7	1	1	06	1838	0	4	1
2AF2BB	1	1	06	1818	0	2	1
2AF2BD	1	1	06	1818	0	1	1
2AF2BE	1	1	06	1818	0	1	1
2AF2BF	1	1	06	1818	0	3	1
2AF2C2	1	1	06	1818	0	4	1
2AF2C6	1	1	06	1818	0	2	1
2AF2C8	1	1	06	1818	0	2	1
2AF2CA	1	1	06	1818	0	4	1
2AF2CE	1	1	06	1818	0	1	1
2AF2D7	1	1	06	1818	0	2	1
2AF2D9	1	1	06	1818	0	3	1
2AF2DC	1	1	06	1818	0	4	1
2AF2E0	1	1	06	1818	0	1	1
2AF2ED	1	1	06	1818	0	2	1
2AF2EF	1	1	06	1818	0	2	1
2AF2F1	1	1	06	1818	0	2	1
2AF2F3	1	1	06	1818	0	2	1
2AF2F5	1	1	06	1818	0	2	1
2AF2F7	1	1	06	1818	0	2	1
2AF2F9	1	1	06	1818	0	2	1
2AF2FB	1	1	06	1818	0	1	1
2AF2FC	1	1	06	1818	0	3	1
2AF2FF	1	1	06	1818	0	2	1
2AF301	1	1	06	1818	0	2	1
2AF303	1	1	06	1818	0	2	1
2AF305	1	1	06	1818	0	2	1
2AF307	1	1	06	1818	0	2	1
2AF309	1	1	06	1818	0	2	1
2AF30B	1	1	06	1818	0	2	1
2AF30D	1	1	06	1818	0	2	1
2AF30F	1	1	06	1818	0	2	1
2AF311	1	1	06	1818	0	4	1
2AF315	1	1	06	1818	0	2	1
2AF317	0	1	06	1818	0	3	1
2AF31A	0	1	06	1818	0	2	1
2AF31C	0	1	06	1818	0	2	1
2AF31E	1	1	06	1818	0	1	1
2AF31F	1	1	06	1818	0	3	1
2AF322	1	1	06	1818	0	3	1
2AF325	1	1	06	1818	0	3	1
2AF328	1	1	06	1818	0	3	1
2AF32B	1	1	06	1818	0	2	1
2AF32D	1	1	06	1818	0	2	1
2AF32F	1	1	06	1818	0	2	1
2AF331	1	1	06	1818	0	2	1
2AF333	1	1	06	1818	0	1	1
2AF334	1	1	06	1818	0	2	1
2AF336	1	1	06	1818	0	2	1
2AF338	1	1	06	1818	0	2	1
2AF33A	1	1	06	1818	0	3	1
2AF33D	1	1	06	1818	0	2	1
2AF33F	1	1	06	1818	0	2	1
2AF341	1	1	06	1818	0	2	1
2AF343	1	1	06	1818	0	2	1
2AF345	1	1	06	1818	0	2	1
2AF347	1	1	06	1818	0	4	1
2AF34B	1	1	06	1818	0	3	1
2AF34E	1	1	06	1818	0	2	1
2AF350	1	1	06	1818	0	3	1
2AF353	1	1	06	1818	0	3	1
2AF356	1	1	06	1818	0	2	1
2AF358	1	1	06	1818	0	2	1
2AF35A	1	1	06	1818	0	3	1
2AF35D	1	1	06	1818	0	1	1
2AF35E	1	1	06	1818	0	3	1
2AF361	1	1	06	1818	0	3	1
2AF364	1	1	06	1818	0	3	1
2AF367	1	1	06	1818	0	3	1
2AF36A	1	1	06	1818	0	2	1
2AF36C	1	1	06	1818	0	2	1
2AF36E	1	1	06	1818	0	2	1
2AF370	1	1	06	1818	0	2	1
2AF372	1	1	06	1818	0	2	1
2AF374	1	1	06	1818	0	2	1
2AF376	1	1	06	1818	0	3	1
2AF379	1	1	06	1818	0	1	1
2AF37A	1	1	06	1978	0	2	1
2AF37C	0	0	06	1978	0	2	1
2AF37E	0	0	06	1978	0	3	1
2AF381	0	0	06	1978	0	2	1
2AF383	0	0	06	1978	0	3	1
2AF386	0	0	06	1978	0	2	1
2AF388	0	0	06	1978	0	2	1
2AF38A	1	1	06	1978	0	2	1
2AF38C	1	1	06	1978	0	2	1
2AF38E	1	1	06	1978	0	2	1
2AF390	1	1	06	1978	0	2	1
2AF392	1	1	06	1978	0	2	1
2AF394	1	1	06	1978	0	2	1
2AF396	1	1	06	1978	0	4	1
2AF39A	1	1	06	1978	0	2	1
2AF39C	1	1	06	1978	0	4	1
2AF3A0	1	1	06	1978	0	1	1
2AF3A1	1	1	06	1978	0	2	1
2AF3A3	1	1	06	1978	0	2	1
2AF3A5	1	1	06	1978	0	2	1
2AF3A7	1	1	06	1978	0	2	1
2AF3A9	1	1	06	1978	0	1	1
2AF3AA	1	1	06	1858	0	2	1
2AF3AC	1	1	06	1858	0	2	1
2AF3AE	1	1	06	1858	0	2	1
2AF3B0	1	1	06	1858	0	4	1
2AF3B4	1	1	06	1858	0	2	1
2AF3B6	1	1	06	1858	0	2	1
2AF3B8	1	1	06	1858	0	2	1
2AF3BA	0	1	06	1858	0	3	1
2AF3BD	0	1	06	1858	0	3	1
2AF3C0	0	1	06	1858	0	2	1
2AF3C2	0	1	06	1858	0	4	1
2AF3C6	0	1	06	1858	0	3	1
2AF3C9	0	1	06	1858	0	1	1
2AF3CA	0	1	06	1858	0	3	1
2AF3CD	0	1	06	1858	0	2	1
2AF3CF	0	1	06	1858	0	2	1
2AF3D1	0	1	06	1858	0	3	1
2AF3D4	0	1	06	1858	0	1	1
2AF3D5	0	1	06	1858	0	1	1
2AF3D6	0	1	06	1858	0	3	1
2AF3D9	0	1	06	1858	0	2	1
2AF3DB	0	1	06	1858	0	2	1
2AF3DD	1	1	06	1858	0	1	1
2AF3DE	1	1	06	1858	0	2	1
2AF3E0	1	1	06	1858	0	2	1
2AF3E2	1	1	06	1858	0	2	1
2AF3E4	1	1	06	1858	0	2	1
2AF3E6	1	1	06	1858	0	4	1
2AF3EA	1	1	06	1858	0	1	1
2AF3EB	1	1	06	1518	0	3	1
2AF3EE	1	1	06	1518	0	2	1
2AF3F0	1	1	06	1518	0	2	1
2AF3F2	1	1	06	1518	0	3	1
2AF3F5	1	1	06	1518	0	3	1
2AF3F8	1	1	06	1518	0	2	1
2AF3FA	1	1	06	1518	0	2	1
2AF3FC	1	1	06	1518	0	2	1
2AF3FE	0	1	06	1518	0	3	1
2AF401	0	1	06	1518	0	3	1
2AF404	0	1	06	1518	0	3	1
2AF407	0	1	06	1518	0	3	1
2AF40A	0	1	06	1518	0	2	1
2AF40C	1	1	06	1518	0	1	1
2AF4CE	1	1	06	1518	0	3	1
2AF4D1	1	1	06	1518	0	2	1
2AF4D3	1	1	06	1518	0	3	1
2AF4D6	1	1	06	1518	0	2	1
2AF4D8	1	1	06	1518	0	3	1
2AF4DB	1	1	06	1518	0	2	1
2AF4DD	1	1	06	1518	0	3	1
2AF4E0	1	1	06	1518	0	2	1
2AF4E2	1	1	06	1518	0	3	1
2AF4E5	1	1	06	1518	0	4	1
2AF4F3	1	1	06	1818	0	4	1
2AF4F7	1	0	06	1818	0	2	1
2AF4F9	1	0	06	1818	0	3	1
2AF4FC	1	0	06	1818	0	2	1
2AF4FE	1	0	06	1818	0	3	1
2AF501	1	0	06	1818	0	3	1
2AF504	1	0	06	1818	0	2	1
2AF506	1	0	06	1818	0	2	1
2AF508	1	0	06	1818	0	2	1
2AF50A	1	0	06	1818	0	3	1
2AF50D	1	0	06	1818	0	1	1
2AF50E	1	0	06	1818	0	3	1
2AF511	1	0	06	1818	0	2	1
2AF513	1	1	06	1818	0	1	1
2AF514	1	1	06	1818	0	4	1
2AF518	1	0	06	1818	0	2	1
2AF51A	1	0	06	1818	0	3	1
2AF51D	1	0	06	1818	0	2	1
2AF51F	1	0	06	1818	0	3	1
2AF522	1	0	06	1818	0	2	1
2AF524	1	0	06	1818	0	3	1
2AF527	1	0	06	1818	0	3	1
2AF52A	1	0	06	1818	0	2	1
2AF52C	0	0	06	1818	0	1	1
2AF52D	0	0	06	1818	0	3	1
2AF530	0	0	06	1818	0	2	1
2AF532	1	1	06	1818	0	1	1
2AF5C1	1	1	06	1898	0	2	1
2AF5C3	1	1	06	1898	0	1	1
2AF5C4	1	1	06	1898	0	1	1
2AF5C5	1	1	06	1898	0	3	1
2AF5D4	1	1	06	1838	0	2	1
2AF5D6	1	1	06	1838	0	3	1
2AF5DF	1	1	06	1858	0	2	1
2AF5E1	1	1	06	1858	0	2	1
2AF5E3	1	1	06	1858	0	3	1
2AF5E6	1	1	06	1858	0	2	1
2AF5E8	1	1	06	1858	0	3	1
2AF5EB	1	1	06	1858	0	2	1
2AF5ED	1	1	06	1858	0	3	1
2AF5F0	1	1	06	1858	0	2	1
2AF5F2	1	1	06	1858	0	3	1
2AF5F5	1	1	06	1858	0	2	1
2AF5F7	1	1	06	1858	0	3	1
2AF5FA	1	1	06	1858	0	3	1
2AF5FD	1	1	06	1858	0	1	1
2AF5FE	1	1	06	1858	0	4	1
2AF602	1	1	06	1858	0	3	1
2AF605	1	1	06	1858	0	2	1
2AF607	1	1	06	1858	0	4	1
2AF60B	1	1	06	1858	0	2	1
2AF60D	1	1	06	1858	0	2	1
2AF60F	1	1	06	1858	0	4	1
2AF613	1	1	06	1838	0	2	1
2AF615	1	1	06	1838	0	1	1
2AF616	1	1	06	1838	0	1	1
2AF617	1	1	06	1838	0	3	1
2AF626	1	1	06	1838	0	2	1
2AF628	1	1	06	1838	0	3	1
2AF62B	1	1	06	1838	0	4	1
2AF637	1	1	06	1838	0	2	1
2AF639	0	1	06	1838	0	3	1
2AF63C	0	1	06	1838	0	2	1
2AF63E	0	1	06	1838	0	3	1
2AF641	0	1	06	1838	0	2	1
2AF643	0	1	06	1838	0	3	1
2AF646	0	1	06	1838	0	2	1
2AF648	0	1	06	1838	0	2	1
2AF64A	1	1	06	1838	0	2	1
2AF64C	1	0	06	1838	0	3	1
2AF64F	1	0	06	1838	0	4	1
2AF653	1	0	06	1838	0	2	1
2AF655	1	0	06	1838	0	3	1
2AF658	1	0	06	1838	0	2	1
2AF65A	1	0	06	1838	0	3	1
2AF65D	1	0	06	1838	0	1	1
2AF65E	1	0	06	1838	0	1	1
2AF65F	1	0	06	1838	0	2	1
2AF661	1	0	06	1838	0	3	1
2AF664	1	0	06	1838	0	2	1
2AF666	1	0	06	1838	0	3	1
2AF669	1	0	06	1838	0	2	1
2AF66B	1	0	06	1838	0	3	1
2AF66E	1	0	06	1838	0	2	1
2AF670	0	0	06	1838	0	1	1
2AF671	0	0	06	1838	0	3	1
2AF674	0	0	06	1838	0	2	1
2AF676	1	0	06	1838	0	1	1
2AF677	1	0	06	1838	0	2	1
2AF679	1	0	06	1838	0	2	1
2AF67B	1	1	06	1838	0	2	1
2AF67D	1	1	06	1838	0	2	1
2AF67F	1	1	06	1838	0	2	1
2AF681	1	1	06	1838	0	4	1
2AF685	0	1	06	1838	0	2	1
2AF687	1	1	06	1838	0	1	1
2AF688	1	1	06	1838	0	2	1
2AF68A	0	1	06	1838	0	3	1
2AF68D	0	1	06	1838	0	2	1
2AF68F	0	1	06	1838	0	3	1
2AF692	0	1	06	1838	0	2	1
2AF694	0	1	06	1838	0	3	1
2AF697	0	1	06	1838	0	2	1
2AF699	0	1	06	1838	0	2	1
2AF69B	0	1	06	1838	0	2	1
2AF69D	0	1	06	1838	0	3	1
2AF6A0	0	1	06	1838	0	2	1
2AF6A2	0	1	06	1838	0	2	1
2AF6A4	1	1	06	1838	0	4	1
2AF6A8	1	1	06	1838	0	1	1
2AF6A9	1	1	06	1838	0	2	1
2AF6AB	0	1	06	1838	0	2	1
2AF6AD	0	1	06	1838	0	3	1
2AF6B0	0	1	06	1838	0	2	1
2AF6B2	1	1	06	1838	0	2	1
2AF6B4	1	1	06	1838	0	2	1
2AF6B6	1	1	06	1838	0	2	1
2AF6B8	1	1	06	1838	0	3	1
2AF6BB	1	1	06	1838	0	4	1
2AF6BF	1	1	06	1838	0	2	1
2AF6C1	1	1	06	1838	0	2	1
2AF6C3	1	1	06	1838	0	4	1
2AF6C7	1	1	06	1838	0	2	1
2AF6C9	1	0	06	1838	0	3	1
2AF6CC	1	0	06	1838	0	4	1
2AF6D0	1	0	06	1838	0	2	1
2AF6D2	1	0	06	1838	0	3	1
2AF6D5	1	0	06	1838	0	2	1
2AF6D7	1	0	06	1838	0	3	1
2AF6DA	1	0	06	1838	0	1	1
2AF6DB	1	0	06	1838	0	1	1
2AF6DC	1	0	06	1838	0	2	1
2AF6DE	1	0	06	1838	0	3	1
2AF6E1	1	0	06	1838	0	2	1
2AF6E3	1	0	06	1838	0	3	1
2AF6E6	1	0	06	1838	0	3	1
2AF6E9	1	0	06	1838	0	1	1
2AF6EA	1	0	06	1838	0	2	1
2AF6EC	1	0	06	1838	0	3	1
2AF6EF	1	0	06	1838	0	4	1
2AF6F3	1	0	06	1838	0	2	1
2AF6F5	1	0	06	1838	0	3	1
2AF6F8	1	0	06	1838	0	2	1
2AF6FA	1	0	06	1838	0	3	1
2AF6FD	1	0	06	1838	0	4	1
2AF701	1	0	06	1838	0	2	1
2AF703	1	0	06	1838	0	1	1
2AF704	1	0	06	1838	0	2	1
2AF706	1	0	06	1838	0	3	1
2AF709	1	0	06	1838	0	2	1
2AF70B	1	0	06	1838	0	3	1
2AF70E	1	0	06	1838	0	3	1
2AF711	1	0	06	1838	0	1	1
2AF712	1	0	06	1838	0	2	1
2AF714	1	0	06	1838	0	2	1
2AF716	1	1	06	1838	0	4	1
2AF71A	1	1	06	1838	0	1	1
2AF71B	1	1	06	1858	0	2	1
2AF71D	1	1	06	1858	0	3	1
2AF720	1	1	06	1858	0	4	1
2AF724	1	1	06	1858	0	4	1
2AF732	1	1	06	1858	0	2	1
2AF734	0	1	06	1858	0	3	1
2AF737	0	1	06	1858	0	3	1
2AF73A	0	1	06	1858	0	2	1
2AF73C	0	1	06	1858	0	3	1
2AF73F	0	1	06	1858	0	1	1
2AF740	0	1	06	1858	0	3	1
2AF743	0	1	06	1858	0	2	1
2AF745	0	1	06	1858	0	3	1
2AF748	0	1	06	1858	0	3	1
2AF74B	0	1	06	1858	0	2	1
2AF74D	0	1	06	1858	0	2	1
2AF74F	0	1	06	1858	0	2	1
2AF751	0	1	06	1858	0	3	1
2AF754	0	1	06	1858	0	2	1
2AF756	0	1	06	1858	0	2	1
2AF758	1	1	06	1858	0	1	1
2AF759	1	1	06	1858	0	2	1
2AF75B	0	1	06	1858	0	3	1
2AF75E	0	1	06	1858	0	3	1
2AF761	0	1	06	1858	0	2	1
2AF763	0	1	06	1858	0	2	1
2AF765	1	1	06	1858	0	2	1
2AF767	1	1	06	1858	0	2	1
2AF769	1	1	06	1858	0	2	1
2AF76B	1	1	06	1858	0	4	1
2AF76F	1	0	06	1858	0	2	1
2AF771	1	0	06	1858	0	3	1
2AF774	1	0	06	1858	0	2	1
2AF776	1	0	06	1858	0	3	1
2AF779	1	0	06	1858	0	2	1
2AF77B	1	0	06	1858	0	3	1
2AF77E	1	0	06	1858	0	2	1
2AF780	0	0	06	1858	0	1	1
2AF781	0	0	06	1858	0	3	1
2AF784	0	0	06	1858	0	2	1
2AF786	0	0	06	1858	0	2	1
2AF788	0	0	06	1858	0	3	1
2AF78B	0	0	06	1858	0	2	1
2AF78D	1	1	06	1858	0	4	1
2AF791	1	1	06	1858	0	1	1
2AF792	1	1	06	1858	0	2	1
2AF794	0	0	06	1858	0	2	1
2AF796	0	0	06	1858	0	3	1
2AF799	0	0	06	1858	0	2	1
2AF79B	0	0	06	1858	0	2	1
2AF79D	1	1	06	1858	0	2	1
2AF79F	1	1	06	1858	0	2	1
2AF7A1	1	1	06	1858	0	2	1
2AF7A3	1	1	06	1858	0	4	1
2AF7A7	1	1	06	1858	0	2	1
2AF7A9	1	1	06	1858	0	2	1
2AF7AB	1	1	06	1858	0	2	1
2AF7AD	1	1	06	1858	0	2	1
2AF7AF	1	1	06	1858	0	2	1
2AF7B1	1	1	06	1858	0	2	1
2AF7B3	0	1	06	1858	0	3	1
2AF7B6	0	1	06	1858	0	2	1
2AF7B8	0	1	06	1858	0	2	1
2AF7BA	1	1	06	1858	0	4	1
2AF7BE	1	1	06	1858	0	1	1
2AF7BF	1	1	06	1858	0	2	1
2AF7C1	0	1	06	1858	0	3	1
2AF7C4	0	1	06	1858	0	3	1
2AF7C7	0	1	06	1858	0	2	1
2AF7C9	0	1	06	1858	0	2	1
2AF7CB	1	1	06	1858	0	2	1
2AF7CD	1	1	06	1858	0	2	1
2AF7CF	1	1	06	1858	0	2	1
2AF7D1	1	1	06	1858	0	2	1
2AF7D3	1	1	06	1858	0	2	1
2AF7D5	1	1	06	1858	0	2	1
2AF7D7	1	1	06	1858	0	2	1
2AF7D9	1	1	06	1858	0	1	1
2AF7DA	1	1	06	1858	0	2	1
2AF7DC	1	1	06	1858	0	2	1
2AF7DE	1	1	06	1858	0	2	1
2AF7E0	1	1	06	1858	0	2	1
2AF7E2	1	1	06	1858	0	2	1
2AF7E4	1	1	06	1858	0	2	1
2AF7E6	1	1	06	1858	0	2	1
2AF7E8	1	1	06	1858	0	2	1
2AF7EA	1	1	06	1858	0	2	1
2AF7EC	1	1	06	1858	0	2	1
2AF7EE	1	1	06	1858	0	2	1
2AF7F2	1	1	06	1858	0	4	1
2AF7F6	1	1	06	1858	0	3	1
2AF7F9	1	1	06	1858	0	2	1
2AF7FB	1	1	06	1858	0	2	1
2AF7FD	1	1	06	1858	0	4	1
2AF801	1	0	06	1858	0	2	1
2AF803	1	0	06	1858	0	3	1
2AF806	1	0	06	1858	0	2	1
2AF808	1	0	06	1858	0	3	1
2AF80B	1	0	06	1858	0	3	1
2AF80E	1	0	06	1858	0	2	1
2AF810	1	0	06	1858	0	3	1
2AF813	1	0	06	1858	0	2	1
2AF815	0	0	06	1858	0	4	1
2AF819	0	0	06	1858	0	3	1
2AF81C	0	0	06	1858	0	1	1
2AF81D	0	0	06	1858	0	3	1
2AF820	0	0	06	1858	0	1	1
2AF821	0	0	06	1858	0	2	1
2AF823	0	0	06	1858	0	3	1
2AF826	0	0	06	1858	0	4	1
2AF82A	0	0	06	1858	0	3	1
2AF82D	0	0	06	1858	0	1	1
2AF82E	0	0	06	1858	0	3	1
2AF831	0	0	06	1858	0	1	1
2AF832	0	0	06	1858	0	2	1
2AF834	0	0	06	1858	0	3	1
2AF837	0	0	06	1858	0	2	1
2AF839	1	1	06	1858	0	1	1
2AF83A	1	1	06	1858	0	2	1
2AF83C	1	1	06	1858	0	2	1
2AF83E	1	1	06	1858	0	3	1
2AF841	1	1	06	1858	0	1	1
2AF842	1	1	06	1858	0	2	1
2AF844	1	1	06	1858	0	2	1
2AF846	1	1	06	1858	0	2	1
2AF848	1	1	06	1858	0	2	1
2AF84A	1	1	06	1858	0	2	1
2AF84C	1	1	06	1858	0	2	1
2AF84E	1	1	06	1858	0	2	1
2AF850	1	1	06	1858	0	2	1
2AF852	1	0	06	1858	0	3	1
2AF855	1	0	06	1858	0	4	1
2AF859	1	0	06	1858	0	2	1
2AF85B	1	0	06	1858	0	3	1
2AF85E	1	0	06	1858	0	2	1
2AF860	1	0	06	1858	0	3	1
2AF863	1	0	06	1858	0	4	1
2AF867	1	0	06	1858	0	1	1
2AF868	1	0	06	1858	0	2	1
2AF86A	1	0	06	1858	0	1	1
2AF86B	1	0	06	1858	0	2	1
2AF86D	1	0	06	1858	0	1	1
2AF86E	1	0	06	1858	0	3	1
2AF871	1	0	06	1858	0	3	1
2AF874	1	0	06	1858	0	2	1
2AF876	1	0	06	1858	0	3	1
2AF879	1	0	06	1858	0	3	1
2AF87C	1	0	06	1858	0	1	1
2AF87D	1	0	06	1858	0	2	1
2AF87F	1	0	06	1858	0	2	1
2AF881	1	1	06	1858	0	1	1
2AF882	1	1	06	1858	0	2	1
2AF884	0	1	06	1858	0	3	1
2AF887	0	1	06	1858	0	3	1
2AF88A	0	1	06	1858	0	3	1
2AF88D	0	1	06	1858	0	3	1
2AF890	0	1	06	1858	0	3	1
2AF893	0	1	06	1858	0	3	1
2AF896	0	1	06	1858	0	2	1
2AF898	1	1	06	1858	0	2	1
2AF89A	1	1	06	1858	0	3	1
2AF89D	1	1	06	1858	0	4	1
2AF8A1	1	1	06	1858	0	4	1
2AF8A5	1	1	06	1858	0	1	1
2AF8A6	1	1	06	1858	0	2	1
2AF8A8	0	1	06	1858	0	3	1
2AF8AB	0	1	06	1858	0	2	1
2AF8AD	0	1	06	1858	0	3	1
2AF8B0	0	1	06	1858	0	2	1
2AF8B2	0	1	06	1858	0	2	1
2AF8B4	1	1	06	1858	0	4	1
2AF8B8	1	1	06	1878	0	2	1
2AF8BA	1	1	06	1878	0	3	1
2AF8BD	1	1	06	1878	0	4	1
2AF8C1	1	1	06	1878	0	4	1
2AF8CB	1	1	06	1878	0	2	1
2AF8CD	1	1	06	1878	0	2	1
2AF8CF	1	1	06	1878	0	2	1
2AF8D1	0	1	06	1878	0	3	1
2AF8D4	0	1	06	1878	0	3	1
2AF8D7	0	1	06	1878	0	2	1
2AF8D9	0	1	06	1878	0	3	1
2AF8DC	0	1	06	1878	0	1	1
2AF8DD	0	1	06	1878	0	3	1
2AF8E0	0	1	06	1878	0	2	1
2AF8E2	0	1	06	1878	0	3	1
2AF8E5	0	1	06	1878	0	2	1
2AF8E7	0	1	06	1878	0	2	1
2AF8E9	1	1	06	1878	0	1	1
2AF8EA	1	1	06	1878	0	4	1
2AF8EE	1	1	06	1878	0	2	1
2AF8F0	0	1	06	1878	0	3	1
2AF8F3	0	1	06	1878	0	3	1
2AF8F6	0	1	06	1878	0	2	1
2AF8F8	0	1	06	1878	0	2	1
2AF8FA	0	1	06	1878	0	2	1
2AF8FC	0	1	06	1878	0	2	1
2AF8FE	0	1	06	1878	0	3	1
2AF901	0	1	06	1878	0	2	1
2AF903	0	1	06	1878	0	2	1
2AF905	1	1	06	1878	0	1	1
2AF906	1	1	06	1878	0	4	1
2AF90A	1	1	06	1878	0	2	1
2AF90C	0	1	06	1878	0	3	1
2AF90F	0	1	06	1878	0	3	1
2AF912	0	1	06	1878	0	2	1
2AF914	0	1	06	1878	0	2	1
2AF916	0	1	06	1878	0	2	1
2AF918	0	1	06	1878	0	2	1
2AF91A	0	1	06	1878	0	3	1
2AF91D	0	1	06	1878	0	2	1
2AF91F	0	1	06	1878	0	2	1
2AF921	1	1	06	1878	0	1	1
2AF922	1	1	06	1898	0	4	1
2AF926	1	1	06	1918	0	2	1
2AF928	1	1	06	1918	0	3	1
2AF931	1	1	06	1918	0	2	1
2AF933	1	1	06	1918	0	2	1
2AF935	1	1	06	1918	0	4	1
2AF939	1	1	06	1918	0	2	1
2AF93B	1	1	06	1918	0	4	1
2AF93F	1	1	06	1918	0	2	1
2AF941	1	1	06	1918	0	2	1
2AF943	1	1	06	1918	0	2	1
2AF945	1	1	06	1918	0	2	1
2AF947	0	1	06	1918	0	3	1
2AF94A	0	1	06	1918	0	3	1
2AF94D	0	1	06	1918	0	2	1
2AF94F	0	1	06	1918	0	3	1
2AF952	0	1	06	1918	0	2	1
2AF954	0	1	06	1918	0	2	1
2AF956	1	1	06	1918	0	2	1
2AF958	1	1	06	1918	0	2	1
2AF95A	1	1	06	1918	0	2	1
2AF95C	1	1	06	1918	0	4	1
2AF960	1	1	06	1918	0	2	1
2AF962	1	1	06	1918	0	3	1
2AF965	1	1	06	1918	0	4	1
2AF96F	1	1	06	1918	0	2	1
2AF971	0	0	06	1918	0	2	1
2AF973	0	0	06	1918	0	3	1
2AF976	0	0	06	1918	0	2	1
2AF978	0	0	06	1918	0	2	1
2AF97A	1	1	06	1918	0	2	1
2AF97C	1	1	06	1918	0	2	1
2AF97E	1	1	06	1918	0	2	1
2AF980	1	1	06	1918	0	4	1
2AF984	1	1	06	1918	0	1	1
2AF985	1	1	06	1918	0	2	1
2AF987	1	1	06	1918	0	2	1
2AF989	1	1	06	1918	0	1	1
2AF98A	1	1	06	1918	0	2	1
2AF98C	1	1	06	1918	0	2	1
2AF98E	1	1	06	1918	0	2	1
2AF990	1	1	06	1918	0	2	1
2AF992	1	1	06	1918	0	4	1
2AF996	1	1	06	1918	0	1	1
2AF997	1	1	06	1898	0	2	1
2AF999	1	1	06	1898	0	3	1
2AF9A2	1	1	06	1898	0	2	1
2AF9A4	1	1	06	1898	0	2	1
2AF9A6	1	1	06	1898	0	4	1
2AF9AA	1	1	06	1898	0	2	1
2AF9AC	1	1	06	1898	0	4	1
2AF9B0	1	1	06	1898	0	2	1
2AF9B2	1	1	06	1898	0	2	1
2AF9B4	1	1	06	1898	0	2	1
2AF9B6	1	1	06	1898	0	4	1
2AF9BA	1	1	06	1898	0	2	1
2AF9BC	1	1	06	1898	0	2	1
2AF9BE	1	1	06	1898	0	1	1
2AF9BF	1	1	06	1898	0	4	1
2AF9C3	1	1	06	1898	0	2	1
2AF9C5	1	1	06	1898	0	3	1
2AF9C8	1	1	06	1898	0	2	1
2AF9CA	1	1	06	1898	0	2	1
2AF9CC	0	1	06	1898	0	3	1
2AF9CF	0	1	06	1898	0	3	1
2AF9D2	0	1	06	1898	0	2	1
2AF9D4	0	1	06	1898	0	4	1
2AF9D8	0	1	06	1898	0	3	1
2AF9DB	0	1	06	1898	0	1	1
2AF9DC	0	1	06	1898	0	3	1
2AF9DF	0	1	06	1898	0	2	1
2AF9E1	0	1	06	1898	0	2	1
2AF9E3	0	1	06	1898	0	3	1
2AF9E6	0	1	06	1898	0	1	1
2AF9E7	0	1	06	1898	0	1	1
2AF9E8	0	1	06	1898	0	3	1
2AF9EB	0	1	06	1898	0	2	1
2AF9ED	0	1	06	1898	0	2	1
2AF9EF	1	1	06	1898	0	2	1
2AF9F1	1	1	06	1898	0	2	1
2AF9F3	1	1	06	1898	0	2	1
2AF9F5	1	1	06	18D8	0	2	1
2AF9F7	1	1	06	18D8	0	4	1
2AF9FB	1	1	06	1898	0	2	1
2AF9FD	0	1	06	1898	0	3	1
2AFA00	0	1	06	1898	0	2	1
2AFA02	0	1	06	1898	0	2	1
2AFA04	1	1	06	1898	0	2	1
2AFA06	1	1	06	1878	0	2	1
2AFA08	1	1	06	1878	0	2	1
2AFA0A	1	1	06	1898	0	4	1
2AFA0E	1	1	06	1898	0	4	1
2AFA12	1	0	06	1838	0	1	1
2AFA13	1	0	06	1838	0	2	1
2AFA15	0	0	06	1838	0	2	1
2AFA17	0	0	06	1838	0	3	1
2AFA1A	0	0	06	1838	0	2	1
2AFA1C	0	0	06	1838	0	3	1
2AFA1F	0	0	06	1838	0	4	1
2AFA23	0	0	06	1838	0	3	1
2AFA26	0	0	06	1838	0	1	1
2AFA27	0	0	06	1838	0	3	1
2AFA2A	0	0	06	1838	0	1	1
2AFA2B	0	0	06	1838	0	3	1
2AFA2E	0	0	06	1838	0	3	1
2AFA31	0	0	06	1838	0	4	1
2AFA35	0	0	06	1838	0	3	1
2AFA38	0	0	06	1838	0	1	1
2AFA39	0	0	06	1838	0	3	1
2AFA3C	0	0	06	1838	0	3	1
2AFA3F	0	0	06	1838	0	3	1
2AFA42	0	0	06	1838	0	3	1
2AFA45	0	0	06	1838	0	2	1
2AFA47	1	0	06	1838	0	1	1
2AFA48	1	0	06	1838	0	1	1
